subject,recording,stage,status,error,timestamp,duration
S002,R01,LOAD,SUCCESS,,2026-09-23T21:55:30.670168,0.142
S002,R01,PREPROCESSING,SUCCESS,,2026-09-23T21:55:32.210942,1.494
S002,R01,ICA,SUCCESS,,2026-09-23T21:56:35.505502,63.279
S002,R01,ICLabel,SUCCESS,,2026-09-23T21:57:01.039813,25.519
S002,R01,PSD,SUCCESS,,2026-09-23T21:57:01.617456,0.501
S002,R01,ALICE,SUCCESS,,2026-09-23T21:57:02.435209,0.818
S002,R01,FEATURES,SUCCESS,,2026-09-23T21:57:07.868414,5.428
S002,R01,FUSION,SUCCESS,,2026-09-23T21:57:08.290198,0.404
S002,R01,NEUROAGENT,SUCCESS,,2026-09-23T21:57:08.458929,0.126
S002,R01,RECONSTRUCTION,SUCCESS,,2026-09-23T21:57:08.996523,0.505
S002,R01,QUALITY,SUCCESS,,2026-09-23T21:57:09.841268,0.829
S002,R01,TOTAL,SUCCESS,,2026-09-23T21:57:09.871786,99.343
S002,R02,LOAD,SUCCESS,,2026-09-24T05:23:48.875323,0.025
S002,R02,LOAD,FAILED,'charmap' codec can't encode character '\u2713' in position 21: character maps to <undefined>,2026-09-24T05:23:48.883696,0.033
S002,R02,LOAD,SUCCESS,,2026-09-24T05:24:18.543333,0.015
S002,R02,PREPROCESSING,SUCCESS,,2026-09-24T05:24:18.763623,0.22
S002,R02,ICA,SUCCESS,,2026-09-24T05:24:38.252170,19.479
S002,R02,ICLabel,SUCCESS,,2026-09-24T05:24:47.535699,9.276
S002,R02,PSD,SUCCESS,,2026-09-24T05:24:47.692058,0.136
S002,R02,ALICE,SUCCESS,,2026-09-24T05:24:47.919108,0.223
S002,R02,FEATURES,SUCCESS,,2026-09-24T05:24:48.713314,0.791
S002,R02,FUSION,SUCCESS,,2026-09-24T05:24:48.746413,0.025
S002,R02,NEUROAGENT,SUCCESS,,2026-09-24T05:24:48.771151,0.025
S002,R02,RECONSTRUCTION,SUCCESS,,2026-09-24T05:24:48.837430,0.066
S002,R02,QUALITY,SUCCESS,,2026-09-24T05:24:49.019977,0.183
S002,R02,TOTAL,SUCCESS,,2026-09-24T05:24:49.028203,30.5
S003,R01,LOAD,SUCCESS,,2026-09-24T05:25:26.730501,0.027
S003,R01,PREPROCESSING,SUCCESS,,2026-09-24T05:25:26.989943,0.249
S003,R01,ICA,SUCCESS,,2026-09-24T05:25:43.910872,16.921
S003,R01,ICLabel,SUCCESS,,2026-09-24T05:25:49.498985,5.583
S003,R01,PSD,SUCCESS,,2026-09-24T05:25:49.685920,0.163
S003,R01,ALICE,SUCCESS,,2026-09-24T05:25:49.858118,0.166
S003,R01,FEATURES,SUCCESS,,2026-09-24T05:25:50.342245,0.481
S003,R01,FUSION,SUCCESS,,2026-09-24T05:25:50.378985,0.028
S003,R01,NEUROAGENT,SUCCESS,,2026-09-24T05:25:50.383318,0.0
S003,R01,RECONSTRUCTION,SUCCESS,,2026-09-24T05:25:50.424910,0.033
S003,R01,QUALITY,SUCCESS,,2026-09-24T05:25:50.548079,0.121
S003,R01,TOTAL,SUCCESS,,2026-09-24T05:25:50.549844,23.846
S003,R02,LOAD,SUCCESS,,2026-09-24T13:45:08.430527,0.043
S003,R02,PREPROCESSING,SUCCESS,,2026-09-24T13:45:08.821497,0.391
S003,R02,ICA,SUCCESS,,2026-09-24T13:45:20.704310,11.883
S003,R02,ICLabel,SUCCESS,,2026-09-24T13:45:27.864770,7.156
S003,R02,PSD,SUCCESS,,2026-09-24T13:45:28.006318,0.125
S003,R02,ALICE,SUCCESS,,2026-09-24T13:45:28.129511,0.123
S003,R02,FEATURES,SUCCESS,,2026-09-24T13:45:28.546178,0.417
S003,R02,FUSION,SUCCESS,,2026-09-24T13:45:28.579673,0.027
S003,R02,NEUROAGENT,SUCCESS,,2026-09-24T13:45:28.587825,0.005
S003,R02,RECONSTRUCTION,SUCCESS,,2026-09-24T13:45:28.632930,0.045
S003,R02,QUALITY,SUCCESS,,2026-09-24T13:45:28.946425,0.309
S003,R02,TOTAL,SUCCESS,,2026-09-24T13:45:28.946425,20.558
S004,R01,LOAD,SUCCESS,,2026-09-24T13:47:58.759081,0.017
S004,R01,PREPROCESSING,SUCCESS,,2026-09-24T13:47:58.908772,0.142
S004,R01,ICA,SUCCESS,,2026-09-24T13:48:18.041454,19.133
S004,R01,ICLabel,SUCCESS,,2026-09-24T13:48:22.643409,4.602
S004,R01,PSD,SUCCESS,,2026-09-24T13:48:22.772232,0.112
S004,R01,ALICE,SUCCESS,,2026-09-24T13:48:22.891519,0.117
S004,R01,FEATURES,SUCCESS,,2026-09-24T13:48:23.299836,0.408
S004,R01,FUSION,SUCCESS,,2026-09-24T13:48:23.316538,0.013
S004,R01,NEUROAGENT,SUCCESS,,2026-09-24T13:48:23.329659,0.013
S004,R01,RECONSTRUCTION,SUCCESS,,2026-09-24T13:48:23.366545,0.036
S004,R01,QUALITY,SUCCESS,,2026-09-24T13:48:23.466272,0.098
S004,R01,TOTAL,SUCCESS,,2026-09-24T13:48:23.475227,24.733
S002,R03,LOAD,SUCCESS,,2026-09-24T14:17:03.969604,0.042
S002,R03,PREPROCESSING,SUCCESS,,2026-09-24T14:17:04.219503,0.25
S002,R03,ICA,SUCCESS,,2026-09-24T14:17:16.045042,11.826
S002,R03,ICLabel,SUCCESS,,2026-09-24T14:17:21.602346,5.557
S002,R03,PSD,SUCCESS,,2026-09-24T14:17:21.851633,0.2
S002,R03,ALICE,SUCCESS,,2026-09-24T14:17:22.038490,0.183
S002,R03,FEATURES,SUCCESS,,2026-09-24T14:17:22.827275,0.789
S002,R03,FUSION,SUCCESS,,2026-09-24T14:17:24.358365,0.04
S002,R03,NEUROAGENT,SUCCESS,,2026-09-24T14:17:24.383347,0.021
S002,R03,RECONSTRUCTION,SUCCESS,,2026-09-24T14:17:24.510724,0.123
S002,R03,QUALITY,SUCCESS,,2026-09-24T14:17:24.677203,0.162
S002,R03,TOTAL,SUCCESS,,2026-09-24T14:17:24.677203,20.749
S002,R04,LOAD,SUCCESS,,2026-09-24T14:38:55.381093,0.06
S002,R04,PREPROCESSING,SUCCESS,,2026-09-24T14:38:55.746053,0.357
S002,R04,ICA,SUCCESS,,2026-09-24T14:39:22.395157,26.649
S002,R04,ICLabel,SUCCESS,,2026-09-24T14:39:31.583607,9.173
S002,R04,PSD,SUCCESS,,2026-09-24T14:39:31.797351,0.168
S002,R04,ALICE,SUCCESS,,2026-09-24T14:39:31.974145,0.177
S002,R04,FEATURES,SUCCESS,,2026-09-24T14:39:32.638304,0.662
S002,R04,FUSION,SUCCESS,,2026-09-24T14:39:34.326572,0.051
S002,R04,NEUROAGENT,SUCCESS,,2026-09-24T14:39:34.355915,0.027
S002,R04,RECONSTRUCTION,SUCCESS,,2026-09-24T14:39:34.455291,0.097
S002,R04,QUALITY,SUCCESS,,2026-09-24T14:39:34.624009,0.169
S002,R04,TOTAL,SUCCESS,,2026-09-24T14:39:34.624009,39.303
S002,R05,LOAD,SUCCESS,,2026-09-24T14:39:34.788831,0.055
S002,R05,PREPROCESSING,SUCCESS,,2026-09-24T14:39:34.978399,0.183
S002,R05,ICA,SUCCESS,,2026-09-24T14:39:51.345982,16.365
S002,R05,ICLabel,SUCCESS,,2026-09-24T14:39:53.947776,2.601
S002,R05,PSD,SUCCESS,,2026-09-24T14:39:54.236800,0.244
S002,R05,ALICE,SUCCESS,,2026-09-24T14:39:54.545182,0.303
S002,R05,FEATURES,SUCCESS,,2026-09-24T14:39:55.345255,0.792
S002,R05,FUSION,SUCCESS,,2026-09-24T14:39:56.783706,0.029
S002,R05,NEUROAGENT,SUCCESS,,2026-09-24T14:39:56.806295,0.018
S002,R05,RECONSTRUCTION,SUCCESS,,2026-09-24T14:39:56.907940,0.1
S002,R05,QUALITY,SUCCESS,,2026-09-24T14:39:57.067433,0.154
S002,R05,TOTAL,SUCCESS,,2026-09-24T14:39:57.067433,22.334
S002,R06,LOAD,SUCCESS,,2026-09-24T14:39:57.255254,0.065
S002,R06,PREPROCESSING,SUCCESS,,2026-09-24T14:39:57.420603,0.165
S002,R06,ICA,SUCCESS,,2026-09-24T14:40:10.280160,12.86
S002,R06,ICLabel,SUCCESS,,2026-09-24T14:40:12.685205,2.39
S002,R06,PSD,SUCCESS,,2026-09-24T14:40:12.953883,0.226
S002,R06,ALICE,SUCCESS,,2026-09-24T14:40:13.354397,0.401
S002,R06,FEATURES,SUCCESS,,2026-09-24T14:40:14.611016,1.241
S002,R06,FUSION,SUCCESS,,2026-09-24T14:40:16.136288,0.036
S002,R06,NEUROAGENT,SUCCESS,,2026-09-24T14:40:16.157389,0.018
S002,R06,RECONSTRUCTION,SUCCESS,,2026-09-24T14:40:16.266997,0.106
S002,R06,QUALITY,SUCCESS,,2026-09-24T14:40:16.422341,0.153
S002,R06,TOTAL,SUCCESS,,2026-09-24T14:40:16.424349,19.234
S002,R07,LOAD,SUCCESS,,2026-09-24T14:40:16.579328,0.051
S002,R07,PREPROCESSING,SUCCESS,,2026-09-24T14:40:16.756181,0.172
S002,R07,ICA,SUCCESS,,2026-09-24T14:40:27.760236,10.999
S002,R07,ICLabel,SUCCESS,,2026-09-24T14:40:30.322666,2.562
S002,R07,PSD,SUCCESS,,2026-09-24T14:40:30.602749,0.239
S002,R07,ALICE,SUCCESS,,2026-09-24T14:40:30.799331,0.197
S002,R07,FEATURES,SUCCESS,,2026-09-24T14:40:31.518388,0.717
S002,R07,FUSION,SUCCESS,,2026-09-24T14:40:33.064905,0.036
S002,R07,NEUROAGENT,SUCCESS,,2026-09-24T14:40:33.082350,0.013
S002,R07,RECONSTRUCTION,SUCCESS,,2026-09-24T14:40:33.173449,0.086
S002,R07,QUALITY,SUCCESS,,2026-09-24T14:40:33.345125,0.166
S002,R07,TOTAL,SUCCESS,,2026-09-24T14:40:33.345125,16.817
S002,R08,LOAD,SUCCESS,,2026-09-24T14:40:33.526786,0.058
S002,R08,PREPROCESSING,SUCCESS,,2026-09-24T14:40:33.676588,0.146
S002,R08,ICA,SUCCESS,,2026-09-24T14:41:06.488384,32.803
S002,R08,ICLabel,SUCCESS,,2026-09-24T14:41:08.814743,2.326
S002,R08,PSD,SUCCESS,,2026-09-24T14:41:09.080668,0.192
S002,R08,ALICE,SUCCESS,,2026-09-24T14:41:09.283246,0.201
S002,R08,FEATURES,SUCCESS,,2026-09-24T14:41:09.910752,0.626
S002,R08,FUSION,SUCCESS,,2026-09-24T14:41:11.312511,0.031
S002,R08,NEUROAGENT,SUCCESS,,2026-09-24T14:41:11.335397,0.021
S002,R08,RECONSTRUCTION,SUCCESS,,2026-09-24T14:41:11.441717,0.102
S002,R08,QUALITY,SUCCESS,,2026-09-24T14:41:11.608818,0.163
S002,R08,TOTAL,SUCCESS,,2026-09-24T14:41:11.608818,38.14
S002,R09,LOAD,SUCCESS,,2026-09-24T14:41:11.786852,0.07
S002,R09,PREPROCESSING,SUCCESS,,2026-09-24T14:41:11.967299,0.176
S002,R09,ICA,SUCCESS,,2026-09-24T14:41:24.993142,13.023
S002,R09,ICLabel,SUCCESS,,2026-09-24T14:41:27.348876,2.356
S002,R09,PSD,SUCCESS,,2026-09-24T14:41:27.587930,0.195
S002,R09,ALICE,SUCCESS,,2026-09-24T14:41:27.763479,0.176
S002,R09,FEATURES,SUCCESS,,2026-09-24T14:41:28.433416,0.67
S002,R09,FUSION,SUCCESS,,2026-09-24T14:41:29.737000,0.038
S002,R09,NEUROAGENT,SUCCESS,,2026-09-24T14:41:29.758490,0.011
S002,R09,RECONSTRUCTION,SUCCESS,,2026-09-24T14:41:29.841729,0.08
S002,R09,QUALITY,SUCCESS,,2026-09-24T14:41:30.076043,0.23
S002,R09,TOTAL,SUCCESS,,2026-09-24T14:41:30.083445,18.367
S002,R10,LOAD,SUCCESS,,2026-09-24T14:41:30.261386,0.05
S002,R10,PREPROCESSING,SUCCESS,,2026-09-24T14:41:30.413336,0.146
S002,R10,ICA,SUCCESS,,2026-09-24T14:41:53.440517,23.027
S002,R10,ICLabel,SUCCESS,,2026-09-24T14:42:07.041915,13.589
S002,R10,PSD,SUCCESS,,2026-09-24T14:42:07.787129,0.669
S002,R10,ALICE,SUCCESS,,2026-09-24T14:42:08.772719,0.983
S002,R10,FEATURES,SUCCESS,,2026-09-24T14:42:13.145196,4.364
S002,R10,FUSION,SUCCESS,,2026-09-24T14:42:17.029171,0.081
S002,R10,NEUROAGENT,SUCCESS,,2026-09-24T14:42:17.086058,0.051
S002,R10,RECONSTRUCTION,SUCCESS,,2026-09-24T14:42:17.279496,0.185
S002,R10,QUALITY,SUCCESS,,2026-09-24T14:42:17.875184,0.594
S002,R10,TOTAL,SUCCESS,,2026-09-24T14:42:17.884231,47.675
S002,R11,LOAD,SUCCESS,,2026-09-24T14:42:18.540500,0.391
S002,R11,PREPROCESSING,SUCCESS,,2026-09-24T14:42:19.291208,0.739
S002,R11,ICA,SUCCESS,,2026-09-24T14:43:07.195095,47.895
S002,R11,ICLabel,SUCCESS,,2026-09-24T14:43:13.211473,6.002
S002,R11,PSD,SUCCESS,,2026-09-24T14:43:13.449724,0.196
S002,R11,ALICE,SUCCESS,,2026-09-24T14:43:13.758919,0.307
S002,R11,FEATURES,SUCCESS,,2026-09-24T14:43:14.639882,0.865
S002,R11,FUSION,SUCCESS,,2026-09-24T14:43:16.098840,0.04
S002,R11,NEUROAGENT,SUCCESS,,2026-09-24T14:43:16.120737,0.018
S002,R11,RECONSTRUCTION,SUCCESS,,2026-09-24T14:43:16.215329,0.092
S002,R11,QUALITY,SUCCESS,,2026-09-24T14:43:16.360749,0.141
S002,R11,TOTAL,SUCCESS,,2026-09-24T14:43:16.362508,58.213
S002,R12,LOAD,SUCCESS,,2026-09-24T14:43:16.539535,0.065
S002,R12,PREPROCESSING,SUCCESS,,2026-09-24T14:43:16.710132,0.168
S002,R12,ICA,SUCCESS,,2026-09-24T14:43:27.715821,11.002
S002,R12,ICLabel,SUCCESS,,2026-09-24T14:43:29.949843,2.232
S002,R12,PSD,SUCCESS,,2026-09-24T14:43:30.185610,0.196
S002,R12,ALICE,SUCCESS,,2026-09-24T14:43:30.332197,0.145
S002,R12,FEATURES,SUCCESS,,2026-09-24T14:43:30.985397,0.653
S002,R12,FUSION,SUCCESS,,2026-09-24T14:43:32.311275,0.037
S002,R12,NEUROAGENT,SUCCESS,,2026-09-24T14:43:32.334711,0.02
S002,R12,RECONSTRUCTION,SUCCESS,,2026-09-24T14:43:32.410924,0.072
S002,R12,QUALITY,SUCCESS,,2026-09-24T14:43:32.569892,0.156
S002,R12,TOTAL,SUCCESS,,2026-09-24T14:43:32.572528,16.098
S002,R13,LOAD,SUCCESS,,2026-09-24T14:43:32.738424,0.044
S002,R13,PREPROCESSING,SUCCESS,,2026-09-24T14:43:32.923849,0.177
S002,R13,ICA,SUCCESS,,2026-09-24T14:44:25.416573,52.491
S002,R13,ICLabel,SUCCESS,,2026-09-24T14:44:37.097390,11.672
S002,R13,PSD,SUCCESS,,2026-09-24T14:44:37.687650,0.525
S002,R13,ALICE,SUCCESS,,2026-09-24T14:44:38.506257,0.81
S002,R13,FEATURES,SUCCESS,,2026-09-24T14:44:42.296472,3.782
S002,R13,FUSION,SUCCESS,,2026-09-24T14:44:44.129154,0.034
S002,R13,NEUROAGENT,SUCCESS,,2026-09-24T14:44:44.156148,0.022
S002,R13,RECONSTRUCTION,SUCCESS,,2026-09-24T14:44:44.272937,0.115
S002,R13,QUALITY,SUCCESS,,2026-09-24T14:44:44.462453,0.188
S002,R13,TOTAL,SUCCESS,,2026-09-24T14:44:44.463834,71.769
S002,R14,LOAD,SUCCESS,,2026-09-24T14:44:44.737813,0.057
S002,R14,PREPROCESSING,SUCCESS,,2026-09-24T14:44:45.011907,0.265
S002,R14,ICA,SUCCESS,,2026-09-24T14:44:57.817418,12.806
S002,R14,ICLabel,SUCCESS,,2026-09-24T14:45:00.093015,2.262
S002,R14,PSD,SUCCESS,,2026-09-24T14:45:00.326774,0.201
S002,R14,ALICE,SUCCESS,,2026-09-24T14:45:00.477235,0.148
S002,R14,FEATURES,SUCCESS,,2026-09-24T14:45:01.124873,0.648
S002,R14,FUSION,SUCCESS,,2026-09-24T14:45:02.526880,0.04
S002,R14,NEUROAGENT,SUCCESS,,2026-09-24T14:45:02.548155,0.018
S002,R14,RECONSTRUCTION,SUCCESS,,2026-09-24T14:45:02.648214,0.096
S002,R14,QUALITY,SUCCESS,,2026-09-24T14:45:02.810946,0.159
S002,R14,TOTAL,SUCCESS,,2026-09-24T14:45:02.810946,18.13
S003,R03,LOAD,SUCCESS,,2026-09-24T14:45:02.988682,0.048
S003,R03,PREPROCESSING,SUCCESS,,2026-09-24T14:45:03.138015,0.147
S003,R03,ICA,SUCCESS,,2026-09-24T14:46:02.051634,58.911
S003,R03,ICLabel,SUCCESS,,2026-09-24T14:46:14.440740,12.389
S003,R03,PSD,SUCCESS,,2026-09-24T14:46:15.168110,0.642
S003,R03,ALICE,SUCCESS,,2026-09-24T14:46:16.025129,0.856
S003,R03,FEATURES,SUCCESS,,2026-09-24T14:46:20.079332,4.054
S003,R03,FUSION,SUCCESS,,2026-09-24T14:46:23.844655,0.082
S003,R03,NEUROAGENT,SUCCESS,,2026-09-24T14:46:23.893747,0.049
S003,R03,RECONSTRUCTION,SUCCESS,,2026-09-24T14:46:24.101516,0.2
S003,R03,QUALITY,SUCCESS,,2026-09-24T14:46:24.610279,0.501
S003,R03,TOTAL,SUCCESS,,2026-09-24T14:46:24.620002,81.679
S003,R04,LOAD,SUCCESS,,2026-09-24T14:46:24.984441,0.108
S003,R04,PREPROCESSING,SUCCESS,,2026-09-24T14:46:25.633077,0.639
S003,R04,ICA,SUCCESS,,2026-09-24T14:47:20.593010,54.96
S003,R04,ICLabel,SUCCESS,,2026-09-24T14:47:23.068473,2.46
S003,R04,PSD,SUCCESS,,2026-09-24T14:47:23.280151,0.177
S003,R04,ALICE,SUCCESS,,2026-09-24T14:47:23.465811,0.186
S003,R04,FEATURES,SUCCESS,,2026-09-24T14:47:24.134287,0.667
S003,R04,FUSION,SUCCESS,,2026-09-24T14:47:25.401079,0.039
S003,R04,NEUROAGENT,SUCCESS,,2026-09-24T14:47:25.421217,0.018
S003,R04,RECONSTRUCTION,SUCCESS,,2026-09-24T14:47:25.499285,0.076
S003,R04,QUALITY,SUCCESS,,2026-09-24T14:47:25.673907,0.173
S003,R04,TOTAL,SUCCESS,,2026-09-24T14:47:25.675658,60.799
S003,R05,LOAD,SUCCESS,,2026-09-24T14:47:25.847299,0.054
S003,R05,PREPROCESSING,SUCCESS,,2026-09-24T14:47:26.021596,0.174
S003,R05,ICA,SUCCESS,,2026-09-24T14:47:52.821571,26.8
S003,R05,ICLabel,SUCCESS,,2026-09-24T14:47:55.273299,2.437
S003,R05,PSD,SUCCESS,,2026-09-24T14:47:55.507160,0.192
S003,R05,ALICE,SUCCESS,,2026-09-24T14:47:55.682956,0.171
S003,R05,FEATURES,SUCCESS,,2026-09-24T14:47:56.426493,0.744
S003,R05,FUSION,SUCCESS,,2026-09-24T14:47:57.864689,0.038
S003,R05,NEUROAGENT,SUCCESS,,2026-09-24T14:47:57.887505,0.021
S003,R05,RECONSTRUCTION,SUCCESS,,2026-09-24T14:47:57.981846,0.09
S003,R05,QUALITY,SUCCESS,,2026-09-24T14:47:58.127520,0.144
S003,R05,TOTAL,SUCCESS,,2026-09-24T14:47:58.135055,32.334
S003,R06,LOAD,SUCCESS,,2026-09-24T14:47:58.304784,0.063
S003,R06,PREPROCESSING,SUCCESS,,2026-09-24T14:47:58.493691,0.184
S003,R06,ICA,SUCCESS,,2026-09-24T14:48:21.077968,22.584
S003,R06,ICLabel,SUCCESS,,2026-09-24T14:48:24.389100,3.309
S003,R06,PSD,SUCCESS,,2026-09-24T14:48:24.619204,0.188
S003,R06,ALICE,SUCCESS,,2026-09-24T14:48:24.836077,0.217
S003,R06,FEATURES,SUCCESS,,2026-09-24T14:48:25.616410,0.78
S003,R06,FUSION,SUCCESS,,2026-09-24T14:48:27.352035,0.031
S003,R06,NEUROAGENT,SUCCESS,,2026-09-24T14:48:27.379444,0.023
S003,R06,RECONSTRUCTION,SUCCESS,,2026-09-24T14:48:27.472251,0.09
S003,R06,QUALITY,SUCCESS,,2026-09-24T14:48:27.630488,0.154
S003,R06,TOTAL,SUCCESS,,2026-09-24T14:48:27.634833,29.393
S003,R07,LOAD,SUCCESS,,2026-09-24T14:48:27.764090,0.037
S003,R07,PREPROCESSING,SUCCESS,,2026-09-24T14:48:27.922080,0.154
S003,R07,ICA,SUCCESS,,2026-09-24T14:48:51.735731,23.814
S003,R07,ICLabel,SUCCESS,,2026-09-24T14:48:54.550166,2.809
S003,R07,PSD,SUCCESS,,2026-09-24T14:48:55.267015,0.625
S003,R07,ALICE,SUCCESS,,2026-09-24T14:48:56.089551,0.823
S003,R07,FEATURES,SUCCESS,,2026-09-24T14:49:00.101241,3.996
S003,R07,FUSION,SUCCESS,,2026-09-24T14:49:03.959594,0.093
S003,R07,NEUROAGENT,SUCCESS,,2026-09-24T14:49:04.006818,0.041
S003,R07,RECONSTRUCTION,SUCCESS,,2026-09-24T14:49:04.203759,0.19
S003,R07,QUALITY,SUCCESS,,2026-09-24T14:49:04.709087,0.489
S003,R07,TOTAL,SUCCESS,,2026-09-24T14:49:04.714819,36.987
S003,R08,LOAD,SUCCESS,,2026-09-24T14:49:05.096349,0.126
S003,R08,PREPROCESSING,SUCCESS,,2026-09-24T14:49:05.761646,0.649
S003,R08,ICA,SUCCESS,,2026-09-24T14:51:05.380297,119.603
S003,R08,ICLabel,SUCCESS,,2026-09-24T14:51:17.758166,12.359
S003,R08,PSD,SUCCESS,,2026-09-24T14:51:18.458552,0.627
S003,R08,ALICE,SUCCESS,,2026-09-24T14:51:19.265577,0.799
S003,R08,FEATURES,SUCCESS,,2026-09-24T14:51:21.316618,2.045
S003,R08,FUSION,SUCCESS,,2026-09-24T14:51:22.998916,0.032
S003,R08,NEUROAGENT,SUCCESS,,2026-09-24T14:51:23.027406,0.021
S003,R08,RECONSTRUCTION,SUCCESS,,2026-09-24T14:51:23.133378,0.102
S003,R08,QUALITY,SUCCESS,,2026-09-24T14:51:23.347746,0.211
S003,R08,TOTAL,SUCCESS,,2026-09-24T14:51:23.348704,138.378
S003,R09,LOAD,SUCCESS,,2026-09-24T14:51:23.706894,0.149
S003,R09,PREPROCESSING,SUCCESS,,2026-09-24T14:51:23.996516,0.287
S003,R09,ICA,SUCCESS,,2026-09-24T14:51:46.877223,22.878
S003,R09,ICLabel,SUCCESS,,2026-09-24T14:51:49.245162,2.368
S003,R09,PSD,SUCCESS,,2026-09-24T14:51:49.495169,0.207
S003,R09,ALICE,SUCCESS,,2026-09-24T14:51:49.687829,0.19
S003,R09,FEATURES,SUCCESS,,2026-09-24T14:51:50.397936,0.71
S003,R09,FUSION,SUCCESS,,2026-09-24T14:51:51.778150,0.032
S003,R09,NEUROAGENT,SUCCESS,,2026-09-24T14:51:51.794078,0.012
S003,R09,RECONSTRUCTION,SUCCESS,,2026-09-24T14:51:51.878562,0.082
S003,R09,QUALITY,SUCCESS,,2026-09-24T14:51:52.039478,0.158
S003,R09,TOTAL,SUCCESS,,2026-09-24T14:51:52.040065,28.482
S003,R10,LOAD,SUCCESS,,2026-09-24T14:51:52.200909,0.056
S003,R10,PREPROCESSING,SUCCESS,,2026-09-24T14:51:52.355953,0.155
S003,R10,ICA,SUCCESS,,2026-09-24T14:52:20.259546,27.896
S003,R10,ICLabel,SUCCESS,,2026-09-24T14:52:22.729558,2.47
S003,R10,PSD,SUCCESS,,2026-09-24T14:52:22.961254,0.18
S003,R10,ALICE,SUCCESS,,2026-09-24T14:52:23.170921,0.203
S003,R10,FEATURES,SUCCESS,,2026-09-24T14:52:23.825395,0.654
S003,R10,FUSION,SUCCESS,,2026-09-24T14:52:25.278379,0.04
S003,R10,NEUROAGENT,SUCCESS,,2026-09-24T14:52:25.435322,0.154
S003,R10,RECONSTRUCTION,SUCCESS,,2026-09-24T14:52:25.487157,0.052
S003,R10,QUALITY,SUCCESS,,2026-09-24T14:52:25.670502,0.183
S003,R10,TOTAL,SUCCESS,,2026-09-24T14:52:25.670502,33.527
S003,R11,LOAD,SUCCESS,,2026-09-24T14:52:25.872006,0.063
S003,R11,PREPROCESSING,SUCCESS,,2026-09-24T14:52:26.047038,0.166
S003,R11,ICA,SUCCESS,,2026-09-24T14:52:51.610361,25.557
S003,R11,ICLabel,SUCCESS,,2026-09-24T14:52:54.121361,2.511
S003,R11,PSD,SUCCESS,,2026-09-24T14:52:54.356469,0.189
S003,R11,ALICE,SUCCESS,,2026-09-24T14:52:54.548378,0.192
S003,R11,FEATURES,SUCCESS,,2026-09-24T14:52:55.241514,0.693
S003,R11,FUSION,SUCCESS,,2026-09-24T14:52:56.771297,0.044
S003,R11,NEUROAGENT,SUCCESS,,2026-09-24T14:52:56.797941,0.023
S003,R11,RECONSTRUCTION,SUCCESS,,2026-09-24T14:52:56.902447,0.1
S003,R11,QUALITY,SUCCESS,,2026-09-24T14:52:57.091735,0.187
S003,R11,TOTAL,SUCCESS,,2026-09-24T14:52:57.093679,31.285
S003,R12,LOAD,SUCCESS,,2026-09-24T14:52:57.281547,0.065
S003,R12,PREPROCESSING,SUCCESS,,2026-09-24T14:52:57.536179,0.25
S003,R12,ICA,SUCCESS,,2026-09-24T14:53:28.398080,30.86
S003,R12,ICLabel,SUCCESS,,2026-09-24T14:53:30.600785,2.198
S003,R12,PSD,SUCCESS,,2026-09-24T14:53:30.849094,0.206
S003,R12,ALICE,SUCCESS,,2026-09-24T14:53:31.030113,0.177
S003,R12,FEATURES,SUCCESS,,2026-09-24T14:53:31.928351,0.896
S003,R12,FUSION,SUCCESS,,2026-09-24T14:53:33.605533,0.048
S003,R12,NEUROAGENT,SUCCESS,,2026-09-24T14:53:33.627757,0.018
S003,R12,RECONSTRUCTION,SUCCESS,,2026-09-24T14:53:33.755024,0.123
S003,R12,QUALITY,SUCCESS,,2026-09-24T14:53:33.937882,0.183
S003,R12,TOTAL,SUCCESS,,2026-09-24T14:53:33.937882,36.722
S003,R13,LOAD,SUCCESS,,2026-09-24T14:53:34.143263,0.069
S003,R13,PREPROCESSING,SUCCESS,,2026-09-24T14:53:34.348215,0.191
S003,R13,ICA,SUCCESS,,2026-09-24T14:53:57.067778,22.72
S003,R13,ICLabel,SUCCESS,,2026-09-24T14:54:00.127076,3.055
S003,R13,PSD,SUCCESS,,2026-09-24T14:54:00.356910,0.184
S003,R13,ALICE,SUCCESS,,2026-09-24T14:54:00.579581,0.223
S003,R13,FEATURES,SUCCESS,,2026-09-24T14:54:01.517133,0.935
S003,R13,FUSION,SUCCESS,,2026-09-24T14:54:03.069384,0.039
S003,R13,NEUROAGENT,SUCCESS,,2026-09-24T14:54:03.098247,0.025
S003,R13,RECONSTRUCTION,SUCCESS,,2026-09-24T14:54:03.198521,0.092
S003,R13,QUALITY,SUCCESS,,2026-09-24T14:54:03.409581,0.207
S003,R13,TOTAL,SUCCESS,,2026-09-24T14:54:03.411591,29.338
S003,R14,LOAD,SUCCESS,,2026-09-24T14:54:03.613538,0.071
S003,R14,PREPROCESSING,SUCCESS,,2026-09-24T14:54:03.893468,0.275
S003,R14,ICA,SUCCESS,,2026-09-24T14:54:32.089342,28.196
S003,R14,ICLabel,SUCCESS,,2026-09-24T14:54:34.509640,2.42
S003,R14,PSD,SUCCESS,,2026-09-24T14:54:34.740118,0.188
S003,R14,ALICE,SUCCESS,,2026-09-24T14:54:34.921385,0.179
S003,R14,FEATURES,SUCCESS,,2026-09-24T14:54:35.856462,0.935
S003,R14,FUSION,SUCCESS,,2026-09-24T14:54:37.373214,0.044
S003,R14,NEUROAGENT,SUCCESS,,2026-09-24T14:54:37.396273,0.019
S003,R14,RECONSTRUCTION,SUCCESS,,2026-09-24T14:54:37.507855,0.107
S003,R14,QUALITY,SUCCESS,,2026-09-24T14:54:37.727137,0.217
S003,R14,TOTAL,SUCCESS,,2026-09-24T14:54:37.727137,34.185
S004,R02,LOAD,SUCCESS,,2026-09-24T14:54:37.924077,0.053
S004,R02,PREPROCESSING,SUCCESS,,2026-09-24T14:54:38.059838,0.134
S004,R02,ICA,SUCCESS,,2026-09-24T14:55:03.063985,24.998
S004,R02,ICLabel,SUCCESS,,2026-09-24T14:55:05.440737,2.372
S004,R02,PSD,SUCCESS,,2026-09-24T14:55:05.640597,0.171
S004,R02,ALICE,SUCCESS,,2026-09-24T14:55:05.866077,0.221
S004,R02,FEATURES,SUCCESS,,2026-09-24T14:55:06.438827,0.571
S004,R02,FUSION,SUCCESS,,2026-09-24T14:55:07.932429,0.031
S004,R02,NEUROAGENT,SUCCESS,,2026-09-24T14:55:07.949948,0.015
S004,R02,RECONSTRUCTION,SUCCESS,,2026-09-24T14:55:08.021402,0.06
S004,R02,QUALITY,SUCCESS,,2026-09-24T14:55:08.125172,0.101
S004,R02,TOTAL,SUCCESS,,2026-09-24T14:55:08.125172,30.257
S004,R03,LOAD,SUCCESS,,2026-09-24T14:55:08.253683,0.035
S004,R03,PREPROCESSING,SUCCESS,,2026-09-24T14:55:08.409582,0.15
S004,R03,ICA,SUCCESS,,2026-09-24T14:55:50.466836,42.057
S004,R03,ICLabel,SUCCESS,,2026-09-24T14:55:53.200840,2.734
S004,R03,PSD,SUCCESS,,2026-09-24T14:55:53.464615,0.213
S004,R03,ALICE,SUCCESS,,2026-09-24T14:55:54.210283,0.746
S004,R03,FEATURES,SUCCESS,,2026-09-24T14:55:56.664449,2.446
S004,R03,FUSION,SUCCESS,,2026-09-24T14:55:58.459301,0.025
S004,R03,NEUROAGENT,SUCCESS,,2026-09-24T14:55:58.486838,0.025
S004,R03,RECONSTRUCTION,SUCCESS,,2026-09-24T14:55:58.612062,0.122
S004,R03,QUALITY,SUCCESS,,2026-09-24T14:55:58.809302,0.194
S004,R03,TOTAL,SUCCESS,,2026-09-24T14:55:58.812294,50.593
S004,R04,LOAD,SUCCESS,,2026-09-24T14:55:59.000115,0.06
S004,R04,PREPROCESSING,SUCCESS,,2026-09-24T14:55:59.262517,0.257
S004,R04,ICA,SUCCESS,,2026-09-24T14:58:31.350643,152.085
S004,R04,ICLabel,SUCCESS,,2026-09-24T14:58:46.452576,15.102
S004,R04,PSD,SUCCESS,,2026-09-24T14:58:47.269325,0.734
S004,R04,ALICE,SUCCESS,,2026-09-24T14:58:48.388080,1.102
S004,R04,FEATURES,SUCCESS,,2026-09-24T14:58:53.866127,5.463
S004,R04,FUSION,SUCCESS,,2026-09-24T14:58:58.165461,0.099
S004,R04,NEUROAGENT,SUCCESS,,2026-09-24T14:58:58.226404,0.061
S004,R04,RECONSTRUCTION,SUCCESS,,2026-09-24T14:58:58.456590,0.222
S004,R04,QUALITY,SUCCESS,,2026-09-24T14:58:59.127907,0.656
S004,R04,TOTAL,SUCCESS,,2026-09-24T14:58:59.143370,180.188
S004,R05,LOAD,SUCCESS,,2026-09-24T14:58:59.664686,0.162
S004,R05,PREPROCESSING,SUCCESS,,2026-09-24T14:59:00.512294,0.832
S004,R05,ICA,SUCCESS,,2026-09-24T14:59:29.661471,29.133
S004,R05,ICLabel,SUCCESS,,2026-09-24T14:59:33.246681,3.585
S004,R05,PSD,SUCCESS,,2026-09-24T14:59:33.529454,0.225
S004,R05,ALICE,SUCCESS,,2026-09-24T14:59:33.833654,0.304
S004,R05,FEATURES,SUCCESS,,2026-09-24T14:59:34.733309,0.9
S004,R05,FUSION,SUCCESS,,2026-09-24T14:59:36.706364,0.043
S004,R05,NEUROAGENT,SUCCESS,,2026-09-24T14:59:36.729353,0.019
S004,R05,RECONSTRUCTION,SUCCESS,,2026-09-24T14:59:36.847424,0.114
S004,R05,QUALITY,SUCCESS,,2026-09-24T14:59:37.042525,0.191
S004,R05,TOTAL,SUCCESS,,2026-09-24T14:59:37.042525,37.54
S004,R06,LOAD,SUCCESS,,2026-09-24T14:59:37.202274,0.045
S004,R06,PREPROCESSING,SUCCESS,,2026-09-24T14:59:37.425453,0.216
S004,R06,ICA,SUCCESS,,2026-09-24T14:59:54.073878,16.645
S004,R06,ICLabel,SUCCESS,,2026-09-24T14:59:56.484167,2.41
S004,R06,PSD,SUCCESS,,2026-09-24T14:59:56.709308,0.185
S004,R06,ALICE,SUCCESS,,2026-09-24T14:59:56.875923,0.167
S004,R06,FEATURES,SUCCESS,,2026-09-24T14:59:57.765812,0.888
S004,R06,FUSION,SUCCESS,,2026-09-24T14:59:59.517268,0.047
S004,R06,NEUROAGENT,SUCCESS,,2026-09-24T14:59:59.543944,0.024
S004,R06,RECONSTRUCTION,SUCCESS,,2026-09-24T14:59:59.640884,0.094
S004,R06,QUALITY,SUCCESS,,2026-09-24T14:59:59.836795,0.194
S004,R06,TOTAL,SUCCESS,,2026-09-24T14:59:59.836795,22.68
S004,R07,LOAD,SUCCESS,,2026-09-24T15:00:00.047641,0.091
S004,R07,PREPROCESSING,SUCCESS,,2026-09-24T15:00:00.332765,0.275
S004,R07,ICA,SUCCESS,,2026-09-24T15:00:20.364106,20.022
S004,R07,ICLabel,SUCCESS,,2026-09-24T15:00:23.161638,2.798
S004,R07,PSD,SUCCESS,,2026-09-24T15:00:23.397187,0.193
S004,R07,ALICE,SUCCESS,,2026-09-24T15:00:23.628570,0.227
S004,R07,FEATURES,SUCCESS,,2026-09-24T15:00:24.661962,1.031
S004,R07,FUSION,SUCCESS,,2026-09-24T15:00:26.324310,0.044
S004,R07,NEUROAGENT,SUCCESS,,2026-09-24T15:00:26.348827,0.022
S004,R07,RECONSTRUCTION,SUCCESS,,2026-09-24T15:00:26.464440,0.111
S004,R07,QUALITY,SUCCESS,,2026-09-24T15:00:26.656852,0.188
S004,R07,TOTAL,SUCCESS,,2026-09-24T15:00:26.663490,26.707
S004,R08,LOAD,SUCCESS,,2026-09-24T15:00:26.857961,0.077
S004,R08,PREPROCESSING,SUCCESS,,2026-09-24T15:00:27.132789,0.271
S004,R08,ICA,SUCCESS,,2026-09-24T15:00:47.003445,19.863
S004,R08,ICLabel,SUCCESS,,2026-09-24T15:00:50.123675,3.114
S004,R08,PSD,SUCCESS,,2026-09-24T15:00:50.362435,0.186
S004,R08,ALICE,SUCCESS,,2026-09-24T15:00:50.592128,0.226
S004,R08,FEATURES,SUCCESS,,2026-09-24T15:00:51.548617,0.956
S004,R08,FUSION,SUCCESS,,2026-09-24T15:00:53.164683,0.036
S004,R08,NEUROAGENT,SUCCESS,,2026-09-24T15:00:53.192783,0.023
S004,R08,RECONSTRUCTION,SUCCESS,,2026-09-24T15:00:53.326249,0.128
S004,R08,QUALITY,SUCCESS,,2026-09-24T15:00:53.558731,0.232
S004,R08,TOTAL,SUCCESS,,2026-09-24T15:00:53.558731,26.779
S004,R09,LOAD,SUCCESS,,2026-09-24T15:00:53.798007,0.071
S004,R09,PREPROCESSING,SUCCESS,,2026-09-24T15:00:53.998080,0.199
S004,R09,ICA,SUCCESS,,2026-09-24T15:01:10.296843,16.29
S004,R09,ICLabel,SUCCESS,,2026-09-24T15:01:12.795682,2.497
S004,R09,PSD,SUCCESS,,2026-09-24T15:01:13.060968,0.226
S004,R09,ALICE,SUCCESS,,2026-09-24T15:01:13.293551,0.228
S004,R09,FEATURES,SUCCESS,,2026-09-24T15:01:14.097175,0.802
S004,R09,FUSION,SUCCESS,,2026-09-24T15:01:15.774544,0.037
S004,R09,NEUROAGENT,SUCCESS,,2026-09-24T15:01:15.803326,0.027
S004,R09,RECONSTRUCTION,SUCCESS,,2026-09-24T15:01:15.888727,0.079
S004,R09,QUALITY,SUCCESS,,2026-09-24T15:01:16.093123,0.202
S004,R09,TOTAL,SUCCESS,,2026-09-24T15:01:16.093123,22.373
S004,R10,LOAD,SUCCESS,,2026-09-24T15:01:16.295607,0.067
S004,R10,PREPROCESSING,SUCCESS,,2026-09-24T15:01:16.551209,0.249
S004,R10,ICA,SUCCESS,,2026-09-24T15:01:44.563854,28.007
S004,R10,ICLabel,SUCCESS,,2026-09-24T15:01:46.931225,2.365
S004,R10,PSD,SUCCESS,,2026-09-24T15:01:47.158818,0.187
S004,R10,ALICE,SUCCESS,,2026-09-24T15:01:47.337648,0.179
S004,R10,FEATURES,SUCCESS,,2026-09-24T15:01:48.029179,0.692
S004,R10,FUSION,SUCCESS,,2026-09-24T15:01:49.488136,0.023
S004,R10,NEUROAGENT,SUCCESS,,2026-09-24T15:01:49.515048,0.023
S004,R10,RECONSTRUCTION,SUCCESS,,2026-09-24T15:01:49.612783,0.094
S004,R10,QUALITY,SUCCESS,,2026-09-24T15:01:49.823879,0.208
S004,R10,TOTAL,SUCCESS,,2026-09-24T15:01:49.823879,33.598
S004,R11,LOAD,SUCCESS,,2026-09-24T15:01:50.041542,0.068
S004,R11,PREPROCESSING,SUCCESS,,2026-09-24T15:01:50.305187,0.259
S004,R11,ICA,SUCCESS,,2026-09-24T15:02:16.821102,26.507
S004,R11,ICLabel,SUCCESS,,2026-09-24T15:02:19.957883,3.137
S004,R11,PSD,SUCCESS,,2026-09-24T15:02:20.184454,0.18
S004,R11,ALICE,SUCCESS,,2026-09-24T15:02:20.345468,0.161
S004,R11,FEATURES,SUCCESS,,2026-09-24T15:02:21.059327,0.714
S004,R11,FUSION,SUCCESS,,2026-09-24T15:02:22.565281,0.035
S004,R11,NEUROAGENT,SUCCESS,,2026-09-24T15:02:22.592180,0.022
S004,R11,RECONSTRUCTION,SUCCESS,,2026-09-24T15:02:22.687082,0.091
S004,R11,QUALITY,SUCCESS,,2026-09-24T15:02:22.854063,0.165
S004,R11,TOTAL,SUCCESS,,2026-09-24T15:02:22.854063,32.881
S004,R12,LOAD,SUCCESS,,2026-09-24T15:02:23.039542,0.058
S004,R12,PREPROCESSING,SUCCESS,,2026-09-24T15:02:23.231451,0.183
S004,R12,ICA,SUCCESS,,2026-09-24T15:02:46.342214,23.111
S004,R12,ICLabel,SUCCESS,,2026-09-24T15:02:49.948773,3.603
S004,R12,PSD,SUCCESS,,2026-09-24T15:02:50.346742,0.324
S004,R12,ALICE,SUCCESS,,2026-09-24T15:02:50.677057,0.324
S004,R12,FEATURES,SUCCESS,,2026-09-24T15:02:51.802830,1.123
S004,R12,FUSION,SUCCESS,,2026-09-24T15:02:54.782622,0.074
S004,R12,NEUROAGENT,SUCCESS,,2026-09-24T15:02:54.860074,0.065
S004,R12,RECONSTRUCTION,SUCCESS,,2026-09-24T15:02:55.011754,0.142
S004,R12,QUALITY,SUCCESS,,2026-09-24T15:02:55.463177,0.451
S004,R12,TOTAL,SUCCESS,,2026-09-24T15:02:55.471260,32.49
S004,R13,LOAD,SUCCESS,,2026-09-24T15:02:55.729714,0.076
S004,R13,PREPROCESSING,SUCCESS,,2026-09-24T15:02:56.230687,0.495
S004,R13,ICA,SUCCESS,,2026-09-24T15:03:32.703650,36.468
S004,R13,ICLabel,SUCCESS,,2026-09-24T15:03:55.713306,22.995
S004,R13,PSD,SUCCESS,,2026-09-24T15:03:57.220486,1.342
S004,R13,ALICE,SUCCESS,,2026-09-24T15:03:59.228870,1.988
S004,R13,FEATURES,SUCCESS,,2026-09-24T15:04:07.828775,8.585
S004,R13,FUSION,SUCCESS,,2026-09-24T15:04:18.603078,0.226
S004,R13,NEUROAGENT,SUCCESS,,2026-09-24T15:04:18.725910,0.106
S004,R13,RECONSTRUCTION,SUCCESS,,2026-09-24T15:04:19.715002,0.966
S004,R13,QUALITY,SUCCESS,,2026-09-24T15:04:20.670712,0.94
S004,R13,TOTAL,SUCCESS,,2026-09-24T15:04:20.685227,85.03
S004,R14,LOAD,SUCCESS,,2026-09-24T15:04:21.337183,0.206
S004,R14,PREPROCESSING,SUCCESS,,2026-09-24T15:04:22.632033,1.27
S004,R14,ICA,SUCCESS,,2026-09-24T15:04:57.113489,34.468
S004,R14,ICLabel,SUCCESS,,2026-09-24T15:05:00.462824,3.348
S004,R14,PSD,SUCCESS,,2026-09-24T15:05:00.710109,0.21
S004,R14,ALICE,SUCCESS,,2026-09-24T15:05:00.911336,0.201
S004,R14,FEATURES,SUCCESS,,2026-09-24T15:05:01.810921,0.9
S004,R14,FUSION,SUCCESS,,2026-09-24T15:05:03.358552,0.04
S004,R14,NEUROAGENT,SUCCESS,,2026-09-24T15:05:03.376926,0.015
S004,R14,RECONSTRUCTION,SUCCESS,,2026-09-24T15:05:03.496763,0.117
S004,R14,QUALITY,SUCCESS,,2026-09-24T15:05:03.702330,0.201
S004,R14,TOTAL,SUCCESS,,2026-09-24T15:05:03.705339,42.576
S005,R01,LOAD,SUCCESS,,2026-09-24T15:05:03.941600,0.072
S005,R01,PREPROCESSING,SUCCESS,,2026-09-24T15:05:04.208398,0.261
S005,R01,ICA,SUCCESS,,2026-09-24T15:05:22.493620,18.284
S005,R01,ICLabel,SUCCESS,,2026-09-24T15:05:25.500800,3.007
S005,R01,PSD,SUCCESS,,2026-09-24T15:05:25.697056,0.161
S005,R01,ALICE,SUCCESS,,2026-09-24T15:05:26.050854,0.354
S005,R01,FEATURES,SUCCESS,,2026-09-24T15:05:26.748253,0.696
S005,R01,FUSION,SUCCESS,,2026-09-24T15:05:28.207215,0.07
S005,R01,NEUROAGENT,SUCCESS,,2026-09-24T15:05:28.250363,0.04
S005,R01,RECONSTRUCTION,SUCCESS,,2026-09-24T15:05:28.369120,0.111
S005,R01,QUALITY,SUCCESS,,2026-09-24T15:05:28.593200,0.219
S005,R01,TOTAL,SUCCESS,,2026-09-24T15:05:28.601016,24.731
S005,R02,LOAD,SUCCESS,,2026-09-24T15:05:28.841107,0.083
S005,R02,PREPROCESSING,SUCCESS,,2026-09-24T15:05:29.075716,0.226
S005,R02,ICA,SUCCESS,,2026-09-24T15:05:50.024542,20.94
S005,R02,ICLabel,SUCCESS,,2026-09-24T15:05:52.835464,2.811
S005,R02,PSD,SUCCESS,,2026-09-24T15:05:53.035551,0.164
S005,R02,ALICE,SUCCESS,,2026-09-24T15:05:53.270190,0.229
S005,R02,FEATURES,SUCCESS,,2026-09-24T15:05:53.801560,0.531
S005,R02,FUSION,SUCCESS,,2026-09-24T15:05:54.642065,0.034
S005,R02,NEUROAGENT,SUCCESS,,2026-09-24T15:05:54.668080,0.024
S005,R02,RECONSTRUCTION,SUCCESS,,2026-09-24T15:05:54.725213,0.053
S005,R02,QUALITY,SUCCESS,,2026-09-24T15:05:54.839841,0.113
S005,R02,TOTAL,SUCCESS,,2026-09-24T15:05:54.840507,26.083
S005,R03,LOAD,SUCCESS,,2026-09-24T15:05:55.033739,0.067
S005,R03,PREPROCESSING,SUCCESS,,2026-09-24T15:05:55.290669,0.247
S005,R03,ICA,SUCCESS,,2026-09-24T15:06:19.224320,23.93
S005,R03,ICLabel,SUCCESS,,2026-09-24T15:06:21.968361,2.742
S005,R03,PSD,SUCCESS,,2026-09-24T15:06:22.210134,0.202
S005,R03,ALICE,SUCCESS,,2026-09-24T15:06:22.429889,0.217
S005,R03,FEATURES,SUCCESS,,2026-09-24T15:06:23.365398,0.924
S005,R03,FUSION,SUCCESS,,2026-09-24T15:06:25.079785,0.048
S005,R03,NEUROAGENT,SUCCESS,,2026-09-24T15:06:25.108563,0.024
S005,R03,RECONSTRUCTION,SUCCESS,,2026-09-24T15:06:25.234565,0.122
S005,R03,QUALITY,SUCCESS,,2026-09-24T15:06:25.415653,0.181
S005,R03,TOTAL,SUCCESS,,2026-09-24T15:06:25.416473,30.449
S005,R04,LOAD,SUCCESS,,2026-09-24T15:06:25.704456,0.105
S005,R04,PREPROCESSING,SUCCESS,,2026-09-24T15:06:26.007933,0.294
S005,R04,ICA,SUCCESS,,2026-09-24T15:06:51.209440,25.202
S005,R04,ICLabel,SUCCESS,,2026-09-24T15:06:54.034797,2.825
S005,R04,PSD,SUCCESS,,2026-09-24T15:06:54.272484,0.203
S005,R04,ALICE,SUCCESS,,2026-09-24T15:06:54.436608,0.162
S005,R04,FEATURES,SUCCESS,,2026-09-24T15:06:55.120041,0.681
S005,R04,FUSION,SUCCESS,,2026-09-24T15:06:56.694603,0.034
S005,R04,NEUROAGENT,SUCCESS,,2026-09-24T15:06:56.725209,0.028
S005,R04,RECONSTRUCTION,SUCCESS,,2026-09-24T15:06:56.823428,0.092
S005,R04,QUALITY,SUCCESS,,2026-09-24T15:06:57.007988,0.183
S005,R04,TOTAL,SUCCESS,,2026-09-24T15:06:57.010073,31.411
S005,R05,LOAD,SUCCESS,,2026-09-24T15:06:57.260928,0.102
S005,R05,PREPROCESSING,SUCCESS,,2026-09-24T15:06:57.490458,0.222
S005,R05,ICA,SUCCESS,,2026-09-24T15:07:23.035168,25.538
S005,R05,ICLabel,SUCCESS,,2026-09-24T15:07:25.517068,2.482
S005,R05,PSD,SUCCESS,,2026-09-24T15:07:25.719689,0.163
S005,R05,ALICE,SUCCESS,,2026-09-24T15:07:25.905619,0.186
S005,R05,FEATURES,SUCCESS,,2026-09-24T15:07:26.688224,0.783
S005,R05,FUSION,SUCCESS,,2026-09-24T15:07:28.346621,0.031
S005,R05,NEUROAGENT,SUCCESS,,2026-09-24T15:07:28.375305,0.025
S005,R05,RECONSTRUCTION,SUCCESS,,2026-09-24T15:07:28.500254,0.119
S005,R05,QUALITY,SUCCESS,,2026-09-24T15:07:28.777135,0.273
S005,R05,TOTAL,SUCCESS,,2026-09-24T15:07:28.777135,31.619
S005,R06,LOAD,SUCCESS,,2026-09-24T15:07:29.054409,0.066
S005,R06,PREPROCESSING,SUCCESS,,2026-09-24T15:07:29.413820,0.338
S005,R06,ICA,SUCCESS,,2026-09-24T15:07:56.601767,27.188
S005,R06,ICLabel,SUCCESS,,2026-09-24T15:07:59.207561,2.604
S005,R06,PSD,SUCCESS,,2026-09-24T15:07:59.444369,0.185
S005,R06,ALICE,SUCCESS,,2026-09-24T15:07:59.644133,0.2
S005,R06,FEATURES,SUCCESS,,2026-09-24T15:08:00.483226,0.839
S005,R06,FUSION,SUCCESS,,2026-09-24T15:08:02.211877,0.047
S005,R06,NEUROAGENT,SUCCESS,,2026-09-24T15:08:02.229519,0.014
S005,R06,RECONSTRUCTION,SUCCESS,,2026-09-24T15:08:02.336904,0.105
S005,R06,QUALITY,SUCCESS,,2026-09-24T15:08:02.580103,0.238
S005,R06,TOTAL,SUCCESS,,2026-09-24T15:08:02.580103,33.592
S005,R07,LOAD,SUCCESS,,2026-09-24T15:08:02.824699,0.074
S005,R07,PREPROCESSING,SUCCESS,,2026-09-24T15:08:03.064004,0.236
S005,R07,ICA,SUCCESS,,2026-09-24T15:08:34.248762,31.185
S005,R07,ICLabel,SUCCESS,,2026-09-24T15:08:36.842984,2.594
S005,R07,PSD,SUCCESS,,2026-09-24T15:08:37.083576,0.203
S005,R07,ALICE,SUCCESS,,2026-09-24T15:08:37.350194,0.262
S005,R07,FEATURES,SUCCESS,,2026-09-24T15:08:38.297727,0.939
S005,R07,FUSION,SUCCESS,,2026-09-24T15:08:39.935530,0.05
S005,R07,NEUROAGENT,SUCCESS,,2026-09-24T15:08:39.960068,0.022
S005,R07,RECONSTRUCTION,SUCCESS,,2026-09-24T15:08:40.085430,0.122
S005,R07,QUALITY,SUCCESS,,2026-09-24T15:08:40.314420,0.229
S005,R07,TOTAL,SUCCESS,,2026-09-24T15:08:40.316624,37.567
S005,R08,LOAD,SUCCESS,,2026-09-24T15:08:40.549414,0.087
S005,R08,PREPROCESSING,SUCCESS,,2026-09-24T15:08:40.779483,0.225
S005,R08,ICA,SUCCESS,,2026-09-24T15:09:10.359643,29.58
S005,R08,ICLabel,SUCCESS,,2026-09-24T15:09:13.480416,3.105
S005,R08,PSD,SUCCESS,,2026-09-24T15:09:13.723898,0.183
S005,R08,ALICE,SUCCESS,,2026-09-24T15:09:13.970664,0.247
S005,R08,FEATURES,SUCCESS,,2026-09-24T15:09:14.877034,0.906
S005,R08,FUSION,SUCCESS,,2026-09-24T15:09:16.682178,0.047
S005,R08,NEUROAGENT,SUCCESS,,2026-09-24T15:09:16.711300,0.026
S005,R08,RECONSTRUCTION,SUCCESS,,2026-09-24T15:09:16.829830,0.115
S005,R08,QUALITY,SUCCESS,,2026-09-24T15:09:17.079144,0.247
S005,R08,TOTAL,SUCCESS,,2026-09-24T15:09:17.079144,36.617
S005,R09,LOAD,SUCCESS,,2026-09-24T15:09:17.307674,0.093
S005,R09,PREPROCESSING,SUCCESS,,2026-09-24T15:09:17.569632,0.256
S005,R09,ICA,SUCCESS,,2026-09-24T15:09:33.819266,16.25
S005,R09,ICLabel,SUCCESS,,2026-09-24T15:09:36.505299,2.686
S005,R09,PSD,SUCCESS,,2026-09-24T15:09:36.764388,0.211
S005,R09,ALICE,SUCCESS,,2026-09-24T15:09:36.980568,0.216
S005,R09,FEATURES,SUCCESS,,2026-09-24T15:09:38.049476,1.054
S005,R09,FUSION,SUCCESS,,2026-09-24T15:09:39.721345,0.036
S005,R09,NEUROAGENT,SUCCESS,,2026-09-24T15:09:39.748252,0.02
S005,R09,RECONSTRUCTION,SUCCESS,,2026-09-24T15:09:39.850396,0.098
S005,R09,QUALITY,SUCCESS,,2026-09-24T15:09:40.033725,0.178
S005,R09,TOTAL,SUCCESS,,2026-09-24T15:09:40.033725,22.819
S005,R10,LOAD,SUCCESS,,2026-09-24T15:09:40.239480,0.093
S005,R10,PREPROCESSING,SUCCESS,,2026-09-24T15:09:40.451009,0.21
S005,R10,ICA,SUCCESS,,2026-09-24T15:10:14.042327,33.591
S005,R10,ICLabel,SUCCESS,,2026-09-24T15:10:16.664934,2.623
S005,R10,PSD,SUCCESS,,2026-09-24T15:10:16.901494,0.191
S005,R10,ALICE,SUCCESS,,2026-09-24T15:10:17.057715,0.154
S005,R10,FEATURES,SUCCESS,,2026-09-24T15:10:17.733807,0.676
S005,R10,FUSION,SUCCESS,,2026-09-24T15:10:19.305701,0.035
S005,R10,NEUROAGENT,SUCCESS,,2026-09-24T15:10:19.332910,0.025
S005,R10,RECONSTRUCTION,SUCCESS,,2026-09-24T15:10:19.432859,0.096
S005,R10,QUALITY,SUCCESS,,2026-09-24T15:10:19.652182,0.216
S005,R10,TOTAL,SUCCESS,,2026-09-24T15:10:19.652182,39.506
S005,R11,LOAD,SUCCESS,,2026-09-24T15:10:19.856978,0.066
S005,R11,PREPROCESSING,SUCCESS,,2026-09-24T15:10:20.220828,0.353
S005,R11,ICA,SUCCESS,,2026-09-24T15:10:34.796659,14.572
S005,R11,ICLabel,SUCCESS,,2026-09-24T15:10:37.552764,2.755
S005,R11,PSD,SUCCESS,,2026-09-24T15:10:37.829585,0.228
S005,R11,ALICE,SUCCESS,,2026-09-24T15:10:38.113207,0.279
S005,R11,FEATURES,SUCCESS,,2026-09-24T15:10:39.016337,0.899
S005,R11,FUSION,SUCCESS,,2026-09-24T15:10:40.762357,0.037
S005,R11,NEUROAGENT,SUCCESS,,2026-09-24T15:10:40.790150,0.023
S005,R11,RECONSTRUCTION,SUCCESS,,2026-09-24T15:10:40.919171,0.125
S005,R11,QUALITY,SUCCESS,,2026-09-24T15:10:41.307499,0.386
S005,R11,TOTAL,SUCCESS,,2026-09-24T15:10:41.313967,21.523
S005,R12,LOAD,SUCCESS,,2026-09-24T15:10:41.541462,0.074
S005,R12,PREPROCESSING,SUCCESS,,2026-09-24T15:10:41.742864,0.197
S005,R12,ICA,SUCCESS,,2026-09-24T15:11:01.705288,19.962
S005,R12,ICLabel,SUCCESS,,2026-09-24T15:11:04.975504,3.27
S005,R12,PSD,SUCCESS,,2026-09-24T15:11:05.230034,0.21
S005,R12,ALICE,SUCCESS,,2026-09-24T15:11:05.453102,0.223
S005,R12,FEATURES,SUCCESS,,2026-09-24T15:11:06.455001,0.989
S005,R12,FUSION,SUCCESS,,2026-09-24T15:11:08.249851,0.046
S005,R12,NEUROAGENT,SUCCESS,,2026-09-24T15:11:08.274010,0.02
S005,R12,RECONSTRUCTION,SUCCESS,,2026-09-24T15:11:08.413073,0.137
S005,R12,QUALITY,SUCCESS,,2026-09-24T15:11:08.729451,0.311
S005,R12,TOTAL,SUCCESS,,2026-09-24T15:11:08.741956,27.275
S005,R13,LOAD,SUCCESS,,2026-09-24T15:11:09.004685,0.093
S005,R13,PREPROCESSING,SUCCESS,,2026-09-24T15:11:09.326294,0.311
S005,R13,ICA,SUCCESS,,2026-09-24T15:12:15.685523,66.351
S005,R13,ICLabel,SUCCESS,,2026-09-24T15:12:30.322693,14.622
S005,R13,PSD,SUCCESS,,2026-09-24T15:12:31.095956,0.7
S005,R13,ALICE,SUCCESS,,2026-09-24T15:12:32.021313,0.925
S005,R13,FEATURES,SUCCESS,,2026-09-24T15:12:36.485388,4.464
S005,R13,FUSION,SUCCESS,,2026-09-24T15:12:40.448709,0.09
S005,R13,NEUROAGENT,SUCCESS,,2026-09-24T15:12:40.497549,0.048
S005,R13,RECONSTRUCTION,SUCCESS,,2026-09-24T15:12:40.714538,0.21
S005,R13,QUALITY,SUCCESS,,2026-09-24T15:12:41.273033,0.558
S005,R13,TOTAL,SUCCESS,,2026-09-24T15:12:41.273033,92.362
S005,R14,LOAD,SUCCESS,,2026-09-24T15:12:41.700099,0.15
S005,R14,PREPROCESSING,SUCCESS,,2026-09-24T15:12:42.448725,0.737
S005,R14,ICA,SUCCESS,,2026-09-24T15:13:51.107017,68.658
S005,R14,ICLabel,SUCCESS,,2026-09-24T15:14:05.047357,13.94
S005,R14,PSD,SUCCESS,,2026-09-24T15:14:05.827352,0.698
S005,R14,ALICE,SUCCESS,,2026-09-24T15:14:06.752142,0.916
S005,R14,FEATURES,SUCCESS,,2026-09-24T15:14:11.091612,4.337
S005,R14,FUSION,SUCCESS,,2026-09-24T15:14:15.388003,0.097
S005,R14,NEUROAGENT,SUCCESS,,2026-09-24T15:14:15.443056,0.044
S005,R14,RECONSTRUCTION,SUCCESS,,2026-09-24T15:14:15.662001,0.211
S005,R14,QUALITY,SUCCESS,,2026-09-24T15:14:16.341850,0.68
S005,R14,TOTAL,SUCCESS,,2026-09-24T15:14:16.354256,94.807
S006,R01,LOAD,SUCCESS,,2026-09-24T15:14:16.730909,0.11
S006,R01,PREPROCESSING,SUCCESS,,2026-09-24T15:14:17.210366,0.472
S006,R01,ICA,SUCCESS,,2026-09-24T15:15:24.332553,67.116
S006,R01,ICLabel,SUCCESS,,2026-09-24T15:15:37.773173,13.441
S006,R01,PSD,SUCCESS,,2026-09-24T15:15:38.190487,0.372
S006,R01,ALICE,SUCCESS,,2026-09-24T15:15:38.831099,0.631
S006,R01,FEATURES,SUCCESS,,2026-09-24T15:15:41.166231,2.328
S006,R01,FUSION,SUCCESS,,2026-09-24T15:15:43.597332,0.088
S006,R01,NEUROAGENT,SUCCESS,,2026-09-24T15:15:43.647042,0.041
S006,R01,RECONSTRUCTION,SUCCESS,,2026-09-24T15:15:43.982908,0.304
S006,R01,QUALITY,SUCCESS,,2026-09-24T15:15:44.323060,0.322
S006,R01,TOTAL,SUCCESS,,2026-09-24T15:15:44.332500,87.715
S006,R02,LOAD,SUCCESS,,2026-09-24T15:15:44.724046,0.111
S006,R02,PREPROCESSING,SUCCESS,,2026-09-24T15:15:45.209712,0.466
S006,R02,ICA,SUCCESS,,2026-09-24T15:16:47.386068,62.165
S006,R02,ICLabel,SUCCESS,,2026-09-24T15:17:00.746609,13.345
S006,R02,PSD,SUCCESS,,2026-09-24T15:17:01.214920,0.417
S006,R02,ALICE,SUCCESS,,2026-09-24T15:17:01.866916,0.65
S006,R02,FEATURES,SUCCESS,,2026-09-24T15:17:04.312502,2.415
S006,R02,FUSION,SUCCESS,,2026-09-24T15:17:06.629071,0.073
S006,R02,NEUROAGENT,SUCCESS,,2026-09-24T15:17:06.689636,0.041
S006,R02,RECONSTRUCTION,SUCCESS,,2026-09-24T15:17:06.835368,0.136
S006,R02,QUALITY,SUCCESS,,2026-09-24T15:17:07.080759,0.228
S006,R02,TOTAL,SUCCESS,,2026-09-24T15:17:07.096253,82.484
S006,R03,LOAD,SUCCESS,,2026-09-24T15:17:07.489498,0.123
S006,R03,PREPROCESSING,SUCCESS,,2026-09-24T15:17:08.180271,0.679
S006,R03,ICA,SUCCESS,,2026-09-24T15:19:02.585162,114.399
S006,R03,ICLabel,SUCCESS,,2026-09-24T15:19:16.995411,14.41
S006,R03,PSD,SUCCESS,,2026-09-24T15:19:17.793978,0.728
S006,R03,ALICE,SUCCESS,,2026-09-24T15:19:18.797968,1.004
S006,R03,FEATURES,SUCCESS,,2026-09-24T15:19:23.286881,4.474
S006,R03,FUSION,SUCCESS,,2026-09-24T15:19:27.402834,0.093
S006,R03,NEUROAGENT,SUCCESS,,2026-09-24T15:19:27.459617,0.045
S006,R03,RECONSTRUCTION,SUCCESS,,2026-09-24T15:19:27.685941,0.218
S006,R03,QUALITY,SUCCESS,,2026-09-24T15:19:28.284518,0.599
S006,R03,TOTAL,SUCCESS,,2026-09-24T15:19:28.293715,140.927
S006,R04,LOAD,SUCCESS,,2026-09-24T15:19:28.711308,0.142
S006,R04,PREPROCESSING,SUCCESS,,2026-09-24T15:19:29.496976,0.768
S006,R04,ICA,SUCCESS,,2026-09-24T15:21:31.118908,121.61
S006,R04,ICLabel,SUCCESS,,2026-09-24T15:21:44.869087,13.74
S006,R04,PSD,SUCCESS,,2026-09-24T15:21:45.681447,0.742
S006,R04,ALICE,SUCCESS,,2026-09-24T15:21:46.590804,0.902
S006,R04,FEATURES,SUCCESS,,2026-09-24T15:21:50.991074,4.385
S006,R04,FUSION,SUCCESS,,2026-09-24T15:21:54.972227,0.077
S006,R04,NEUROAGENT,SUCCESS,,2026-09-24T15:21:55.027571,0.051
S006,R04,RECONSTRUCTION,SUCCESS,,2026-09-24T15:21:55.226251,0.192
S006,R04,QUALITY,SUCCESS,,2026-09-24T15:21:55.831844,0.59
S006,R04,TOTAL,SUCCESS,,2026-09-24T15:21:55.847260,147.278
S006,R05,LOAD,SUCCESS,,2026-09-24T15:21:56.247391,0.117
S006,R05,PREPROCESSING,SUCCESS,,2026-09-24T15:21:56.910584,0.655
S006,R05,ICA,SUCCESS,,2026-09-24T15:23:14.949813,78.025
S006,R05,ICLabel,SUCCESS,,2026-09-24T15:23:18.170778,3.221
S006,R05,PSD,SUCCESS,,2026-09-24T15:23:18.416322,0.192
S006,R05,ALICE,SUCCESS,,2026-09-24T15:23:18.729053,0.309
S006,R05,FEATURES,SUCCESS,,2026-09-24T15:23:19.762906,1.029
S006,R05,FUSION,SUCCESS,,2026-09-24T15:23:21.453991,0.029
S006,R05,NEUROAGENT,SUCCESS,,2026-09-24T15:23:21.482183,0.026
S006,R05,RECONSTRUCTION,SUCCESS,,2026-09-24T15:23:21.602171,0.115
S006,R05,QUALITY,SUCCESS,,2026-09-24T15:23:21.834067,0.228
S006,R05,TOTAL,SUCCESS,,2026-09-24T15:23:21.845746,85.715
S006,R06,LOAD,SUCCESS,,2026-09-24T15:23:22.089851,0.061
S006,R06,PREPROCESSING,SUCCESS,,2026-09-24T15:23:22.280033,0.19
S006,R06,ICA,SUCCESS,,2026-09-24T15:24:04.152974,41.867
S006,R06,ICLabel,SUCCESS,,2026-09-24T15:24:09.944371,5.781
S006,R06,PSD,SUCCESS,,2026-09-24T15:24:10.343866,0.313
S006,R06,ALICE,SUCCESS,,2026-09-24T15:24:10.653014,0.304
S006,R06,FEATURES,SUCCESS,,2026-09-24T15:24:11.786001,1.133
S006,R06,FUSION,SUCCESS,,2026-09-24T15:24:14.247840,0.063
S006,R06,NEUROAGENT,SUCCESS,,2026-09-24T15:24:14.278683,0.023
S006,R06,RECONSTRUCTION,SUCCESS,,2026-09-24T15:24:14.411642,0.119
S006,R06,QUALITY,SUCCESS,,2026-09-24T15:24:14.657373,0.246
S006,R06,TOTAL,SUCCESS,,2026-09-24T15:24:14.657373,52.628
S006,R07,LOAD,SUCCESS,,2026-09-24T15:24:14.891521,0.082
S006,R07,PREPROCESSING,SUCCESS,,2026-09-24T15:24:15.118420,0.221
S006,R07,ICA,SUCCESS,,2026-09-24T15:24:58.231192,43.113
S006,R07,ICLabel,SUCCESS,,2026-09-24T15:25:02.770996,4.538
S006,R07,PSD,SUCCESS,,2026-09-24T15:25:03.034715,0.205
S006,R07,ALICE,SUCCESS,,2026-09-24T15:25:03.263723,0.229
S006,R07,FEATURES,SUCCESS,,2026-09-24T15:25:04.135769,0.859
S006,R07,FUSION,SUCCESS,,2026-09-24T15:25:05.998238,0.051
S006,R07,NEUROAGENT,SUCCESS,,2026-09-24T15:25:06.035897,0.034
S006,R07,RECONSTRUCTION,SUCCESS,,2026-09-24T15:25:06.158824,0.12
S006,R07,QUALITY,SUCCESS,,2026-09-24T15:25:06.398167,0.239
S006,R07,TOTAL,SUCCESS,,2026-09-24T15:25:06.400177,51.591
S006,R08,LOAD,SUCCESS,,2026-09-24T15:25:06.620120,0.077
S006,R08,PREPROCESSING,SUCCESS,,2026-09-24T15:25:06.925598,0.305
S006,R08,ICA,SUCCESS,,2026-09-24T15:26:07.595705,60.67
S006,R08,ICLabel,SUCCESS,,2026-09-24T15:26:10.348532,2.753
S006,R08,PSD,SUCCESS,,2026-09-24T15:26:10.611710,0.203
S006,R08,ALICE,SUCCESS,,2026-09-24T15:26:10.826333,0.211
S006,R08,FEATURES,SUCCESS,,2026-09-24T15:26:11.639102,0.81
S006,R08,FUSION,SUCCESS,,2026-09-24T15:26:13.460413,0.056
S006,R08,NEUROAGENT,SUCCESS,,2026-09-24T15:26:13.495563,0.031
S006,R08,RECONSTRUCTION,SUCCESS,,2026-09-24T15:26:13.615412,0.114
S006,R08,QUALITY,SUCCESS,,2026-09-24T15:26:13.844630,0.229
S006,R08,TOTAL,SUCCESS,,2026-09-24T15:26:13.844630,67.301
S006,R09,LOAD,SUCCESS,,2026-09-24T15:26:14.053202,0.067
S006,R09,PREPROCESSING,SUCCESS,,2026-09-24T15:26:14.265463,0.212
S006,R09,ICA,SUCCESS,,2026-09-24T15:26:59.182702,44.917
S006,R09,ICLabel,SUCCESS,,2026-09-24T15:27:01.902237,2.704
S006,R09,PSD,SUCCESS,,2026-09-24T15:27:02.163523,0.21
S006,R09,ALICE,SUCCESS,,2026-09-24T15:27:02.360509,0.194
S006,R09,FEATURES,SUCCESS,,2026-09-24T15:27:03.304965,0.944
S006,R09,FUSION,SUCCESS,,2026-09-24T15:27:05.175566,0.061
S006,R09,NEUROAGENT,SUCCESS,,2026-09-24T15:27:05.198451,0.018
S006,R09,RECONSTRUCTION,SUCCESS,,2026-09-24T15:27:05.305676,0.105
S006,R09,QUALITY,SUCCESS,,2026-09-24T15:27:05.501234,0.18
S006,R09,TOTAL,SUCCESS,,2026-09-24T15:27:05.501234,51.515
S006,R10,LOAD,SUCCESS,,2026-09-24T15:27:05.697222,0.07
S006,R10,PREPROCESSING,SUCCESS,,2026-09-24T15:27:05.932221,0.23
S006,R10,ICA,SUCCESS,,2026-09-24T15:27:48.601910,42.66
S006,R10,ICLabel,SUCCESS,,2026-09-24T15:27:51.468209,2.864
S006,R10,PSD,SUCCESS,,2026-09-24T15:27:51.762918,0.241
S006,R10,ALICE,SUCCESS,,2026-09-24T15:27:51.982684,0.22
S006,R10,FEATURES,SUCCESS,,2026-09-24T15:27:52.884202,0.902
S006,R10,FUSION,SUCCESS,,2026-09-24T15:27:54.829932,0.042
S006,R10,NEUROAGENT,SUCCESS,,2026-09-24T15:27:54.862663,0.03
S006,R10,RECONSTRUCTION,SUCCESS,,2026-09-24T15:27:54.964897,0.096
S006,R10,QUALITY,SUCCESS,,2026-09-24T15:27:55.157509,0.19
S006,R10,TOTAL,SUCCESS,,2026-09-24T15:27:55.157509,49.531
S006,R11,LOAD,SUCCESS,,2026-09-24T15:27:55.377941,0.08
S006,R11,PREPROCESSING,SUCCESS,,2026-09-24T15:27:55.630515,0.246
S006,R11,ICA,SUCCESS,,2026-09-24T15:28:28.202629,32.572
S006,R11,ICLabel,SUCCESS,,2026-09-24T15:28:31.166808,2.949
S006,R11,PSD,SUCCESS,,2026-09-24T15:28:31.462423,0.228
S006,R11,ALICE,SUCCESS,,2026-09-24T15:28:31.662523,0.196
S006,R11,FEATURES,SUCCESS,,2026-09-24T15:28:32.428992,0.766
S006,R11,FUSION,SUCCESS,,2026-09-24T15:28:34.238499,0.044
S006,R11,NEUROAGENT,SUCCESS,,2026-09-24T15:28:34.271772,0.029
S006,R11,RECONSTRUCTION,SUCCESS,,2026-09-24T15:28:34.388111,0.111
S006,R11,QUALITY,SUCCESS,,2026-09-24T15:28:34.582255,0.194
S006,R11,TOTAL,SUCCESS,,2026-09-24T15:28:34.582255,39.284
S006,R12,LOAD,SUCCESS,,2026-09-24T15:28:34.804235,0.089
S006,R12,PREPROCESSING,SUCCESS,,2026-09-24T15:28:35.020485,0.206
S006,R12,ICA,SUCCESS,,2026-09-24T15:29:09.601559,34.581
S006,R12,ICLabel,SUCCESS,,2026-09-24T15:29:12.459676,2.858
S006,R12,PSD,SUCCESS,,2026-09-24T15:29:12.699901,0.184
S006,R12,ALICE,SUCCESS,,2026-09-24T15:29:12.899593,0.2
S006,R12,FEATURES,SUCCESS,,2026-09-24T15:29:13.768535,0.869
S006,R12,FUSION,SUCCESS,,2026-09-24T15:29:15.888359,0.047
S006,R12,NEUROAGENT,SUCCESS,,2026-09-24T15:29:15.918639,0.025
S006,R12,RECONSTRUCTION,SUCCESS,,2026-09-24T15:29:16.035318,0.112
S006,R12,QUALITY,SUCCESS,,2026-09-24T15:29:16.222059,0.187
S006,R12,TOTAL,SUCCESS,,2026-09-24T15:29:16.222059,41.507
S006,R13,LOAD,SUCCESS,,2026-09-24T15:29:16.428295,0.073
S006,R13,PREPROCESSING,SUCCESS,,2026-09-24T15:29:16.638046,0.206
S006,R13,ICA,SUCCESS,,2026-09-24T15:30:08.418449,51.78
S006,R13,ICLabel,SUCCESS,,2026-09-24T15:30:19.928031,11.508
S006,R13,PSD,SUCCESS,,2026-09-24T15:30:20.675052,0.672
S006,R13,ALICE,SUCCESS,,2026-09-24T15:30:21.625562,0.94
S006,R13,FEATURES,SUCCESS,,2026-09-24T15:30:25.529538,3.88
S006,R13,FUSION,SUCCESS,,2026-09-24T15:30:29.454879,0.08
S006,R13,NEUROAGENT,SUCCESS,,2026-09-24T15:30:29.498946,0.037
S006,R13,RECONSTRUCTION,SUCCESS,,2026-09-24T15:30:29.718452,0.21
S006,R13,QUALITY,SUCCESS,,2026-09-24T15:30:30.247594,0.516
S006,R13,TOTAL,SUCCESS,,2026-09-24T15:30:30.260422,73.901
S006,R14,LOAD,SUCCESS,,2026-09-24T15:30:30.655878,0.089
S006,R14,PREPROCESSING,SUCCESS,,2026-09-24T15:30:31.262003,0.591
S006,R14,ICA,SUCCESS,,2026-09-24T15:31:30.010227,58.743
S006,R14,ICLabel,SUCCESS,,2026-09-24T15:31:32.836756,2.827
S006,R14,PSD,SUCCESS,,2026-09-24T15:31:33.112720,0.233
S006,R14,ALICE,SUCCESS,,2026-09-24T15:31:33.337241,0.22
S006,R14,FEATURES,SUCCESS,,2026-09-24T15:31:34.116600,0.776
S006,R14,FUSION,SUCCESS,,2026-09-24T15:31:35.956851,0.051
S006,R14,NEUROAGENT,SUCCESS,,2026-09-24T15:31:35.988465,0.024
S006,R14,RECONSTRUCTION,SUCCESS,,2026-09-24T15:31:36.101063,0.109
S006,R14,QUALITY,SUCCESS,,2026-09-24T15:31:36.303255,0.202
S006,R14,TOTAL,SUCCESS,,2026-09-24T15:31:36.303255,65.737
S007,R01,LOAD,SUCCESS,,2026-09-24T15:31:36.500943,0.05
S007,R01,PREPROCESSING,SUCCESS,,2026-09-24T15:31:36.651270,0.148
S007,R01,ICA,SUCCESS,,2026-09-24T15:31:55.172836,18.522
S007,R01,ICLabel,SUCCESS,,2026-09-24T15:31:58.018811,2.831
S007,R01,PSD,SUCCESS,,2026-09-24T15:31:58.280230,0.213
S007,R01,ALICE,SUCCESS,,2026-09-24T15:31:58.510410,0.224
S007,R01,FEATURES,SUCCESS,,2026-09-24T15:31:59.199697,0.687
S007,R01,FUSION,SUCCESS,,2026-09-24T15:32:00.479657,0.058
S007,R01,NEUROAGENT,SUCCESS,,2026-09-24T15:32:00.509674,0.025
S007,R01,RECONSTRUCTION,SUCCESS,,2026-09-24T15:32:00.603605,0.091
S007,R01,QUALITY,SUCCESS,,2026-09-24T15:32:00.731156,0.126
S007,R01,TOTAL,SUCCESS,,2026-09-24T15:32:00.731156,24.28
S007,R02,LOAD,SUCCESS,,2026-09-24T15:32:00.981349,0.082
S007,R02,PREPROCESSING,SUCCESS,,2026-09-24T15:32:01.133268,0.145
S007,R02,ICA,SUCCESS,,2026-09-24T15:33:11.728266,70.592
S007,R02,ICLabel,SUCCESS,,2026-09-24T15:33:22.770627,11.024
S007,R02,PSD,SUCCESS,,2026-09-24T15:33:23.196683,0.375
S007,R02,ALICE,SUCCESS,,2026-09-24T15:33:23.749643,0.545
S007,R02,FEATURES,SUCCESS,,2026-09-24T15:33:25.822731,2.073
S007,R02,FUSION,SUCCESS,,2026-09-24T15:33:28.080200,0.092
S007,R02,NEUROAGENT,SUCCESS,,2026-09-24T15:33:28.134114,0.045
S007,R02,RECONSTRUCTION,SUCCESS,,2026-09-24T15:33:28.281159,0.139
S007,R02,QUALITY,SUCCESS,,2026-09-24T15:33:28.537152,0.246
S007,R02,TOTAL,SUCCESS,,2026-09-24T15:33:28.542962,87.644
S007,R03,LOAD,SUCCESS,,2026-09-24T15:33:28.904191,0.103
S007,R03,PREPROCESSING,SUCCESS,,2026-09-24T15:33:29.596483,0.681
S007,R03,ICA,SUCCESS,,2026-09-24T15:34:56.286637,86.681
S007,R03,ICLabel,SUCCESS,,2026-09-24T15:35:08.135361,11.838
S007,R03,PSD,SUCCESS,,2026-09-24T15:35:08.826707,0.614
S007,R03,ALICE,SUCCESS,,2026-09-24T15:35:09.627590,0.792
S007,R03,FEATURES,SUCCESS,,2026-09-24T15:35:13.511623,3.884
S007,R03,FUSION,SUCCESS,,2026-09-24T15:35:17.302206,0.139
S007,R03,NEUROAGENT,SUCCESS,,2026-09-24T15:35:17.394106,0.078
S007,R03,RECONSTRUCTION,SUCCESS,,2026-09-24T15:35:17.634022,0.229
S007,R03,QUALITY,SUCCESS,,2026-09-24T15:35:18.199186,0.555
S007,R03,TOTAL,SUCCESS,,2026-09-24T15:35:18.217646,109.416
S007,R04,LOAD,SUCCESS,,2026-09-24T15:35:18.661847,0.147
S007,R04,PREPROCESSING,SUCCESS,,2026-09-24T15:35:19.354700,0.676
S007,R04,ICA,SUCCESS,,2026-09-24T15:37:28.037978,128.668
S007,R04,ICLabel,SUCCESS,,2026-09-24T15:37:40.105593,12.068
S007,R04,PSD,SUCCESS,,2026-09-24T15:37:40.767429,0.585
S007,R04,ALICE,SUCCESS,,2026-09-24T15:37:41.562307,0.786
S007,R04,FEATURES,SUCCESS,,2026-09-24T15:37:45.470075,3.9
S007,R04,FUSION,SUCCESS,,2026-09-24T15:37:49.336277,0.095
S007,R04,NEUROAGENT,SUCCESS,,2026-09-24T15:37:49.388775,0.044
S007,R04,RECONSTRUCTION,SUCCESS,,2026-09-24T15:37:49.580340,0.184
S007,R04,QUALITY,SUCCESS,,2026-09-24T15:37:50.076542,0.483
S007,R04,TOTAL,SUCCESS,,2026-09-24T15:37:50.086471,151.571
S007,R05,LOAD,SUCCESS,,2026-09-24T15:37:50.433660,0.106
S007,R05,PREPROCESSING,SUCCESS,,2026-09-24T15:37:51.070684,0.624
S007,R05,ICA,SUCCESS,,2026-09-24T15:38:58.959289,67.889
S007,R05,ICLabel,SUCCESS,,2026-09-24T15:39:02.178085,3.213
S007,R05,PSD,SUCCESS,,2026-09-24T15:39:02.458610,0.222
S007,R05,ALICE,SUCCESS,,2026-09-24T15:39:02.709350,0.247
S007,R05,FEATURES,SUCCESS,,2026-09-24T15:39:03.574930,0.853
S007,R05,FUSION,SUCCESS,,2026-09-24T15:39:05.498122,0.043
S007,R05,NEUROAGENT,SUCCESS,,2026-09-24T15:39:05.529641,0.026
S007,R05,RECONSTRUCTION,SUCCESS,,2026-09-24T15:39:05.665916,0.131
S007,R05,QUALITY,SUCCESS,,2026-09-24T15:39:05.938032,0.27
S007,R05,TOTAL,SUCCESS,,2026-09-24T15:39:05.938032,75.611
S007,R06,LOAD,SUCCESS,,2026-09-24T15:39:06.239469,0.096
S007,R06,PREPROCESSING,SUCCESS,,2026-09-24T15:39:06.493403,0.249
S007,R06,ICA,SUCCESS,,2026-09-24T15:39:36.906477,30.413
S007,R06,ICLabel,SUCCESS,,2026-09-24T15:39:39.867936,2.96
S007,R06,PSD,SUCCESS,,2026-09-24T15:39:40.153011,0.234
S007,R06,ALICE,SUCCESS,,2026-09-24T15:39:40.408063,0.255
S007,R06,FEATURES,SUCCESS,,2026-09-24T15:39:41.194337,0.786
S007,R06,FUSION,SUCCESS,,2026-09-24T15:39:43.126100,0.048
S007,R06,NEUROAGENT,SUCCESS,,2026-09-24T15:39:43.150176,0.024
S007,R06,RECONSTRUCTION,SUCCESS,,2026-09-24T15:39:43.252304,0.097
S007,R06,QUALITY,SUCCESS,,2026-09-24T15:39:43.464665,0.212
S007,R06,TOTAL,SUCCESS,,2026-09-24T15:39:43.466864,37.325
S007,R07,LOAD,SUCCESS,,2026-09-24T15:39:43.684369,0.073
S007,R07,PREPROCESSING,SUCCESS,,2026-09-24T15:39:43.943879,0.251
S007,R07,ICA,SUCCESS,,2026-09-24T15:40:08.930476,24.987
S007,R07,ICLabel,SUCCESS,,2026-09-24T15:40:11.701356,2.771
S007,R07,PSD,SUCCESS,,2026-09-24T15:40:12.003325,0.243
S007,R07,ALICE,SUCCESS,,2026-09-24T15:40:12.337531,0.326
S007,R07,FEATURES,SUCCESS,,2026-09-24T15:40:13.141316,0.804
S007,R07,FUSION,SUCCESS,,2026-09-24T15:40:15.084042,0.048
S007,R07,NEUROAGENT,SUCCESS,,2026-09-24T15:40:15.116992,0.03
S007,R07,RECONSTRUCTION,SUCCESS,,2026-09-24T15:40:15.226758,0.102
S007,R07,QUALITY,SUCCESS,,2026-09-24T15:40:15.449092,0.219
S007,R07,TOTAL,SUCCESS,,2026-09-24T15:40:15.449092,31.837
S007,R08,LOAD,SUCCESS,,2026-09-24T15:40:15.664247,0.071
S007,R08,PREPROCESSING,SUCCESS,,2026-09-24T15:40:15.903569,0.233
S007,R08,ICA,SUCCESS,,2026-09-24T15:40:58.323044,42.419
S007,R08,ICLabel,SUCCESS,,2026-09-24T15:41:02.831763,4.493
S007,R08,PSD,SUCCESS,,2026-09-24T15:41:03.135627,0.234
S007,R08,ALICE,SUCCESS,,2026-09-24T15:41:03.546321,0.406
S007,R08,FEATURES,SUCCESS,,2026-09-24T15:41:04.632192,1.082
S007,R08,FUSION,SUCCESS,,2026-09-24T15:41:06.597171,0.052
S007,R08,NEUROAGENT,SUCCESS,,2026-09-24T15:41:06.629006,0.025
S007,R08,RECONSTRUCTION,SUCCESS,,2026-09-24T15:41:06.747629,0.111
S007,R08,QUALITY,SUCCESS,,2026-09-24T15:41:07.081013,0.325
S007,R08,TOTAL,SUCCESS,,2026-09-24T15:41:07.081013,51.488
S007,R09,LOAD,SUCCESS,,2026-09-24T15:41:07.387567,0.079
S007,R09,PREPROCESSING,SUCCESS,,2026-09-24T15:41:07.641094,0.252
S007,R09,ICA,SUCCESS,,2026-09-24T15:41:33.068801,25.42
S007,R09,ICLabel,SUCCESS,,2026-09-24T15:41:35.901210,2.829
S007,R09,PSD,SUCCESS,,2026-09-24T15:41:36.190807,0.218
S007,R09,ALICE,SUCCESS,,2026-09-24T15:41:36.449093,0.255
S007,R09,FEATURES,SUCCESS,,2026-09-24T15:41:37.402212,0.953
S007,R09,FUSION,SUCCESS,,2026-09-24T15:41:39.383369,0.055
S007,R09,NEUROAGENT,SUCCESS,,2026-09-24T15:41:39.414382,0.027
S007,R09,RECONSTRUCTION,SUCCESS,,2026-09-24T15:41:39.532345,0.111
S007,R09,QUALITY,SUCCESS,,2026-09-24T15:41:39.802207,0.27
S007,R09,TOTAL,SUCCESS,,2026-09-24T15:41:39.802207,32.494
S007,R10,LOAD,SUCCESS,,2026-09-24T15:41:40.118163,0.085
S007,R10,PREPROCESSING,SUCCESS,,2026-09-24T15:41:40.356212,0.23
S007,R10,ICA,SUCCESS,,2026-09-24T15:42:04.034049,23.678
S007,R10,ICLabel,SUCCESS,,2026-09-24T15:42:06.898772,2.86
S007,R10,PSD,SUCCESS,,2026-09-24T15:42:07.213101,0.255
S007,R10,ALICE,SUCCESS,,2026-09-24T15:42:07.583741,0.336
S007,R10,FEATURES,SUCCESS,,2026-09-24T15:42:08.898690,1.315
S007,R10,FUSION,SUCCESS,,2026-09-24T15:42:11.242951,0.033
S007,R10,NEUROAGENT,SUCCESS,,2026-09-24T15:42:11.276021,0.029
S007,R10,RECONSTRUCTION,SUCCESS,,2026-09-24T15:42:11.410663,0.127
S007,R10,QUALITY,SUCCESS,,2026-09-24T15:42:11.622633,0.212
S007,R10,TOTAL,SUCCESS,,2026-09-24T15:42:11.635539,31.603
S007,R11,LOAD,SUCCESS,,2026-09-24T15:42:11.921633,0.091
S007,R11,PREPROCESSING,SUCCESS,,2026-09-24T15:42:12.299748,0.374
S007,R11,ICA,SUCCESS,,2026-09-24T15:43:15.619479,63.306
S007,R11,ICLabel,SUCCESS,,2026-09-24T15:43:22.261277,6.642
S007,R11,PSD,SUCCESS,,2026-09-24T15:43:22.721855,0.396
S007,R11,ALICE,SUCCESS,,2026-09-24T15:43:23.250718,0.522
S007,R11,FEATURES,SUCCESS,,2026-09-24T15:43:25.018112,1.763
S007,R11,FUSION,SUCCESS,,2026-09-24T15:43:27.541683,0.071
S007,R11,NEUROAGENT,SUCCESS,,2026-09-24T15:43:27.584653,0.038
S007,R11,RECONSTRUCTION,SUCCESS,,2026-09-24T15:43:27.742249,0.149
S007,R11,QUALITY,SUCCESS,,2026-09-24T15:43:28.036363,0.294
S007,R11,TOTAL,SUCCESS,,2026-09-24T15:43:28.036363,76.208
S007,R12,LOAD,SUCCESS,,2026-09-24T15:43:28.334856,0.091
S007,R12,PREPROCESSING,SUCCESS,,2026-09-24T15:43:28.747060,0.404
S007,R12,ICA,SUCCESS,,2026-09-24T15:50:33.840907,425.086
S007,R12,ICLabel,SUCCESS,,2026-09-24T15:50:39.770640,5.93
S007,R12,PSD,SUCCESS,,2026-09-24T15:50:40.082908,0.252
S007,R12,ALICE,SUCCESS,,2026-09-24T15:50:40.465624,0.377
S007,R12,FEATURES,SUCCESS,,2026-09-24T15:50:41.939019,1.471
S007,R12,FUSION,SUCCESS,,2026-09-24T15:50:45.572168,0.086
S007,R12,NEUROAGENT,SUCCESS,,2026-09-24T15:50:45.641707,0.059
S007,R12,RECONSTRUCTION,SUCCESS,,2026-09-24T15:50:45.800549,0.147
S007,R12,QUALITY,SUCCESS,,2026-09-24T15:50:46.366653,0.561
S007,R12,TOTAL,SUCCESS,,2026-09-24T15:50:46.389484,438.144
S007,R13,LOAD,SUCCESS,,2026-09-24T15:50:46.730745,0.069
S007,R13,PREPROCESSING,SUCCESS,,2026-09-24T15:50:47.327189,0.588
S007,R13,ICA,SUCCESS,,2026-09-24T15:51:57.300236,69.971
S007,R13,ICLabel,SUCCESS,,2026-09-24T15:52:08.983095,11.666
S007,R13,PSD,SUCCESS,,2026-09-24T15:52:09.663905,0.601
S007,R13,ALICE,SUCCESS,,2026-09-24T15:52:10.481328,0.808
S007,R13,FEATURES,SUCCESS,,2026-09-24T15:52:14.826226,4.333
S007,R13,FUSION,SUCCESS,,2026-09-24T15:52:18.729573,0.082
S007,R13,NEUROAGENT,SUCCESS,,2026-09-24T15:52:18.785922,0.046
S007,R13,RECONSTRUCTION,SUCCESS,,2026-09-24T15:52:19.029501,0.235
S007,R13,QUALITY,SUCCESS,,2026-09-24T15:52:19.580117,0.551
S007,R13,TOTAL,SUCCESS,,2026-09-24T15:52:19.595180,92.936
S007,R14,LOAD,SUCCESS,,2026-09-24T15:52:19.965186,0.118
S007,R14,PREPROCESSING,SUCCESS,,2026-09-24T15:52:20.675656,0.694
S007,R14,ICA,SUCCESS,,2026-09-24T15:53:44.203147,83.521
S007,R14,ICLabel,SUCCESS,,2026-09-24T15:53:57.750734,13.531
S007,R14,PSD,SUCCESS,,2026-09-24T15:53:58.818943,0.908
S007,R14,ALICE,SUCCESS,,2026-09-24T15:53:59.601549,0.774
S007,R14,FEATURES,SUCCESS,,2026-09-24T15:54:03.816685,4.215
S007,R14,FUSION,SUCCESS,,2026-09-24T15:54:08.201813,0.102
S007,R14,NEUROAGENT,SUCCESS,,2026-09-24T15:54:08.265723,0.056
S007,R14,RECONSTRUCTION,SUCCESS,,2026-09-24T15:54:08.503650,0.228
S007,R14,QUALITY,SUCCESS,,2026-09-24T15:54:09.127276,0.617
S007,R14,TOTAL,SUCCESS,,2026-09-24T15:54:09.143654,109.297
S008,R01,LOAD,SUCCESS,,2026-09-24T15:54:09.647721,0.164
S008,R01,PREPROCESSING,SUCCESS,,2026-09-24T15:54:10.263171,0.599
S008,R01,ICA,SUCCESS,,2026-09-24T15:54:43.416108,33.146
S008,R01,ICLabel,SUCCESS,,2026-09-24T15:54:46.700620,3.285
S008,R01,PSD,SUCCESS,,2026-09-24T15:54:46.918499,0.187
S008,R01,ALICE,SUCCESS,,2026-09-24T15:54:47.093854,0.175
S008,R01,FEATURES,SUCCESS,,2026-09-24T15:54:47.625759,0.532
S008,R01,FUSION,SUCCESS,,2026-09-24T15:54:49.029237,0.044
S008,R01,NEUROAGENT,SUCCESS,,2026-09-24T15:54:49.062465,0.03
S008,R01,RECONSTRUCTION,SUCCESS,,2026-09-24T15:54:49.150769,0.083
S008,R01,QUALITY,SUCCESS,,2026-09-24T15:54:49.269081,0.113
S008,R01,TOTAL,SUCCESS,,2026-09-24T15:54:49.269081,39.787
S008,R02,LOAD,SUCCESS,,2026-09-24T15:54:49.452692,0.058
S008,R02,PREPROCESSING,SUCCESS,,2026-09-24T15:54:49.600931,0.148
S008,R02,ICA,SUCCESS,,2026-09-24T15:55:12.588657,22.987
S008,R02,ICLabel,SUCCESS,,2026-09-24T15:55:15.653424,3.063
S008,R02,PSD,SUCCESS,,2026-09-24T15:55:15.865047,0.181
S008,R02,ALICE,SUCCESS,,2026-09-24T15:55:16.020925,0.154
S008,R02,FEATURES,SUCCESS,,2026-09-24T15:55:16.524914,0.504
S008,R02,FUSION,SUCCESS,,2026-09-24T15:55:17.659689,0.049
S008,R02,NEUROAGENT,SUCCESS,,2026-09-24T15:55:17.693611,0.03
S008,R02,RECONSTRUCTION,SUCCESS,,2026-09-24T15:55:17.778952,0.079
S008,R02,QUALITY,SUCCESS,,2026-09-24T15:55:17.888434,0.106
S008,R02,TOTAL,SUCCESS,,2026-09-24T15:55:17.890446,28.498
S008,R03,LOAD,SUCCESS,,2026-09-24T15:55:18.074879,0.072
S008,R03,PREPROCESSING,SUCCESS,,2026-09-24T15:55:18.263429,0.186
S008,R03,ICA,SUCCESS,,2026-09-24T15:55:49.941201,31.661
S008,R03,ICLabel,SUCCESS,,2026-09-24T15:55:52.799918,2.859
S008,R03,PSD,SUCCESS,,2026-09-24T15:55:53.059812,0.211
S008,R03,ALICE,SUCCESS,,2026-09-24T15:55:53.320813,0.256
S008,R03,FEATURES,SUCCESS,,2026-09-24T15:55:54.353089,1.025
S008,R03,FUSION,SUCCESS,,2026-09-24T15:55:56.398882,0.039
S008,R03,NEUROAGENT,SUCCESS,,2026-09-24T15:55:56.432028,0.028
S008,R03,RECONSTRUCTION,SUCCESS,,2026-09-24T15:55:56.551062,0.114
S008,R03,QUALITY,SUCCESS,,2026-09-24T15:55:56.753106,0.202
S008,R03,TOTAL,SUCCESS,,2026-09-24T15:55:56.753106,38.75
S008,R04,LOAD,SUCCESS,,2026-09-24T15:55:56.957236,0.06
S008,R04,PREPROCESSING,SUCCESS,,2026-09-24T15:55:57.160288,0.203
S008,R04,ICA,SUCCESS,,2026-09-24T15:57:09.405792,72.246
S008,R04,ICLabel,SUCCESS,,2026-09-24T15:57:24.784521,15.378
S008,R04,PSD,SUCCESS,,2026-09-24T15:57:25.410202,0.554
S008,R04,ALICE,SUCCESS,,2026-09-24T15:57:26.161067,0.744
S008,R04,FEATURES,SUCCESS,,2026-09-24T15:57:29.897001,3.736
S008,R04,FUSION,SUCCESS,,2026-09-24T15:57:33.706924,0.08
S008,R04,NEUROAGENT,SUCCESS,,2026-09-24T15:57:33.750471,0.037
S008,R04,RECONSTRUCTION,SUCCESS,,2026-09-24T15:57:33.930765,0.173
S008,R04,QUALITY,SUCCESS,,2026-09-24T15:57:34.390767,0.445
S008,R04,TOTAL,SUCCESS,,2026-09-24T15:57:34.398390,97.495
S008,R05,LOAD,SUCCESS,,2026-09-24T15:57:34.725427,0.092
S008,R05,PREPROCESSING,SUCCESS,,2026-09-24T15:57:35.288501,0.563
S008,R05,ICA,SUCCESS,,2026-09-24T15:58:51.211615,75.892
S008,R05,ICLabel,SUCCESS,,2026-09-24T15:59:02.317160,11.106
S008,R05,PSD,SUCCESS,,2026-09-24T15:59:02.952417,0.565
S008,R05,ALICE,SUCCESS,,2026-09-24T15:59:03.700544,0.738
S008,R05,FEATURES,SUCCESS,,2026-09-24T15:59:07.335505,3.626
S008,R05,FUSION,SUCCESS,,2026-09-24T15:59:10.941193,0.074
S008,R05,NEUROAGENT,SUCCESS,,2026-09-24T15:59:10.989213,0.041
S008,R05,RECONSTRUCTION,SUCCESS,,2026-09-24T15:59:11.188760,0.193
S008,R05,QUALITY,SUCCESS,,2026-09-24T15:59:11.703447,0.507
S008,R05,TOTAL,SUCCESS,,2026-09-24T15:59:11.710652,97.074
S008,R06,LOAD,SUCCESS,,2026-09-24T15:59:12.037355,0.088
S008,R06,PREPROCESSING,SUCCESS,,2026-09-24T15:59:12.609431,0.565
S008,R06,ICA,SUCCESS,,2026-09-24T16:00:37.862071,85.253
S008,R06,ICLabel,SUCCESS,,2026-09-24T16:00:49.119428,11.241
S008,R06,PSD,SUCCESS,,2026-09-24T16:00:49.760205,0.569
S008,R06,ALICE,SUCCESS,,2026-09-24T16:00:50.616195,0.854
S008,R06,FEATURES,SUCCESS,,2026-09-24T16:00:54.169099,3.553
S008,R06,FUSION,SUCCESS,,2026-09-24T16:00:57.937544,0.086
S008,R06,NEUROAGENT,SUCCESS,,2026-09-24T16:00:57.984975,0.039
S008,R06,RECONSTRUCTION,SUCCESS,,2026-09-24T16:00:58.194416,0.201
S008,R06,QUALITY,SUCCESS,,2026-09-24T16:00:58.663019,0.463
S008,R06,TOTAL,SUCCESS,,2026-09-24T16:00:58.669721,106.721
S008,R07,LOAD,SUCCESS,,2026-09-24T16:00:58.990743,0.091
S008,R07,PREPROCESSING,SUCCESS,,2026-09-24T16:00:59.549606,0.545
S008,R07,ICA,SUCCESS,,2026-09-24T16:03:03.337957,123.782
S008,R07,ICLabel,SUCCESS,,2026-09-24T16:03:14.808824,11.456
S008,R07,PSD,SUCCESS,,2026-09-24T16:03:15.466624,0.581
S008,R07,ALICE,SUCCESS,,2026-09-24T16:03:16.246003,0.779
S008,R07,FEATURES,SUCCESS,,2026-09-24T16:03:19.958369,3.697
S008,R07,FUSION,SUCCESS,,2026-09-24T16:03:23.819873,0.077
S008,R07,NEUROAGENT,SUCCESS,,2026-09-24T16:03:23.865901,0.031
S008,R07,RECONSTRUCTION,SUCCESS,,2026-09-24T16:03:24.095313,0.214
S008,R07,QUALITY,SUCCESS,,2026-09-24T16:03:24.631597,0.536
S008,R07,TOTAL,SUCCESS,,2026-09-24T16:03:24.647000,145.747
S008,R08,LOAD,SUCCESS,,2026-09-24T16:03:24.986045,0.089
S008,R08,PREPROCESSING,SUCCESS,,2026-09-24T16:03:25.596836,0.611
S008,R08,ICA,SUCCESS,,2026-09-24T16:05:06.850110,101.238
S008,R08,ICLabel,SUCCESS,,2026-09-24T16:05:18.043547,11.186
S008,R08,PSD,SUCCESS,,2026-09-24T16:05:18.760037,0.64
S008,R08,ALICE,SUCCESS,,2026-09-24T16:05:19.632354,0.864
S008,R08,FEATURES,SUCCESS,,2026-09-24T16:05:23.443732,3.811
S008,R08,FUSION,SUCCESS,,2026-09-24T16:05:27.306613,0.091
S008,R08,NEUROAGENT,SUCCESS,,2026-09-24T16:05:27.352878,0.031
S008,R08,RECONSTRUCTION,SUCCESS,,2026-09-24T16:05:27.603883,0.235
S008,R08,QUALITY,SUCCESS,,2026-09-24T16:05:28.137100,0.518
S008,R08,TOTAL,SUCCESS,,2026-09-24T16:05:28.144791,123.244
S008,R09,LOAD,SUCCESS,,2026-09-24T16:05:28.479155,0.091
S008,R09,PREPROCESSING,SUCCESS,,2026-09-24T16:05:29.057015,0.571
S008,R09,ICA,SUCCESS,,2026-09-24T16:06:27.883181,58.818
S008,R09,ICLabel,SUCCESS,,2026-09-24T16:06:39.076556,11.186
S008,R09,PSD,SUCCESS,,2026-09-24T16:06:39.768318,0.614
S008,R09,ALICE,SUCCESS,,2026-09-24T16:06:40.604513,0.835
S008,R09,FEATURES,SUCCESS,,2026-09-24T16:06:44.223722,3.619
S008,R09,FUSION,SUCCESS,,2026-09-24T16:06:47.898523,0.077
S008,R09,NEUROAGENT,SUCCESS,,2026-09-24T16:06:47.943834,0.031
S008,R09,RECONSTRUCTION,SUCCESS,,2026-09-24T16:06:48.132211,0.173
S008,R09,QUALITY,SUCCESS,,2026-09-24T16:06:48.600258,0.452
S008,R09,TOTAL,SUCCESS,,2026-09-24T16:06:48.606651,80.22
S008,R10,LOAD,SUCCESS,,2026-09-24T16:06:48.960477,0.096
S008,R10,PREPROCESSING,SUCCESS,,2026-09-24T16:06:49.528394,0.56
S008,R10,ICA,SUCCESS,,2026-09-24T16:08:37.677110,108.143
S008,R10,ICLabel,SUCCESS,,2026-09-24T16:08:48.973467,11.296
S008,R10,PSD,SUCCESS,,2026-09-24T16:08:49.772104,0.725
S008,R10,ALICE,SUCCESS,,2026-09-24T16:08:50.731532,0.951
S008,R10,FEATURES,SUCCESS,,2026-09-24T16:08:55.721430,4.983
S008,R10,FUSION,SUCCESS,,2026-09-24T16:15:22.191149,0.06
S008,R10,NEUROAGENT,SUCCESS,,2026-09-24T16:15:22.224591,0.028
S008,R10,RECONSTRUCTION,SUCCESS,,2026-09-24T16:15:22.422005,0.191
S008,R10,QUALITY,SUCCESS,,2026-09-24T16:15:22.997267,0.567
S008,R10,TOTAL,SUCCESS,,2026-09-24T16:15:23.008410,514.144
S008,R11,LOAD,SUCCESS,,2026-09-24T16:15:23.345709,0.101
S008,R11,PREPROCESSING,SUCCESS,,2026-09-24T16:15:24.083853,0.733
S008,R11,ICA,SUCCESS,,2026-09-24T16:16:54.980807,90.89
S008,R11,ICLabel,SUCCESS,,2026-09-24T16:17:07.126836,12.131
S008,R11,PSD,SUCCESS,,2026-09-24T16:17:07.765075,0.566
S008,R11,ALICE,SUCCESS,,2026-09-24T16:17:08.530047,0.765
S008,R11,FEATURES,SUCCESS,,2026-09-24T16:17:12.267084,3.737
S008,R11,FUSION,SUCCESS,,2026-09-24T16:17:15.934791,0.074
S008,R11,NEUROAGENT,SUCCESS,,2026-09-24T16:17:15.981465,0.037
S008,R11,RECONSTRUCTION,SUCCESS,,2026-09-24T16:17:16.169327,0.182
S008,R11,QUALITY,SUCCESS,,2026-09-24T16:17:16.646188,0.469
S008,R11,TOTAL,SUCCESS,,2026-09-24T16:17:16.652708,113.408
S008,R12,LOAD,SUCCESS,,2026-09-24T16:17:16.993799,0.096
S008,R12,PREPROCESSING,SUCCESS,,2026-09-24T16:17:17.592755,0.593
S008,R12,ICA,SUCCESS,,2026-09-24T18:27:18.535936,7800.935
S008,R12,ICLabel,SUCCESS,,2026-09-24T18:27:26.429426,7.888
S008,R12,PSD,SUCCESS,,2026-09-24T18:27:27.032861,0.532
S008,R12,ALICE,SUCCESS,,2026-09-24T18:27:27.961256,0.923
S008,R12,FEATURES,SUCCESS,,2026-09-24T18:27:32.501286,4.532
S008,R12,FUSION,SUCCESS,,2026-09-24T18:27:35.009464,0.057
S008,R12,NEUROAGENT,SUCCESS,,2026-09-24T18:27:35.036855,0.023
S008,R12,RECONSTRUCTION,SUCCESS,,2026-09-24T18:27:35.190581,0.148
S008,R12,QUALITY,SUCCESS,,2026-09-24T18:27:35.674435,0.478
S008,R12,TOTAL,SUCCESS,,2026-09-24T18:27:35.680779,7818.782
S008,R13,LOAD,SUCCESS,,2026-09-24T18:27:35.931985,0.068
S008,R13,PREPROCESSING,SUCCESS,,2026-09-24T18:27:36.375257,0.436
S008,R13,ICA,SUCCESS,,2026-09-24T18:28:28.569847,52.191
S008,R13,ICLabel,SUCCESS,,2026-09-24T18:28:36.101866,7.524
S008,R13,PSD,SUCCESS,,2026-09-24T18:28:36.475003,0.331
S008,R13,ALICE,SUCCESS,,2026-09-24T18:28:36.990937,0.505
S008,R13,FEATURES,SUCCESS,,2026-09-24T18:28:39.196465,2.2
S008,R13,FUSION,SUCCESS,,2026-09-24T18:28:41.427498,0.036
S008,R13,NEUROAGENT,SUCCESS,,2026-09-24T18:28:41.452816,0.022
S008,R13,RECONSTRUCTION,SUCCESS,,2026-09-24T18:28:41.622688,0.166
S008,R13,QUALITY,SUCCESS,,2026-09-24T18:28:42.077621,0.451
S008,R13,TOTAL,SUCCESS,,2026-09-24T18:28:42.084602,66.22
S008,R14,LOAD,SUCCESS,,2026-09-24T18:28:42.344051,0.066
S008,R14,PREPROCESSING,SUCCESS,,2026-09-24T18:28:43.300124,0.949
S008,R14,ICA,SUCCESS,,2026-09-24T18:29:54.750575,71.44
S008,R14,ICLabel,SUCCESS,,2026-09-24T18:30:02.552325,7.795
S008,R14,PSD,SUCCESS,,2026-09-24T18:30:03.315472,0.699
S008,R14,ALICE,SUCCESS,,2026-09-24T18:30:04.134302,0.809
S008,R14,FEATURES,SUCCESS,,2026-09-24T18:30:06.816267,2.677
S008,R14,FUSION,SUCCESS,,2026-09-24T18:30:12.459445,0.085
S008,R14,NEUROAGENT,SUCCESS,,2026-09-24T18:30:12.516365,0.046
S008,R14,RECONSTRUCTION,SUCCESS,,2026-09-24T18:30:12.678754,0.154
S008,R14,QUALITY,SUCCESS,,2026-09-24T18:30:13.111819,0.423
S008,R14,TOTAL,SUCCESS,,2026-09-24T18:30:13.117774,90.84
S009,R01,LOAD,SUCCESS,,2026-09-24T18:30:13.376184,0.049
S009,R01,PREPROCESSING,SUCCESS,,2026-09-24T18:30:13.606874,0.225
S009,R01,ICA,SUCCESS,,2026-09-24T18:31:00.522770,46.911
S009,R01,ICLabel,SUCCESS,,2026-09-24T18:31:06.171695,5.645
S009,R01,PSD,SUCCESS,,2026-09-24T18:31:06.538209,0.298
S009,R01,ALICE,SUCCESS,,2026-09-24T18:31:07.068159,0.525
S009,R01,FEATURES,SUCCESS,,2026-09-24T18:31:08.204013,1.131
S009,R01,FUSION,SUCCESS,,2026-09-24T18:31:09.663011,0.044
S009,R01,NEUROAGENT,SUCCESS,,2026-09-24T18:31:09.741387,0.063
S009,R01,RECONSTRUCTION,SUCCESS,,2026-09-24T18:31:09.893055,0.139
S009,R01,QUALITY,SUCCESS,,2026-09-24T18:31:10.059277,0.161
S009,R01,TOTAL,SUCCESS,,2026-09-24T18:31:10.063022,56.736
S009,R02,LOAD,SUCCESS,,2026-09-24T18:31:10.331986,0.053
S009,R02,PREPROCESSING,SUCCESS,,2026-09-24T18:31:10.559946,0.224
S009,R02,ICA,SUCCESS,,2026-09-24T18:31:34.238986,23.675
S009,R02,ICLabel,SUCCESS,,2026-09-24T18:31:38.827289,4.585
S009,R02,PSD,SUCCESS,,2026-09-24T18:31:39.087914,0.227
S009,R02,ALICE,SUCCESS,,2026-09-24T18:31:39.392877,0.298
S009,R02,FEATURES,SUCCESS,,2026-09-24T18:31:40.293098,0.896
S009,R02,FUSION,SUCCESS,,2026-09-24T18:31:41.857286,0.051
S009,R02,NEUROAGENT,SUCCESS,,2026-09-24T18:31:41.887109,0.025
S009,R02,RECONSTRUCTION,SUCCESS,,2026-09-24T18:31:41.964585,0.071
S009,R02,QUALITY,SUCCESS,,2026-09-24T18:31:42.154452,0.187
S009,R02,TOTAL,SUCCESS,,2026-09-24T18:31:42.160579,31.88
S009,R03,LOAD,SUCCESS,,2026-09-24T18:31:42.468167,0.07
S009,R03,PREPROCESSING,SUCCESS,,2026-09-24T18:31:42.802643,0.334
S009,R03,ICA,SUCCESS,,2026-09-24T18:32:53.839605,71.032
S009,R03,ICLabel,SUCCESS,,2026-09-24T18:33:01.522581,7.676
S009,R03,PSD,SUCCESS,,2026-09-24T18:33:02.241466,0.612
S009,R03,ALICE,SUCCESS,,2026-09-24T18:33:03.168630,0.92
S009,R03,FEATURES,SUCCESS,,2026-09-24T18:33:05.584956,2.413
S009,R03,FUSION,SUCCESS,,2026-09-24T18:33:09.595374,0.053
S009,R03,NEUROAGENT,SUCCESS,,2026-09-24T18:33:09.628262,0.028
S009,R03,RECONSTRUCTION,SUCCESS,,2026-09-24T18:33:09.770100,0.133
S009,R03,QUALITY,SUCCESS,,2026-09-24T18:33:10.028759,0.255
S009,R03,TOTAL,SUCCESS,,2026-09-24T18:33:10.033953,87.636
S009,R04,LOAD,SUCCESS,,2026-09-24T18:33:10.277599,0.068
S009,R04,PREPROCESSING,SUCCESS,,2026-09-24T18:33:10.641974,0.36
S009,R04,ICA,SUCCESS,,2026-09-24T18:34:08.105605,57.462
S009,R04,ICLabel,SUCCESS,,2026-09-24T18:34:12.938659,4.831
S009,R04,PSD,SUCCESS,,2026-09-24T18:34:13.294368,0.319
S009,R04,ALICE,SUCCESS,,2026-09-24T18:34:13.732156,0.432
S009,R04,FEATURES,SUCCESS,,2026-09-24T18:34:15.478900,1.742
S009,R04,FUSION,SUCCESS,,2026-09-24T18:34:19.287301,0.085
S009,R04,NEUROAGENT,SUCCESS,,2026-09-24T18:34:19.332203,0.037
S009,R04,RECONSTRUCTION,SUCCESS,,2026-09-24T18:34:19.468328,0.132
S009,R04,QUALITY,SUCCESS,,2026-09-24T18:34:19.788769,0.317
S009,R04,TOTAL,SUCCESS,,2026-09-24T18:34:19.791651,69.582
S009,R05,LOAD,SUCCESS,,2026-09-24T18:34:20.084684,0.074
S009,R05,PREPROCESSING,SUCCESS,,2026-09-24T18:34:20.396923,0.306
S009,R05,ICA,SUCCESS,,2026-09-24T18:35:27.717957,67.321
S009,R05,ICLabel,SUCCESS,,2026-09-24T18:35:36.663482,8.924
S009,R05,PSD,SUCCESS,,2026-09-24T18:35:37.456187,0.669
S009,R05,ALICE,SUCCESS,,2026-09-24T18:35:38.308541,0.841
S009,R05,FEATURES,SUCCESS,,2026-09-24T18:35:40.549091,2.235
S009,R05,FUSION,SUCCESS,,2026-09-24T18:35:45.004397,0.099
S009,R05,NEUROAGENT,SUCCESS,,2026-09-24T18:35:45.040172,0.031
S009,R05,RECONSTRUCTION,SUCCESS,,2026-09-24T18:35:45.196973,0.152
S009,R05,QUALITY,SUCCESS,,2026-09-24T18:35:45.600074,0.4
S009,R05,TOTAL,SUCCESS,,2026-09-24T18:35:45.614242,85.603
S009,R06,LOAD,SUCCESS,,2026-09-24T18:35:45.895087,0.078
S009,R06,PREPROCESSING,SUCCESS,,2026-09-24T18:35:46.349730,0.45
S009,R06,ICA,SUCCESS,,2026-09-24T18:37:24.554213,98.199
S009,R06,ICLabel,SUCCESS,,2026-09-24T18:37:32.280042,7.722
S009,R06,PSD,SUCCESS,,2026-09-24T18:37:32.855874,0.491
S009,R06,ALICE,SUCCESS,,2026-09-24T18:37:33.531689,0.671
S009,R06,FEATURES,SUCCESS,,2026-09-24T18:37:37.658164,4.122
S009,R06,FUSION,SUCCESS,,2026-09-24T18:37:43.080021,0.091
S009,R06,NEUROAGENT,SUCCESS,,2026-09-24T18:37:43.121612,0.035
S009,R06,RECONSTRUCTION,SUCCESS,,2026-09-24T18:37:43.251091,0.123
S009,R06,QUALITY,SUCCESS,,2026-09-24T18:37:43.664066,0.41
S009,R06,TOTAL,SUCCESS,,2026-09-24T18:37:43.672080,117.855
S009,R07,LOAD,SUCCESS,,2026-09-24T18:37:44.003146,0.105
S009,R07,PREPROCESSING,SUCCESS,,2026-09-24T18:37:44.501792,0.488
S009,R07,ICA,SUCCESS,,2026-09-24T18:38:55.086998,70.579
S009,R07,ICLabel,SUCCESS,,2026-09-24T18:39:01.497246,6.402
S009,R07,PSD,SUCCESS,,2026-09-24T18:39:02.067969,0.457
S009,R07,ALICE,SUCCESS,,2026-09-24T18:39:02.703391,0.626
S009,R07,FEATURES,SUCCESS,,2026-09-24T18:39:05.025125,2.317
S009,R07,FUSION,SUCCESS,,2026-09-24T18:39:11.501116,0.131
S009,R07,NEUROAGENT,SUCCESS,,2026-09-24T18:39:11.565968,0.048
S009,R07,RECONSTRUCTION,SUCCESS,,2026-09-24T18:39:11.725889,0.155
S009,R07,QUALITY,SUCCESS,,2026-09-24T18:39:12.220157,0.484
S009,R07,TOTAL,SUCCESS,,2026-09-24T18:39:12.224438,88.326
S009,R08,LOAD,SUCCESS,,2026-09-24T18:39:12.613433,0.112
S009,R08,PREPROCESSING,SUCCESS,,2026-09-24T18:39:13.272998,0.646
S009,R08,ICA,SUCCESS,,2026-09-24T18:40:22.865098,69.586
S009,R08,ICLabel,SUCCESS,,2026-09-24T18:40:37.890211,15.02
S009,R08,PSD,SUCCESS,,2026-09-24T18:40:38.507955,0.51
S009,R08,ALICE,SUCCESS,,2026-09-24T18:40:39.128598,0.617
S009,R08,FEATURES,SUCCESS,,2026-09-24T18:40:41.515612,2.381
S009,R08,FUSION,SUCCESS,,2026-09-24T18:40:49.989993,0.362
S009,R08,NEUROAGENT,SUCCESS,,2026-09-24T18:40:50.208384,0.187
S009,R08,RECONSTRUCTION,SUCCESS,,2026-09-24T18:40:51.922646,1.673
S009,R08,QUALITY,SUCCESS,,2026-09-24T18:40:53.390389,1.451
S009,R08,TOTAL,SUCCESS,,2026-09-24T18:40:53.409485,100.908
S009,R09,LOAD,SUCCESS,,2026-09-24T18:40:54.397002,0.2
S009,R09,PREPROCESSING,SUCCESS,,2026-09-24T18:40:56.974302,2.564
S009,R09,ICA,SUCCESS,,2026-09-24T18:42:35.585437,98.595
S009,R09,ICLabel,SUCCESS,,2026-09-24T18:42:41.392040,5.802
S009,R09,PSD,SUCCESS,,2026-09-24T18:42:41.920718,0.462
S009,R09,ALICE,SUCCESS,,2026-09-24T18:42:42.595029,0.668
S009,R09,FEATURES,SUCCESS,,2026-09-24T18:42:45.314212,2.715
S009,R09,FUSION,SUCCESS,,2026-09-24T18:42:49.830870,0.084
S009,R09,NEUROAGENT,SUCCESS,,2026-09-24T18:42:49.878362,0.042
S009,R09,RECONSTRUCTION,SUCCESS,,2026-09-24T18:42:50.040034,0.157
S009,R09,QUALITY,SUCCESS,,2026-09-24T18:42:50.382370,0.338
S009,R09,TOTAL,SUCCESS,,2026-09-24T18:42:50.388811,116.191
S009,R10,LOAD,SUCCESS,,2026-09-24T18:42:50.671386,0.074
S009,R10,PREPROCESSING,SUCCESS,,2026-09-24T18:42:51.087882,0.413
S009,R10,ICA,SUCCESS,,2026-09-24T18:43:32.242284,41.151
S009,R10,ICLabel,SUCCESS,,2026-09-24T18:43:39.494182,7.25
S009,R10,PSD,SUCCESS,,2026-09-24T18:43:39.947737,0.383
S009,R10,ALICE,SUCCESS,,2026-09-24T18:43:40.376880,0.426
S009,R10,FEATURES,SUCCESS,,2026-09-24T18:43:42.838792,2.459
S009,R10,FUSION,SUCCESS,,2026-09-24T18:43:46.762739,0.069
S009,R10,NEUROAGENT,SUCCESS,,2026-09-24T18:43:46.795062,0.025
S009,R10,RECONSTRUCTION,SUCCESS,,2026-09-24T18:43:46.949960,0.151
S009,R10,QUALITY,SUCCESS,,2026-09-24T18:43:47.347097,0.394
S009,R10,TOTAL,SUCCESS,,2026-09-24T18:43:47.351948,56.755
S009,R11,LOAD,SUCCESS,,2026-09-24T18:43:47.667597,0.083
S009,R11,PREPROCESSING,SUCCESS,,2026-09-24T18:43:48.217063,0.543
S009,R11,ICA,SUCCESS,,2026-09-24T18:44:24.741216,36.52
S009,R11,ICLabel,SUCCESS,,2026-09-24T18:44:32.921544,8.17
S009,R11,PSD,SUCCESS,,2026-09-24T18:44:33.336559,0.354
S009,R11,ALICE,SUCCESS,,2026-09-24T18:44:33.931073,0.588
S009,R11,FEATURES,SUCCESS,,2026-09-24T18:44:35.964341,2.029
S009,R11,FUSION,SUCCESS,,2026-09-24T18:44:39.519762,0.081
S009,R11,NEUROAGENT,SUCCESS,,2026-09-24T18:44:39.559166,0.031
S009,R11,RECONSTRUCTION,SUCCESS,,2026-09-24T18:44:39.697068,0.135
S009,R11,QUALITY,SUCCESS,,2026-09-24T18:44:40.056032,0.354
S009,R11,TOTAL,SUCCESS,,2026-09-24T18:44:40.059753,52.475
S009,R12,LOAD,SUCCESS,,2026-09-24T18:44:40.351074,0.065
S009,R12,PREPROCESSING,SUCCESS,,2026-09-24T18:44:40.695071,0.338
S009,R12,ICA,SUCCESS,,2026-09-24T18:45:14.217967,33.518
S009,R12,ICLabel,SUCCESS,,2026-09-24T18:45:21.098548,6.874
S009,R12,PSD,SUCCESS,,2026-09-24T18:45:21.599822,0.425
S009,R12,ALICE,SUCCESS,,2026-09-24T18:45:22.161087,0.554
S009,R12,FEATURES,SUCCESS,,2026-09-24T18:45:25.951754,3.787
S009,R12,FUSION,SUCCESS,,2026-09-24T18:45:30.840533,0.079
S009,R12,NEUROAGENT,SUCCESS,,2026-09-24T18:45:30.886100,0.04
S009,R12,RECONSTRUCTION,SUCCESS,,2026-09-24T18:45:31.083069,0.19
S009,R12,QUALITY,SUCCESS,,2026-09-24T18:45:31.469046,0.382
S009,R12,TOTAL,SUCCESS,,2026-09-24T18:45:31.475129,51.188
S009,R13,LOAD,SUCCESS,,2026-09-24T18:45:31.766760,0.083
S009,R13,PREPROCESSING,SUCCESS,,2026-09-24T18:45:32.242198,0.469
S009,R13,ICA,SUCCESS,,2026-09-24T18:48:07.590616,155.339
S009,R13,ICLabel,SUCCESS,,2026-09-24T18:48:16.078957,8.485
S009,R13,PSD,SUCCESS,,2026-09-24T18:48:16.765316,0.594
S009,R13,ALICE,SUCCESS,,2026-09-24T18:48:17.515643,0.743
S009,R13,FEATURES,SUCCESS,,2026-09-24T18:48:19.956152,2.434
S009,R13,FUSION,SUCCESS,,2026-09-24T18:48:26.062049,0.109
S009,R13,NEUROAGENT,SUCCESS,,2026-09-24T18:48:26.138009,0.061
S009,R13,RECONSTRUCTION,SUCCESS,,2026-09-24T18:48:26.363012,0.216
S009,R13,QUALITY,SUCCESS,,2026-09-24T18:48:26.846190,0.476
S009,R13,TOTAL,SUCCESS,,2026-09-24T18:48:26.852636,175.17
S009,R14,LOAD,SUCCESS,,2026-09-24T18:48:27.181989,0.095
S009,R14,PREPROCESSING,SUCCESS,,2026-09-24T18:48:27.894418,0.701
S009,R14,ICA,SUCCESS,,2026-09-24T18:51:23.838643,175.94
S009,R14,ICLabel,SUCCESS,,2026-09-24T18:51:36.456888,12.612
S009,R14,PSD,SUCCESS,,2026-09-24T18:51:37.328598,0.719
S009,R14,ALICE,SUCCESS,,2026-09-24T18:51:38.207044,0.869
S009,R14,FEATURES,SUCCESS,,2026-09-24T18:51:42.214176,3.998
S009,R14,FUSION,SUCCESS,,2026-09-24T18:51:52.943114,0.289
S009,R14,NEUROAGENT,SUCCESS,,2026-09-24T18:51:53.033585,0.077
S009,R14,RECONSTRUCTION,SUCCESS,,2026-09-24T18:51:53.591223,0.541
S009,R14,QUALITY,SUCCESS,,2026-09-24T18:51:54.771063,1.16
S009,R14,TOTAL,SUCCESS,,2026-09-24T18:51:54.782071,207.695
S010,R01,LOAD,SUCCESS,,2026-09-24T18:51:55.656956,0.191
S010,R01,PREPROCESSING,SUCCESS,,2026-09-24T18:51:56.236191,0.568
S010,R01,ICA,SUCCESS,,2026-09-24T18:53:03.818414,67.574
S010,R01,ICLabel,SUCCESS,,2026-09-24T18:53:43.524428,39.687
S010,R01,PSD,SUCCESS,,2026-09-24T18:53:44.386909,0.761
S010,R01,ALICE,SUCCESS,,2026-09-24T18:53:45.443462,1.043
S010,R01,FEATURES,SUCCESS,,2026-09-24T18:53:48.946698,3.491
S010,R01,FUSION,SUCCESS,,2026-09-24T18:53:53.718883,0.195
S010,R01,NEUROAGENT,SUCCESS,,2026-09-24T18:53:53.838153,0.103
S010,R01,RECONSTRUCTION,SUCCESS,,2026-09-24T18:53:54.103975,0.251
S010,R01,QUALITY,SUCCESS,,2026-09-24T18:53:54.567939,0.451
S010,R01,TOTAL,SUCCESS,,2026-09-24T18:53:54.585073,119.12
S010,R02,LOAD,SUCCESS,,2026-09-24T18:53:55.060863,0.113
S010,R02,PREPROCESSING,SUCCESS,,2026-09-24T18:53:55.718852,0.644
S010,R02,ICA,SUCCESS,,2026-09-24T18:55:30.213235,94.483
S010,R02,ICLabel,SUCCESS,,2026-09-24T18:55:50.008451,19.779
S010,R02,PSD,SUCCESS,,2026-09-24T18:55:51.106386,0.975
S010,R02,ALICE,SUCCESS,,2026-09-24T18:55:52.914170,1.794
S010,R02,FEATURES,SUCCESS,,2026-09-24T18:55:58.038978,5.062
S010,R02,FUSION,SUCCESS,,2026-09-24T18:56:02.414298,0.177
S010,R02,NEUROAGENT,SUCCESS,,2026-09-24T18:56:02.471312,0.045
S010,R02,RECONSTRUCTION,SUCCESS,,2026-09-24T18:56:02.648377,0.166
S010,R02,QUALITY,SUCCESS,,2026-09-24T18:56:02.870199,0.212
S010,R02,TOTAL,SUCCESS,,2026-09-24T18:56:02.876268,127.93
S010,R03,LOAD,SUCCESS,,2026-09-24T18:56:03.181348,0.083
S010,R03,PREPROCESSING,SUCCESS,,2026-09-24T18:56:03.824445,0.635
S010,R03,ICA,SUCCESS,,2026-09-24T18:57:41.074183,97.24
S010,R03,ICLabel,SUCCESS,,2026-09-24T18:58:02.179988,21.074
S010,R03,PSD,SUCCESS,,2026-09-24T18:58:03.882524,1.509
S010,R03,ALICE,SUCCESS,,2026-09-24T18:58:05.857628,1.963
S010,R03,FEATURES,SUCCESS,,2026-09-24T18:58:13.796679,7.928
S010,R03,FUSION,SUCCESS,,2026-09-24T18:58:24.786729,0.202
S010,R03,NEUROAGENT,SUCCESS,,2026-09-24T18:58:24.882007,0.081
S010,R03,RECONSTRUCTION,SUCCESS,,2026-09-24T18:58:25.266867,0.37
S010,R03,QUALITY,SUCCESS,,2026-09-24T18:58:26.240062,0.963
S010,R03,TOTAL,SUCCESS,,2026-09-24T18:58:26.253817,143.157
S010,R04,LOAD,SUCCESS,,2026-09-24T18:58:27.081115,0.377
S010,R04,PREPROCESSING,SUCCESS,,2026-09-24T18:58:32.133371,4.986
S010,R04,ICA,SUCCESS,,2026-09-24T18:59:50.479942,78.322
S010,R04,ICLabel,SUCCESS,,2026-09-24T19:00:05.511406,15.025
S010,R04,PSD,SUCCESS,,2026-09-24T19:00:08.179925,2.483
S010,R04,ALICE,SUCCESS,,2026-09-24T19:00:11.719803,3.53
S010,R04,FEATURES,SUCCESS,,2026-09-24T19:00:15.109946,3.38
S010,R04,FUSION,SUCCESS,,2026-09-24T19:00:30.744342,0.226
S010,R04,NEUROAGENT,SUCCESS,,2026-09-24T19:00:30.908962,0.146
S010,R04,RECONSTRUCTION,SUCCESS,,2026-09-24T19:00:31.635249,0.699
S010,R04,QUALITY,SUCCESS,,2026-09-24T19:00:33.546863,1.891
S010,R04,TOTAL,SUCCESS,,2026-09-24T19:00:33.572591,126.868
S010,R05,LOAD,SUCCESS,,2026-09-24T19:00:34.621881,0.535
S010,R05,PREPROCESSING,SUCCESS,,2026-09-24T19:00:36.550159,1.899
S010,R05,ICA,SUCCESS,,2026-09-24T19:02:13.054258,96.483
S010,R05,ICLabel,SUCCESS,,2026-09-24T19:02:22.569151,9.509
S010,R05,PSD,SUCCESS,,2026-09-24T19:02:23.133817,0.444
S010,R05,ALICE,SUCCESS,,2026-09-24T19:02:23.744225,0.605
S010,R05,FEATURES,SUCCESS,,2026-09-24T19:02:26.656709,2.909
S010,R05,FUSION,SUCCESS,,2026-09-24T19:02:35.406112,0.199
S010,R05,NEUROAGENT,SUCCESS,,2026-09-24T19:02:35.490599,0.07
S010,R05,RECONSTRUCTION,SUCCESS,,2026-09-24T19:02:35.914306,0.407
S010,R05,QUALITY,SUCCESS,,2026-09-24T19:02:36.873138,0.948
S010,R05,TOTAL,SUCCESS,,2026-09-24T19:02:36.886082,122.801
S010,R06,LOAD,SUCCESS,,2026-09-24T19:02:37.319894,0.127
S010,R06,PREPROCESSING,SUCCESS,,2026-09-24T19:02:38.165967,0.836
S010,R06,ICA,SUCCESS,,2026-09-24T19:03:54.459264,76.283
S010,R06,ICLabel,SUCCESS,,2026-09-24T19:04:01.363904,6.895
S010,R06,PSD,SUCCESS,,2026-09-24T19:04:01.895972,0.436
S010,R06,ALICE,SUCCESS,,2026-09-24T19:04:02.418049,0.514
S010,R06,FEATURES,SUCCESS,,2026-09-24T19:04:04.170452,1.752
S010,R06,FUSION,SUCCESS,,2026-09-24T19:04:08.722441,0.113
S010,R06,NEUROAGENT,SUCCESS,,2026-09-24T19:04:08.791298,0.057
S010,R06,RECONSTRUCTION,SUCCESS,,2026-09-24T19:04:09.115262,0.313
S010,R06,QUALITY,SUCCESS,,2026-09-24T19:04:09.803692,0.677
S010,R06,TOTAL,SUCCESS,,2026-09-24T19:04:09.813476,92.621
S010,R07,LOAD,SUCCESS,,2026-09-24T19:04:10.181594,0.102
S010,R07,PREPROCESSING,SUCCESS,,2026-09-24T19:04:10.633454,0.444
S010,R07,ICA,SUCCESS,,2026-09-24T19:06:01.007243,110.37
S010,R07,ICLabel,SUCCESS,,2026-09-24T19:06:12.091243,11.069
S010,R07,PSD,SUCCESS,,2026-09-24T19:06:13.132247,0.873
S010,R07,ALICE,SUCCESS,,2026-09-24T19:06:14.147913,1.006
S010,R07,FEATURES,SUCCESS,,2026-09-24T19:06:18.225059,4.065
S010,R07,FUSION,SUCCESS,,2026-09-24T19:06:29.019556,0.178
S010,R07,NEUROAGENT,SUCCESS,,2026-09-24T19:06:29.146643,0.11
S010,R07,RECONSTRUCTION,SUCCESS,,2026-09-24T19:06:29.743799,0.574
S010,R07,QUALITY,SUCCESS,,2026-09-24T19:06:30.784223,1.026
S010,R07,TOTAL,SUCCESS,,2026-09-24T19:06:30.795883,140.716
S010,R08,LOAD,SUCCESS,,2026-09-24T19:06:31.409364,0.197
S010,R08,PREPROCESSING,SUCCESS,,2026-09-24T19:06:32.500603,1.076
S010,R08,ICA,SUCCESS,,2026-09-24T19:07:52.487002,79.978
S010,R08,ICLabel,SUCCESS,,2026-09-24T19:08:04.996650,12.5
S010,R08,PSD,SUCCESS,,2026-09-24T19:08:05.837002,0.685
S010,R08,ALICE,SUCCESS,,2026-09-24T19:08:06.794707,0.943
S010,R08,FEATURES,SUCCESS,,2026-09-24T19:08:09.737267,2.937
S010,R08,FUSION,SUCCESS,,2026-09-24T19:08:17.758573,0.152
S010,R08,NEUROAGENT,SUCCESS,,2026-09-24T19:08:17.839455,0.068
S010,R08,RECONSTRUCTION,SUCCESS,,2026-09-24T19:08:18.104262,0.251
S010,R08,QUALITY,SUCCESS,,2026-09-24T19:08:18.729294,0.617
S010,R08,TOTAL,SUCCESS,,2026-09-24T19:08:18.738929,107.526
S010,R09,LOAD,SUCCESS,,2026-09-24T19:08:19.132055,0.118
S010,R09,PREPROCESSING,SUCCESS,,2026-09-24T19:08:19.673571,0.534
S010,R09,ICA,SUCCESS,,2026-09-24T19:09:18.251534,58.573
S010,R09,ICLabel,SUCCESS,,2026-09-24T19:09:26.123255,7.864
S010,R09,PSD,SUCCESS,,2026-09-24T19:09:26.890070,0.637
S010,R09,ALICE,SUCCESS,,2026-09-24T19:09:27.795401,0.888
S010,R09,FEATURES,SUCCESS,,2026-09-24T19:09:30.559309,2.756
S010,R09,FUSION,SUCCESS,,2026-09-24T19:09:36.413265,0.142
S010,R09,NEUROAGENT,SUCCESS,,2026-09-24T19:09:36.469004,0.048
S010,R09,RECONSTRUCTION,SUCCESS,,2026-09-24T19:09:36.695413,0.211
S010,R09,QUALITY,SUCCESS,,2026-09-24T19:09:37.183203,0.483
S010,R09,TOTAL,SUCCESS,,2026-09-24T19:09:37.189526,78.175
S010,R10,LOAD,SUCCESS,,2026-09-24T19:09:37.461583,0.076
S010,R10,PREPROCESSING,SUCCESS,,2026-09-24T19:09:38.016832,0.548
S010,R10,ICA,SUCCESS,,2026-09-24T19:10:08.291224,30.263
S010,R10,ICLabel,SUCCESS,,2026-09-24T19:10:15.273145,6.976
S010,R10,PSD,SUCCESS,,2026-09-24T19:10:15.879173,0.503
S010,R10,ALICE,SUCCESS,,2026-09-24T19:10:16.625907,0.739
S010,R10,FEATURES,SUCCESS,,2026-09-24T19:10:18.961662,2.332
S010,R10,FUSION,SUCCESS,,2026-09-24T19:10:25.318537,0.123
S010,R10,NEUROAGENT,SUCCESS,,2026-09-24T19:10:25.375700,0.052
S010,R10,RECONSTRUCTION,SUCCESS,,2026-09-24T19:10:25.534552,0.149
S010,R10,QUALITY,SUCCESS,,2026-09-24T19:10:25.853419,0.31
S010,R10,TOTAL,SUCCESS,,2026-09-24T19:10:25.861213,48.476
S010,R11,LOAD,SUCCESS,,2026-09-24T19:10:26.199043,0.097
S010,R11,PREPROCESSING,SUCCESS,,2026-09-24T19:10:26.696414,0.491
S010,R11,ICA,SUCCESS,,2026-09-24T19:11:08.367325,41.664
S010,R11,ICLabel,SUCCESS,,2026-09-24T19:11:17.694613,9.315
S010,R11,PSD,SUCCESS,,2026-09-24T19:11:18.365826,0.56
S010,R11,ALICE,SUCCESS,,2026-09-24T19:11:19.042089,0.666
S010,R11,FEATURES,SUCCESS,,2026-09-24T19:11:23.381265,4.334
S010,R11,FUSION,SUCCESS,,2026-09-24T19:11:30.886828,0.118
S010,R11,NEUROAGENT,SUCCESS,,2026-09-24T19:11:30.960996,0.061
S010,R11,RECONSTRUCTION,SUCCESS,,2026-09-24T19:11:31.156712,0.19
S010,R11,QUALITY,SUCCESS,,2026-09-24T19:11:31.809445,0.636
S010,R11,TOTAL,SUCCESS,,2026-09-24T19:11:31.816482,65.714
S010,R12,LOAD,SUCCESS,,2026-09-24T19:11:32.245618,0.123
S010,R12,PREPROCESSING,SUCCESS,,2026-09-24T19:11:32.981610,0.725
S010,R12,ICA,SUCCESS,,2026-09-24T19:12:14.299951,41.307
S010,R12,ICLabel,SUCCESS,,2026-09-24T19:12:28.342012,14.034
S010,R12,PSD,SUCCESS,,2026-09-24T19:12:29.852526,1.292
S010,R12,ALICE,SUCCESS,,2026-09-24T19:12:31.303573,1.437
S010,R12,FEATURES,SUCCESS,,2026-09-24T19:12:34.683532,3.369
S010,R12,FUSION,SUCCESS,,2026-09-24T19:12:43.000895,0.295
S010,R12,NEUROAGENT,SUCCESS,,2026-09-24T19:12:43.213480,0.176
S010,R12,RECONSTRUCTION,SUCCESS,,2026-09-24T19:12:43.987802,0.746
S010,R12,QUALITY,SUCCESS,,2026-09-24T19:12:44.945305,0.934
S010,R12,TOTAL,SUCCESS,,2026-09-24T19:12:44.957370,72.834
S010,R13,LOAD,SUCCESS,,2026-09-24T19:12:45.425746,0.122
S010,R13,PREPROCESSING,SUCCESS,,2026-09-24T19:12:49.354949,3.914
S010,R13,ICA,SUCCESS,,2026-09-24T19:13:49.493918,60.095
S010,R13,ICLabel,SUCCESS,,2026-09-24T19:14:04.215935,14.715
S010,R13,PSD,SUCCESS,,2026-09-24T19:14:06.371254,1.924
S010,R13,ALICE,SUCCESS,,2026-09-24T19:14:08.050737,1.65
S010,R13,FEATURES,SUCCESS,,2026-09-24T19:14:12.102871,4.044
S010,R13,FUSION,SUCCESS,,2026-09-24T19:14:25.822245,0.195
S010,R13,NEUROAGENT,SUCCESS,,2026-09-24T19:14:25.946552,0.109
S010,R13,RECONSTRUCTION,SUCCESS,,2026-09-24T19:14:26.805265,0.841
S010,R13,QUALITY,SUCCESS,,2026-09-24T19:14:28.698425,1.801
S010,R13,TOTAL,SUCCESS,,2026-09-24T19:14:28.713135,103.409
S010,R14,LOAD,SUCCESS,,2026-09-24T19:14:29.260484,0.181
S010,R14,PREPROCESSING,SUCCESS,,2026-09-24T19:14:30.329404,1.052
S010,R14,ICA,SUCCESS,,2026-09-24T19:15:29.895726,59.537
S010,R14,ICLabel,SUCCESS,,2026-09-24T19:15:40.751600,10.793
S010,R14,PSD,SUCCESS,,2026-09-24T19:15:41.801560,0.902
S010,R14,ALICE,SUCCESS,,2026-09-24T19:15:42.716025,0.902
S010,R14,FEATURES,SUCCESS,,2026-09-24T19:15:47.222932,4.504
S010,R14,FUSION,SUCCESS,,2026-09-24T19:15:56.617083,0.173
S010,R14,NEUROAGENT,SUCCESS,,2026-09-24T19:15:56.740989,0.109
S010,R14,RECONSTRUCTION,SUCCESS,,2026-09-24T19:15:57.300498,0.535
S010,R14,QUALITY,SUCCESS,,2026-09-24T19:15:58.444137,1.127
S010,R14,TOTAL,SUCCESS,,2026-09-24T19:15:58.461388,89.382
S011,R01,LOAD,SUCCESS,,2026-09-24T19:15:58.992429,0.112
S011,R01,PREPROCESSING,SUCCESS,,2026-09-24T19:15:59.719401,0.713
S011,R01,ICA,SUCCESS,,2026-09-24T19:17:19.975377,80.245
S011,R01,ICLabel,SUCCESS,,2026-09-24T19:17:34.450744,14.469
S011,R01,PSD,SUCCESS,,2026-09-24T19:17:35.469427,0.907
S011,R01,ALICE,SUCCESS,,2026-09-24T19:17:37.788077,2.302
S011,R01,FEATURES,SUCCESS,,2026-09-24T19:17:41.963884,4.134
S011,R01,FUSION,SUCCESS,,2026-09-24T19:17:48.897803,0.492
S011,R01,NEUROAGENT,SUCCESS,,2026-09-24T19:17:49.148346,0.22
S011,R01,RECONSTRUCTION,SUCCESS,,2026-09-24T19:17:50.047117,0.862
S011,R01,QUALITY,SUCCESS,,2026-09-24T19:17:51.000420,0.931
S011,R01,TOTAL,SUCCESS,,2026-09-24T19:17:51.085136,112.201
S011,R02,LOAD,SUCCESS,,2026-09-24T19:17:52.027416,0.137
S011,R02,PREPROCESSING,SUCCESS,,2026-09-24T19:17:53.012802,0.967
S011,R02,ICA,SUCCESS,,2026-09-24T19:18:56.451145,63.427
S011,R02,ICLabel,SUCCESS,,2026-09-24T19:19:04.748853,8.283
S011,R02,PSD,SUCCESS,,2026-09-24T19:19:05.126301,0.317
S011,R02,ALICE,SUCCESS,,2026-09-24T19:19:05.529986,0.404
S011,R02,FEATURES,SUCCESS,,2026-09-24T19:19:06.586025,1.056
S011,R02,FUSION,SUCCESS,,2026-09-24T19:19:08.158548,0.049
S011,R02,NEUROAGENT,SUCCESS,,2026-09-24T19:19:08.189443,0.031
S011,R02,RECONSTRUCTION,SUCCESS,,2026-09-24T19:19:08.297192,0.108
S011,R02,QUALITY,SUCCESS,,2026-09-24T19:19:08.466045,0.154
S011,R02,TOTAL,SUCCESS,,2026-09-24T19:19:08.466045,76.575
S011,R03,LOAD,SUCCESS,,2026-09-24T19:19:08.736944,0.062
S011,R03,PREPROCESSING,SUCCESS,,2026-09-24T19:19:09.091847,0.355
S011,R03,ICA,SUCCESS,,2026-09-24T19:21:05.445305,116.35
S011,R03,ICLabel,SUCCESS,,2026-09-24T19:21:16.910481,11.458
S011,R03,PSD,SUCCESS,,2026-09-24T19:21:17.925368,0.862
S011,R03,ALICE,SUCCESS,,2026-09-24T19:21:19.323834,1.39
S011,R03,FEATURES,SUCCESS,,2026-09-24T19:21:22.218615,2.887
S011,R03,FUSION,SUCCESS,,2026-09-24T19:21:34.379207,0.349
S011,R03,NEUROAGENT,SUCCESS,,2026-09-24T19:21:34.669402,0.269
S011,R03,RECONSTRUCTION,SUCCESS,,2026-09-24T19:21:35.753960,1.011
S011,R03,QUALITY,SUCCESS,,2026-09-24T19:21:38.657760,2.88
S011,R03,TOTAL,SUCCESS,,2026-09-24T19:21:38.681946,150.005
S011,R04,LOAD,SUCCESS,,2026-09-24T19:21:40.550957,0.987
S011,R04,PREPROCESSING,SUCCESS,,2026-09-24T19:21:43.225084,2.643
S011,R04,ICA,SUCCESS,,2026-09-24T19:22:47.506108,64.268
S011,R04,ICLabel,SUCCESS,,2026-09-24T19:22:54.752111,7.236
S011,R04,PSD,SUCCESS,,2026-09-24T19:22:55.331157,0.462
S011,R04,ALICE,SUCCESS,,2026-09-24T19:22:55.974076,0.639
S011,R04,FEATURES,SUCCESS,,2026-09-24T19:22:58.532235,2.554
S011,R04,FUSION,SUCCESS,,2026-09-24T19:23:06.332601,0.152
S011,R04,NEUROAGENT,SUCCESS,,2026-09-24T19:23:06.382485,0.043
S011,R04,RECONSTRUCTION,SUCCESS,,2026-09-24T19:23:06.558461,0.171
S011,R04,QUALITY,SUCCESS,,2026-09-24T19:23:06.976842,0.413
S011,R04,TOTAL,SUCCESS,,2026-09-24T19:23:06.984110,87.42
S011,R05,LOAD,SUCCESS,,2026-09-24T19:23:07.317305,0.091
S011,R05,PREPROCESSING,SUCCESS,,2026-09-24T19:23:07.827160,0.501
S011,R05,ICA,SUCCESS,,2026-09-24T19:23:59.529376,51.698
S011,R05,ICLabel,SUCCESS,,2026-09-24T19:24:06.780884,7.242
S011,R05,PSD,SUCCESS,,2026-09-24T19:24:07.481335,0.615
S011,R05,ALICE,SUCCESS,,2026-09-24T19:24:08.497220,1.007
S011,R05,FEATURES,SUCCESS,,2026-09-24T19:24:11.862534,3.359
S011,R05,FUSION,SUCCESS,,2026-09-24T19:24:19.398952,0.126
S011,R05,NEUROAGENT,SUCCESS,,2026-09-24T19:24:19.469452,0.057
S011,R05,RECONSTRUCTION,SUCCESS,,2026-09-24T19:24:19.689046,0.209
S011,R05,QUALITY,SUCCESS,,2026-09-24T19:24:22.672603,2.977
S011,R05,TOTAL,SUCCESS,,2026-09-24T19:24:22.686781,75.461
S011,R06,LOAD,SUCCESS,,2026-09-24T19:24:23.976354,0.65
S011,R06,PREPROCESSING,SUCCESS,,2026-09-24T19:24:25.094596,1.083
S011,R06,ICA,SUCCESS,,2026-09-24T19:26:12.634474,107.533
S011,R06,ICLabel,SUCCESS,,2026-09-24T19:26:21.364672,8.724
S011,R06,PSD,SUCCESS,,2026-09-24T19:26:22.025838,0.583
S011,R06,ALICE,SUCCESS,,2026-09-24T19:26:22.735813,0.701
S011,R06,FEATURES,SUCCESS,,2026-09-24T19:26:25.574832,2.831
S011,R06,FUSION,SUCCESS,,2026-09-24T19:26:32.710952,0.136
S011,R06,NEUROAGENT,SUCCESS,,2026-09-24T19:26:32.778044,0.052
S011,R06,RECONSTRUCTION,SUCCESS,,2026-09-24T19:26:33.063164,0.279
S011,R06,QUALITY,SUCCESS,,2026-09-24T19:26:33.739672,0.663
S011,R06,TOTAL,SUCCESS,,2026-09-24T19:26:33.777782,130.452
S011,R07,LOAD,SUCCESS,,2026-09-24T19:26:34.535675,0.269
S011,R07,PREPROCESSING,SUCCESS,,2026-09-24T19:26:35.508862,0.953
S011,R07,ICA,SUCCESS,,2026-09-24T19:27:59.695058,84.178
S011,R07,ICLabel,SUCCESS,,2026-09-24T19:28:12.586489,12.883
S011,R07,PSD,SUCCESS,,2026-09-24T19:28:14.307512,1.577
S011,R07,ALICE,SUCCESS,,2026-09-24T19:28:16.122907,1.811
S011,R07,FEATURES,SUCCESS,,2026-09-24T19:28:20.970934,4.84
S011,R07,FUSION,SUCCESS,,2026-09-24T19:28:29.607900,0.158
S011,R07,NEUROAGENT,SUCCESS,,2026-09-24T19:28:29.704621,0.076
S011,R07,RECONSTRUCTION,SUCCESS,,2026-09-24T19:28:30.239470,0.524
S011,R07,QUALITY,SUCCESS,,2026-09-24T19:28:31.058530,0.805
S011,R07,TOTAL,SUCCESS,,2026-09-24T19:28:31.068124,116.802
S011,R08,LOAD,SUCCESS,,2026-09-24T19:28:31.567115,0.155
S011,R08,PREPROCESSING,SUCCESS,,2026-09-24T19:28:33.603809,2.027
S011,R08,ICA,SUCCESS,,2026-09-24T19:29:33.163990,59.549
S011,R08,ICLabel,SUCCESS,,2026-09-24T19:29:41.672889,8.502
S011,R08,PSD,SUCCESS,,2026-09-24T19:29:42.295723,0.537
S011,R08,ALICE,SUCCESS,,2026-09-24T19:29:42.955942,0.655
S011,R08,FEATURES,SUCCESS,,2026-09-24T19:29:46.105670,3.143
S011,R08,FUSION,SUCCESS,,2026-09-24T19:29:52.987558,0.19
S011,R08,NEUROAGENT,SUCCESS,,2026-09-24T19:29:53.133532,0.128
S011,R08,RECONSTRUCTION,SUCCESS,,2026-09-24T19:29:54.028332,0.871
S011,R08,QUALITY,SUCCESS,,2026-09-24T19:29:55.578045,1.528
S011,R08,TOTAL,SUCCESS,,2026-09-24T19:29:55.588276,84.178
S011,R09,LOAD,SUCCESS,,2026-09-24T19:29:55.980907,0.108
S011,R09,PREPROCESSING,SUCCESS,,2026-09-24T19:29:56.863559,0.875
S011,R09,ICA,SUCCESS,,2026-09-24T19:32:17.783839,140.911
S011,R09,ICLabel,SUCCESS,,2026-09-24T19:32:26.044564,8.254
S011,R09,PSD,SUCCESS,,2026-09-24T19:32:27.167936,1.003
S011,R09,ALICE,SUCCESS,,2026-09-24T19:32:28.574614,1.396
S011,R09,FEATURES,SUCCESS,,2026-09-24T19:32:33.789717,5.204
S011,R09,FUSION,SUCCESS,,2026-09-24T19:32:42.384183,0.143
S011,R09,NEUROAGENT,SUCCESS,,2026-09-24T19:32:42.455596,0.063
S011,R09,RECONSTRUCTION,SUCCESS,,2026-09-24T19:32:42.732654,0.268
S011,R09,QUALITY,SUCCESS,,2026-09-24T19:32:43.414898,0.653
S011,R09,TOTAL,SUCCESS,,2026-09-24T19:32:43.416413,167.545
S011,R10,LOAD,SUCCESS,,2026-09-24T19:32:43.772468,0.096
S011,R10,PREPROCESSING,SUCCESS,,2026-09-24T19:32:44.475954,0.686
S011,R10,ICA,SUCCESS,,2026-09-24T19:34:22.684384,98.197
S011,R10,ICLabel,SUCCESS,,2026-09-24T19:34:31.778858,9.088
S011,R10,PSD,SUCCESS,,2026-09-24T19:34:32.413096,0.523
S011,R10,ALICE,SUCCESS,,2026-09-24T19:34:33.029582,0.609
S011,R10,FEATURES,SUCCESS,,2026-09-24T19:34:35.859577,2.826
S011,R10,FUSION,SUCCESS,,2026-09-24T19:34:43.767482,0.648
S011,R10,NEUROAGENT,SUCCESS,,2026-09-24T19:34:43.980463,0.169
S011,R10,RECONSTRUCTION,SUCCESS,,2026-09-24T19:34:44.634593,0.633
S011,R10,QUALITY,SUCCESS,,2026-09-24T19:34:45.807288,1.153
S011,R10,TOTAL,SUCCESS,,2026-09-24T19:34:45.821972,122.144
S011,R11,LOAD,SUCCESS,,2026-09-24T19:34:46.272154,0.126
S011,R11,PREPROCESSING,SUCCESS,,2026-09-24T19:34:47.126975,0.84
S011,R11,ICA,SUCCESS,,2026-09-24T19:35:34.227646,47.093
S011,R11,ICLabel,SUCCESS,,2026-09-24T19:35:41.536282,7.304
S011,R11,PSD,SUCCESS,,2026-09-24T19:35:42.197898,0.587
S011,R11,ALICE,SUCCESS,,2026-09-24T19:35:42.679784,0.475
S011,R11,FEATURES,SUCCESS,,2026-09-24T19:35:44.802004,2.118
S011,R11,FUSION,SUCCESS,,2026-09-24T19:35:51.858820,0.162
S011,R11,NEUROAGENT,SUCCESS,,2026-09-24T19:35:51.934086,0.057
S011,R11,RECONSTRUCTION,SUCCESS,,2026-09-24T19:35:52.242262,0.297
S011,R11,QUALITY,SUCCESS,,2026-09-24T19:35:53.434569,1.182
S011,R11,TOTAL,SUCCESS,,2026-09-24T19:35:53.455760,67.309
S011,R12,LOAD,SUCCESS,,2026-09-24T19:35:53.936479,0.148
S011,R12,PREPROCESSING,SUCCESS,,2026-09-24T19:35:54.985144,1.031
S011,R12,ICA,SUCCESS,,2026-09-24T19:37:12.032628,77.036
S011,R12,ICLabel,SUCCESS,,2026-09-24T19:37:18.853756,6.817
S011,R12,PSD,SUCCESS,,2026-09-24T19:37:19.648849,0.679
S011,R12,ALICE,SUCCESS,,2026-09-24T19:37:21.146634,1.489
S011,R12,FEATURES,SUCCESS,,2026-09-24T19:37:39.424625,18.258
S011,R12,FUSION,SUCCESS,,2026-09-24T19:37:50.975313,0.158
S011,R12,NEUROAGENT,SUCCESS,,2026-09-24T19:37:51.081774,0.087
S011,R12,RECONSTRUCTION,SUCCESS,,2026-09-24T19:37:51.427570,0.334
S011,R12,QUALITY,SUCCESS,,2026-09-24T19:37:52.025978,0.592
S011,R12,TOTAL,SUCCESS,,2026-09-24T19:37:52.035686,118.248
S011,R13,LOAD,SUCCESS,,2026-09-24T19:37:52.435917,0.099
S011,R13,PREPROCESSING,SUCCESS,,2026-09-24T19:37:53.014755,0.573
S011,R13,ICA,SUCCESS,,2026-09-24T19:38:47.907508,54.889
S011,R13,ICLabel,SUCCESS,,2026-09-24T19:38:56.472070,8.56
S011,R13,PSD,SUCCESS,,2026-09-24T19:38:57.244687,0.666
S011,R13,ALICE,SUCCESS,,2026-09-24T19:38:58.077828,0.826
S011,R13,FEATURES,SUCCESS,,2026-09-24T19:39:03.227510,5.143
S011,R13,FUSION,SUCCESS,,2026-09-24T19:39:14.715713,0.184
S011,R13,NEUROAGENT,SUCCESS,,2026-09-24T19:39:14.788372,0.06
S011,R13,RECONSTRUCTION,SUCCESS,,2026-09-24T19:39:15.275773,0.469
S011,R13,QUALITY,SUCCESS,,2026-09-24T19:39:16.562007,1.267
S011,R13,TOTAL,SUCCESS,,2026-09-24T19:39:16.580769,84.243
S011,R14,LOAD,SUCCESS,,2026-09-24T19:39:17.317611,0.274
S011,R14,PREPROCESSING,SUCCESS,,2026-09-24T19:39:18.593331,1.249
S011,R14,ICA,SUCCESS,,2026-09-24T19:40:58.733606,100.127
S011,R14,ICLabel,SUCCESS,,2026-09-24T19:41:12.637288,13.886
S011,R14,PSD,SUCCESS,,2026-09-24T19:41:13.538382,0.753
S011,R14,ALICE,SUCCESS,,2026-09-24T19:41:16.795300,3.245
S011,R14,FEATURES,SUCCESS,,2026-09-24T19:41:25.768359,8.954
S011,R14,FUSION,SUCCESS,,2026-09-24T19:41:39.655307,0.28
S011,R14,NEUROAGENT,SUCCESS,,2026-09-24T19:41:39.793891,0.114
S011,R14,RECONSTRUCTION,SUCCESS,,2026-09-24T19:41:40.823923,1.003
S011,R14,QUALITY,SUCCESS,,2026-09-24T19:41:42.379095,1.538
S011,R14,TOTAL,SUCCESS,,2026-09-24T19:41:42.399849,145.356
S018,R01,LOAD,SUCCESS,,2026-09-24T19:41:43.336830,0.312
S018,R01,PREPROCESSING,SUCCESS,,2026-09-24T19:41:44.580458,1.218
S018,R01,ICA,SUCCESS,,2026-09-24T19:43:00.663193,76.068
S018,R01,ICLabel,SUCCESS,,2026-09-24T19:43:04.543417,3.865
S018,R01,PSD,SUCCESS,,2026-09-24T19:43:04.665687,0.103
S018,R01,ALICE,SUCCESS,,2026-09-24T19:43:04.834244,0.169
S018,R01,FEATURES,SUCCESS,,2026-09-24T19:43:05.509930,0.676
S018,R01,FUSION,SUCCESS,,2026-09-24T19:43:07.155221,0.03
S018,R01,NEUROAGENT,SUCCESS,,2026-09-24T19:43:07.190925,0.02
S018,R01,RECONSTRUCTION,SUCCESS,,2026-09-24T19:43:07.385601,0.195
S018,R01,QUALITY,SUCCESS,,2026-09-24T19:43:07.597520,0.212
S018,R01,TOTAL,SUCCESS,,2026-09-24T19:43:07.597520,84.574
S018,R02,LOAD,SUCCESS,,2026-09-24T19:43:07.950494,0.063
S018,R02,PREPROCESSING,SUCCESS,,2026-09-24T19:43:08.255543,0.301
S018,R02,ICA,SUCCESS,,2026-09-24T19:43:37.396745,29.135
S018,R02,ICLabel,SUCCESS,,2026-09-24T19:43:41.188314,3.787
S018,R02,PSD,SUCCESS,,2026-09-24T19:43:41.311430,0.108
S018,R02,ALICE,SUCCESS,,2026-09-24T19:43:41.480054,0.169
S018,R02,FEATURES,SUCCESS,,2026-09-24T19:43:42.380040,0.9
S018,R02,FUSION,SUCCESS,,2026-09-24T19:43:43.262842,0.046
S018,R02,NEUROAGENT,SUCCESS,,2026-09-24T19:43:43.278016,0.015
S018,R02,RECONSTRUCTION,SUCCESS,,2026-09-24T19:43:43.369557,0.074
S018,R02,QUALITY,SUCCESS,,2026-09-24T19:43:43.521816,0.152
S018,R02,TOTAL,SUCCESS,,2026-09-24T19:43:43.521816,35.635
S018,R03,LOAD,SUCCESS,,2026-09-24T19:43:43.782642,0.077
S018,R03,PREPROCESSING,SUCCESS,,2026-09-24T19:43:44.119155,0.337
S018,R03,ICA,SUCCESS,,2026-09-24T19:44:22.209364,38.09
S018,R03,ICLabel,SUCCESS,,2026-09-24T19:44:26.254628,4.045
S018,R03,PSD,SUCCESS,,2026-09-24T19:44:26.666682,0.367
S018,R03,ALICE,SUCCESS,,2026-09-24T19:44:27.160347,0.491
S018,R03,FEATURES,SUCCESS,,2026-09-24T19:44:29.168384,1.993
S018,R03,FUSION,SUCCESS,,2026-09-24T19:44:32.101270,0.077
S018,R03,NEUROAGENT,SUCCESS,,2026-09-24T19:44:32.147093,0.046
S018,R03,RECONSTRUCTION,SUCCESS,,2026-09-24T19:44:32.315359,0.168
S018,R03,QUALITY,SUCCESS,,2026-09-24T19:44:32.651686,0.336
S018,R03,TOTAL,SUCCESS,,2026-09-24T19:44:32.668961,48.963
S018,R04,LOAD,SUCCESS,,2026-09-24T19:44:32.985914,0.075
S018,R04,PREPROCESSING,SUCCESS,,2026-09-24T19:44:33.385183,0.399
S018,R04,ICA,SUCCESS,,2026-09-24T19:45:26.194803,52.788
S018,R04,ICLabel,SUCCESS,,2026-09-24T19:45:32.880204,6.68
S018,R04,PSD,SUCCESS,,2026-09-24T19:45:33.674113,0.656
S018,R04,ALICE,SUCCESS,,2026-09-24T19:45:34.479432,0.805
S018,R04,FEATURES,SUCCESS,,2026-09-24T19:45:36.747872,2.268
S018,R04,FUSION,SUCCESS,,2026-09-24T19:45:41.970374,0.081
S018,R04,NEUROAGENT,SUCCESS,,2026-09-24T19:45:42.007678,0.032
S018,R04,RECONSTRUCTION,SUCCESS,,2026-09-24T19:45:42.141806,0.128
S018,R04,QUALITY,SUCCESS,,2026-09-24T19:45:42.492569,0.334
S018,R04,TOTAL,SUCCESS,,2026-09-24T19:45:42.493154,69.583
S018,R05,LOAD,SUCCESS,,2026-09-24T19:45:42.749718,0.058
S018,R05,PREPROCESSING,SUCCESS,,2026-09-24T19:45:43.056266,0.3
S018,R05,ICA,SUCCESS,,2026-09-24T19:47:13.391823,90.334
S018,R05,ICLabel,SUCCESS,,2026-09-24T19:47:26.183875,12.784
S018,R05,PSD,SUCCESS,,2026-09-24T19:47:27.231891,0.887
S018,R05,ALICE,SUCCESS,,2026-09-24T19:47:27.994912,0.756
S018,R05,FEATURES,SUCCESS,,2026-09-24T19:47:31.356682,3.357
S018,R05,FUSION,SUCCESS,,2026-09-24T19:47:40.236024,0.169
S018,R05,NEUROAGENT,SUCCESS,,2026-09-24T19:47:40.282007,0.032
S018,R05,RECONSTRUCTION,SUCCESS,,2026-09-24T19:47:40.563998,0.267
S018,R05,QUALITY,SUCCESS,,2026-09-24T19:47:41.281955,0.71
S018,R05,TOTAL,SUCCESS,,2026-09-24T19:47:41.300736,118.608
S018,R06,LOAD,SUCCESS,,2026-09-24T19:47:41.781864,0.145
S018,R06,PREPROCESSING,SUCCESS,,2026-09-24T19:47:42.671731,0.877
S018,R06,ICA,SUCCESS,,2026-09-24T19:49:06.968965,84.287
S018,R06,ICLabel,SUCCESS,,2026-09-24T19:49:18.405882,11.437
S018,R06,PSD,SUCCESS,,2026-09-24T19:49:19.128085,0.622
S018,R06,ALICE,SUCCESS,,2026-09-24T19:49:19.897832,0.764
S018,R06,FEATURES,SUCCESS,,2026-09-24T19:49:23.052975,3.149
S018,R06,FUSION,SUCCESS,,2026-09-24T19:49:29.036896,0.117
S018,R06,NEUROAGENT,SUCCESS,,2026-09-24T19:49:29.101493,0.05
S018,R06,RECONSTRUCTION,SUCCESS,,2026-09-24T19:49:29.334751,0.218
S018,R06,QUALITY,SUCCESS,,2026-09-24T19:49:29.801495,0.449
S018,R06,TOTAL,SUCCESS,,2026-09-24T19:49:29.805497,108.169
S018,R07,LOAD,SUCCESS,,2026-09-24T19:49:30.189472,0.114
S018,R07,PREPROCESSING,SUCCESS,,2026-09-24T19:49:30.848759,0.653
S018,R07,ICA,SUCCESS,,2026-09-24T19:50:14.749620,43.894
S018,R07,ICLabel,SUCCESS,,2026-09-24T19:50:20.612580,5.848
S018,R07,PSD,SUCCESS,,2026-09-24T19:50:21.208179,0.521
S018,R07,ALICE,SUCCESS,,2026-09-24T19:50:21.836280,0.613
S018,R07,FEATURES,SUCCESS,,2026-09-24T19:50:23.790422,1.939
S018,R07,FUSION,SUCCESS,,2026-09-24T19:50:28.783775,0.101
S018,R07,NEUROAGENT,SUCCESS,,2026-09-24T19:50:28.833918,0.043
S018,R07,RECONSTRUCTION,SUCCESS,,2026-09-24T19:50:29.018853,0.181
S018,R07,QUALITY,SUCCESS,,2026-09-24T19:50:29.486050,0.467
S018,R07,TOTAL,SUCCESS,,2026-09-24T19:50:29.496005,59.421
S018,R08,LOAD,SUCCESS,,2026-09-24T19:50:29.790258,0.064
S018,R08,PREPROCESSING,SUCCESS,,2026-09-24T19:50:30.377158,0.567
S018,R08,ICA,SUCCESS,,2026-09-24T19:51:32.608582,62.228
S018,R08,ICLabel,SUCCESS,,2026-09-24T19:51:43.279291,10.67
S018,R08,PSD,SUCCESS,,2026-09-24T19:51:44.171394,0.798
S018,R08,ALICE,SUCCESS,,2026-09-24T19:51:45.379995,1.199
S018,R08,FEATURES,SUCCESS,,2026-09-24T19:51:49.956650,4.568
S018,R08,FUSION,SUCCESS,,2026-09-24T19:51:56.975976,0.107
S018,R08,NEUROAGENT,SUCCESS,,2026-09-24T19:51:57.013011,0.028
S018,R08,RECONSTRUCTION,SUCCESS,,2026-09-24T19:51:57.300758,0.278
S018,R08,QUALITY,SUCCESS,,2026-09-24T19:51:57.955697,0.65
S018,R08,TOTAL,SUCCESS,,2026-09-24T19:51:57.962943,88.237
S018,R09,LOAD,SUCCESS,,2026-09-24T19:51:58.387818,0.157
S018,R09,PREPROCESSING,SUCCESS,,2026-09-24T19:51:59.226052,0.826
S018,R09,ICA,SUCCESS,,2026-09-24T19:53:58.902051,119.648
S018,R09,ICLabel,SUCCESS,,2026-09-24T19:54:21.053684,22.11
S018,R09,PSD,SUCCESS,,2026-09-24T19:54:21.668446,0.517
S018,R09,ALICE,SUCCESS,,2026-09-24T19:54:22.569664,0.897
S018,R09,FEATURES,SUCCESS,,2026-09-24T19:54:27.335892,4.76
S018,R09,FUSION,SUCCESS,,2026-09-24T19:54:33.337809,0.134
S018,R09,NEUROAGENT,SUCCESS,,2026-09-24T19:54:33.411475,0.067
S018,R09,RECONSTRUCTION,SUCCESS,,2026-09-24T19:54:33.745689,0.327
S018,R09,QUALITY,SUCCESS,,2026-09-24T19:54:34.308503,0.548
S018,R09,TOTAL,SUCCESS,,2026-09-24T19:54:34.308503,156.078
S018,R10,LOAD,SUCCESS,,2026-09-24T19:54:34.619538,0.076
S018,R10,PREPROCESSING,SUCCESS,,2026-09-24T19:54:35.187591,0.553
S018,R10,ICA,SUCCESS,,2026-09-24T19:56:44.034370,128.828
S018,R10,ICLabel,SUCCESS,,2026-09-24T19:56:53.685657,9.651
S018,R10,PSD,SUCCESS,,2026-09-24T19:56:54.624105,0.824
S018,R10,ALICE,SUCCESS,,2026-09-24T19:56:55.514802,0.86
S018,R10,FEATURES,SUCCESS,,2026-09-24T19:56:57.839243,2.324
S018,R10,FUSION,SUCCESS,,2026-09-24T19:57:04.873321,0.164
S018,R10,NEUROAGENT,SUCCESS,,2026-09-24T19:57:04.957133,0.071
S018,R10,RECONSTRUCTION,SUCCESS,,2026-09-24T19:57:05.343291,0.375
S018,R10,QUALITY,SUCCESS,,2026-09-24T19:57:06.251544,0.901
S018,R10,TOTAL,SUCCESS,,2026-09-24T19:57:06.268089,151.725
S018,R11,LOAD,SUCCESS,,2026-09-24T19:57:06.747458,0.144
S018,R11,PREPROCESSING,SUCCESS,,2026-09-24T19:57:07.458153,0.706
S018,R11,ICA,SUCCESS,,2026-09-24T19:58:44.090828,96.621
S018,R11,ICLabel,SUCCESS,,2026-09-24T19:58:51.031514,6.937
S018,R11,PSD,SUCCESS,,2026-09-24T19:58:51.687576,0.557
S018,R11,ALICE,SUCCESS,,2026-09-24T19:58:52.516679,0.814
S018,R11,FEATURES,SUCCESS,,2026-09-24T19:58:55.746670,3.218
S018,R11,FUSION,SUCCESS,,2026-09-24T19:59:01.837046,0.169
S018,R11,NEUROAGENT,SUCCESS,,2026-09-24T19:59:01.887788,0.041
S018,R11,RECONSTRUCTION,SUCCESS,,2026-09-24T19:59:02.078732,0.183
S018,R11,QUALITY,SUCCESS,,2026-09-24T19:59:02.646925,0.558
S018,R11,TOTAL,SUCCESS,,2026-09-24T19:59:02.654073,116.051
S018,R12,LOAD,SUCCESS,,2026-09-24T19:59:02.948402,0.065
S018,R12,PREPROCESSING,SUCCESS,,2026-09-24T19:59:03.395250,0.437
S018,R12,ICA,SUCCESS,,2026-09-24T20:02:24.785580,201.382
S018,R12,ICLabel,SUCCESS,,2026-09-24T20:02:36.120448,11.326
S018,R12,PSD,SUCCESS,,2026-09-24T20:02:37.193132,0.921
S018,R12,ALICE,SUCCESS,,2026-09-24T20:02:38.447843,1.244
S018,R12,FEATURES,SUCCESS,,2026-09-24T20:02:43.124849,4.666
S018,R12,FUSION,SUCCESS,,2026-09-24T20:02:52.312807,0.229
S018,R12,NEUROAGENT,SUCCESS,,2026-09-24T20:02:52.403324,0.078
S018,R12,RECONSTRUCTION,SUCCESS,,2026-09-24T20:02:52.728602,0.315
S018,R12,QUALITY,SUCCESS,,2026-09-24T20:02:53.853248,1.111
S018,R12,TOTAL,SUCCESS,,2026-09-24T20:02:53.875282,230.991
S018,R13,LOAD,SUCCESS,,2026-09-24T20:02:55.051631,0.314
S018,R13,PREPROCESSING,SUCCESS,,2026-09-24T20:02:56.349380,1.267
S018,R13,ICA,SUCCESS,,2026-09-24T20:04:34.556729,98.198
S018,R13,ICLabel,SUCCESS,,2026-09-24T20:04:43.465660,8.907
S018,R13,PSD,SUCCESS,,2026-09-24T20:04:44.308360,0.745
S018,R13,ALICE,SUCCESS,,2026-09-24T20:04:45.349871,1.033
S018,R13,FEATURES,SUCCESS,,2026-09-24T20:04:48.748233,3.391
S018,R13,FUSION,SUCCESS,,2026-09-24T20:04:56.373841,0.127
S018,R13,NEUROAGENT,SUCCESS,,2026-09-24T20:04:56.446156,0.064
S018,R13,RECONSTRUCTION,SUCCESS,,2026-09-24T20:04:56.700606,0.248
S018,R13,QUALITY,SUCCESS,,2026-09-24T20:04:57.205715,0.497
S018,R13,TOTAL,SUCCESS,,2026-09-24T20:04:57.213981,122.477
S018,R14,LOAD,SUCCESS,,2026-09-24T20:04:57.582415,0.105
S018,R14,PREPROCESSING,SUCCESS,,2026-09-24T20:04:58.207003,0.608
S018,R14,ICA,SUCCESS,,2026-09-24T20:06:13.287237,75.073
S018,R14,ICLabel,SUCCESS,,2026-09-24T20:06:23.651875,10.348
S018,R14,PSD,SUCCESS,,2026-09-24T20:06:24.505350,0.706
S018,R14,ALICE,SUCCESS,,2026-09-24T20:06:25.446432,0.933
S018,R14,FEATURES,SUCCESS,,2026-09-24T20:06:29.546495,4.094
S018,R14,FUSION,SUCCESS,,2026-09-24T20:06:42.085321,0.2
S018,R14,NEUROAGENT,SUCCESS,,2026-09-24T20:06:42.160481,0.067
S018,R14,RECONSTRUCTION,SUCCESS,,2026-09-24T20:06:43.272883,1.095
S018,R14,QUALITY,SUCCESS,,2026-09-24T20:06:45.249186,1.954
S018,R14,TOTAL,SUCCESS,,2026-09-24T20:06:45.276851,107.797
S019,R01,LOAD,SUCCESS,,2026-09-24T20:06:47.762741,1.76
S019,R01,PREPROCESSING,SUCCESS,,2026-09-24T20:06:50.327627,2.485
S019,R01,ICA,SUCCESS,,2026-09-24T20:07:44.284238,53.94
S019,R01,ICLabel,SUCCESS,,2026-09-24T20:07:54.850063,10.554
S019,R01,PSD,SUCCESS,,2026-09-24T20:07:55.332883,0.399
S019,R01,ALICE,SUCCESS,,2026-09-24T20:07:55.986923,0.648
S019,R01,FEATURES,SUCCESS,,2026-09-24T20:07:57.761248,1.769
S019,R01,FUSION,SUCCESS,,2026-09-24T20:08:00.792248,0.117
S019,R01,NEUROAGENT,SUCCESS,,2026-09-24T20:08:00.859155,0.054
S019,R01,RECONSTRUCTION,SUCCESS,,2026-09-24T20:08:00.994235,0.126
S019,R01,QUALITY,SUCCESS,,2026-09-24T20:08:01.250956,0.251
S019,R01,TOTAL,SUCCESS,,2026-09-24T20:08:01.258172,75.261
S019,R02,LOAD,SUCCESS,,2026-09-24T20:08:01.637416,0.067
S019,R02,PREPROCESSING,SUCCESS,,2026-09-24T20:08:02.070618,0.425
S019,R02,ICA,SUCCESS,,2026-09-24T20:08:54.178939,52.101
S019,R02,ICLabel,SUCCESS,,2026-09-24T20:09:01.418988,7.234
S019,R02,PSD,SUCCESS,,2026-09-24T20:09:01.932676,0.434
S019,R02,ALICE,SUCCESS,,2026-09-24T20:09:02.461649,0.521
S019,R02,FEATURES,SUCCESS,,2026-09-24T20:09:04.090619,1.624
S019,R02,FUSION,SUCCESS,,2026-09-24T20:09:08.007236,0.152
S019,R02,NEUROAGENT,SUCCESS,,2026-09-24T20:09:08.077027,0.059
S019,R02,RECONSTRUCTION,SUCCESS,,2026-09-24T20:09:08.199101,0.113
S019,R02,QUALITY,SUCCESS,,2026-09-24T20:09:08.427275,0.218
S019,R02,TOTAL,SUCCESS,,2026-09-24T20:09:08.441968,66.873
S019,R03,LOAD,SUCCESS,,2026-09-24T20:09:08.812714,0.091
S019,R03,PREPROCESSING,SUCCESS,,2026-09-24T20:09:09.300560,0.478
S019,R03,ICA,SUCCESS,,2026-09-24T20:10:27.508503,78.203
S019,R03,ICLabel,SUCCESS,,2026-09-24T20:10:36.555560,9.034
S019,R03,PSD,SUCCESS,,2026-09-24T20:10:37.207774,0.559
S019,R03,ALICE,SUCCESS,,2026-09-24T20:10:37.720285,0.504
S019,R03,FEATURES,SUCCESS,,2026-09-24T20:10:40.061280,2.333
S019,R03,FUSION,SUCCESS,,2026-09-24T20:10:46.355558,0.079
S019,R03,NEUROAGENT,SUCCESS,,2026-09-24T20:10:46.407711,0.049
S019,R03,RECONSTRUCTION,SUCCESS,,2026-09-24T20:10:46.611157,0.193
S019,R03,QUALITY,SUCCESS,,2026-09-24T20:10:47.092147,0.476
S019,R03,TOTAL,SUCCESS,,2026-09-24T20:10:47.107332,98.387
S019,R04,LOAD,SUCCESS,,2026-09-24T20:10:47.506243,0.11
S019,R04,PREPROCESSING,SUCCESS,,2026-09-24T20:10:48.063645,0.545
S019,R04,ICA,SUCCESS,,2026-09-24T20:11:48.761914,60.691
S019,R04,ICLabel,SUCCESS,,2026-09-24T20:11:57.860720,9.093
S019,R04,PSD,SUCCESS,,2026-09-24T20:11:58.618064,0.662
S019,R04,ALICE,SUCCESS,,2026-09-24T20:11:59.268451,0.641
S019,R04,FEATURES,SUCCESS,,2026-09-24T20:12:01.910277,2.638
S019,R04,FUSION,SUCCESS,,2026-09-24T20:12:09.922300,0.162
S019,R04,NEUROAGENT,SUCCESS,,2026-09-24T20:12:10.010089,0.077
S019,R04,RECONSTRUCTION,SUCCESS,,2026-09-24T20:12:10.367067,0.344
S019,R04,QUALITY,SUCCESS,,2026-09-24T20:12:11.092529,0.718
S019,R04,TOTAL,SUCCESS,,2026-09-24T20:12:11.104303,83.708
S019,R05,LOAD,SUCCESS,,2026-09-24T20:12:11.515820,0.123
S019,R05,PREPROCESSING,SUCCESS,,2026-09-24T20:12:12.183598,0.659
S019,R05,ICA,SUCCESS,,2026-09-24T20:14:11.797199,119.607
S019,R05,ICLabel,SUCCESS,,2026-09-24T20:14:21.070176,9.267
S019,R05,PSD,SUCCESS,,2026-09-24T20:14:21.695786,0.52
S019,R05,ALICE,SUCCESS,,2026-09-24T20:14:22.343810,0.637
S019,R05,FEATURES,SUCCESS,,2026-09-24T20:14:28.520076,6.17
S019,R05,FUSION,SUCCESS,,2026-09-24T20:14:40.476606,0.098
S019,R05,NEUROAGENT,SUCCESS,,2026-09-24T20:14:40.532177,0.042
S019,R05,RECONSTRUCTION,SUCCESS,,2026-09-24T20:14:40.828069,0.288
S019,R05,QUALITY,SUCCESS,,2026-09-24T20:14:41.386932,0.553
S019,R05,TOTAL,SUCCESS,,2026-09-24T20:14:41.399405,150.008
S019,R06,LOAD,SUCCESS,,2026-09-24T20:14:41.786538,0.112
S019,R06,PREPROCESSING,SUCCESS,,2026-09-24T20:14:42.592839,0.798
S019,R06,ICA,SUCCESS,,2026-09-24T20:15:59.939601,77.34
S019,R06,ICLabel,SUCCESS,,2026-09-24T20:16:15.354762,15.406
S019,R06,PSD,SUCCESS,,2026-09-24T20:16:16.385678,0.856
S019,R06,ALICE,SUCCESS,,2026-09-24T20:16:17.236761,0.844
S019,R06,FEATURES,SUCCESS,,2026-09-24T20:16:20.498577,3.257
S019,R06,FUSION,SUCCESS,,2026-09-24T20:16:32.755416,0.166
S019,R06,NEUROAGENT,SUCCESS,,2026-09-24T20:16:32.842421,0.07
S019,R06,RECONSTRUCTION,SUCCESS,,2026-09-24T20:16:33.248337,0.393
S019,R06,QUALITY,SUCCESS,,2026-09-24T20:16:34.124260,0.86
S019,R06,TOTAL,SUCCESS,,2026-09-24T20:16:34.140516,112.467
S019,R07,LOAD,SUCCESS,,2026-09-24T20:16:34.612714,0.139
S019,R07,PREPROCESSING,SUCCESS,,2026-09-24T20:16:36.590192,1.968
S019,R07,ICA,SUCCESS,,2026-09-24T20:18:21.432110,104.821
S019,R07,ICLabel,SUCCESS,,2026-09-24T20:18:34.855715,13.409
S019,R07,PSD,SUCCESS,,2026-09-24T20:18:35.617900,0.633
S019,R07,ALICE,SUCCESS,,2026-09-24T20:18:36.561451,0.937
S019,R07,FEATURES,SUCCESS,,2026-09-24T20:18:46.612285,10.044
S019,R07,FUSION,SUCCESS,,2026-09-24T20:19:03.433920,0.248
S019,R07,NEUROAGENT,SUCCESS,,2026-09-24T20:19:03.571486,0.119
S019,R07,RECONSTRUCTION,SUCCESS,,2026-09-24T20:19:04.812397,1.216
S019,R07,QUALITY,SUCCESS,,2026-09-24T20:19:06.598516,1.735
S019,R07,TOTAL,SUCCESS,,2026-09-24T20:19:06.609342,152.134
S019,R08,LOAD,SUCCESS,,2026-09-24T20:19:07.354094,0.264
S019,R08,PREPROCESSING,SUCCESS,,2026-09-24T20:19:09.159891,1.79
S019,R08,ICA,SUCCESS,,2026-09-24T20:20:39.154042,89.976
S019,R08,ICLabel,SUCCESS,,2026-09-24T20:20:50.121419,10.956
S019,R08,PSD,SUCCESS,,2026-09-24T20:21:00.918734,4.13
S019,R08,ALICE,SUCCESS,,2026-09-24T20:21:05.055726,4.095
S019,R08,FEATURES,SUCCESS,,2026-09-24T20:21:51.512560,46.413
S019,R08,FUSION,SUCCESS,,2026-09-24T20:22:04.351986,0.175
S019,R08,NEUROAGENT,SUCCESS,,2026-09-24T20:22:04.439035,0.07
S019,R08,RECONSTRUCTION,SUCCESS,,2026-09-24T20:22:04.867086,0.412
S019,R08,QUALITY,SUCCESS,,2026-09-24T20:22:06.557437,1.677
S019,R08,TOTAL,SUCCESS,,2026-09-24T20:22:06.586727,179.495
S019,R09,LOAD,SUCCESS,,2026-09-24T20:22:07.421401,0.274
S019,R09,PREPROCESSING,SUCCESS,,2026-09-24T20:22:09.462924,2.017
S019,R09,ICA,SUCCESS,,2026-09-24T20:23:05.906643,56.423
S019,R09,ICLabel,SUCCESS,,2026-09-24T20:23:12.317080,6.406
S019,R09,PSD,SUCCESS,,2026-09-24T20:23:13.162057,0.759
S019,R09,ALICE,SUCCESS,,2026-09-24T20:23:14.056417,0.889
S019,R09,FEATURES,SUCCESS,,2026-09-24T20:23:16.474086,2.409
S019,R09,FUSION,SUCCESS,,2026-09-24T20:23:30.462245,0.701
S019,R09,NEUROAGENT,SUCCESS,,2026-09-24T20:23:30.696964,0.201
S019,R09,RECONSTRUCTION,SUCCESS,,2026-09-24T20:23:32.252272,1.532
S019,R09,QUALITY,SUCCESS,,2026-09-24T20:23:34.844428,2.57
S019,R09,TOTAL,SUCCESS,,2026-09-24T20:23:34.864836,87.718
S019,R10,LOAD,SUCCESS,,2026-09-24T20:23:35.529262,0.224
S019,R10,PREPROCESSING,SUCCESS,,2026-09-24T20:23:36.578943,1.033
S019,R10,ICA,SUCCESS,,2026-09-24T20:24:43.878562,67.29
S019,R10,ICLabel,SUCCESS,,2026-09-24T20:24:51.359031,7.476
S019,R10,PSD,SUCCESS,,2026-09-24T20:24:52.513197,1.014
S019,R10,ALICE,SUCCESS,,2026-09-24T20:24:53.482922,0.965
S019,R10,FEATURES,SUCCESS,,2026-09-24T20:24:56.569849,3.084
S019,R10,FUSION,SUCCESS,,2026-09-24T20:25:04.860254,0.235
S019,R10,NEUROAGENT,SUCCESS,,2026-09-24T20:25:04.971379,0.093
S019,R10,RECONSTRUCTION,SUCCESS,,2026-09-24T20:25:05.390576,0.402
S019,R10,QUALITY,SUCCESS,,2026-09-24T20:25:06.266000,0.865
S019,R10,TOTAL,SUCCESS,,2026-09-24T20:25:06.280090,90.976
S019,R11,LOAD,SUCCESS,,2026-09-24T20:25:06.715114,0.144
S019,R11,PREPROCESSING,SUCCESS,,2026-09-24T20:25:07.638451,0.914
S019,R11,ICA,SUCCESS,,2026-09-24T20:25:43.641141,35.997
S019,R11,ICLabel,SUCCESS,,2026-09-24T20:26:12.632647,28.986
S019,R11,PSD,SUCCESS,,2026-09-24T20:26:14.695185,1.874
S019,R11,ALICE,SUCCESS,,2026-09-24T20:26:19.773106,5.059
S019,R11,FEATURES,SUCCESS,,2026-09-24T20:26:33.675853,13.885
S019,R11,FUSION,SUCCESS,,2026-09-24T20:26:44.526859,0.139
S019,R11,NEUROAGENT,SUCCESS,,2026-09-24T20:26:44.610875,0.066
S019,R11,RECONSTRUCTION,SUCCESS,,2026-09-24T20:26:45.002410,0.377
S019,R11,QUALITY,SUCCESS,,2026-09-24T20:26:45.950312,0.936
S019,R11,TOTAL,SUCCESS,,2026-09-24T20:26:45.988150,99.41
S019,R12,LOAD,SUCCESS,,2026-09-24T20:26:48.065903,0.261
S019,R12,PREPROCESSING,SUCCESS,,2026-09-24T20:26:49.695602,1.612
S019,R12,ICA,SUCCESS,,2026-09-24T20:28:38.891851,109.183
S019,R12,ICLabel,SUCCESS,,2026-09-24T20:29:03.759233,24.861
S019,R12,PSD,SUCCESS,,2026-09-24T20:29:08.619970,4.687
S019,R12,ALICE,SUCCESS,,2026-09-24T20:29:10.838093,2.193
S019,R12,FEATURES,SUCCESS,,2026-09-24T20:29:14.940373,4.094
S019,R12,FUSION,SUCCESS,,2026-09-24T20:29:18.698871,0.077
S019,R12,NEUROAGENT,SUCCESS,,2026-09-24T20:29:18.743906,0.039
S019,R12,RECONSTRUCTION,SUCCESS,,2026-09-24T20:29:18.957082,0.199
S019,R12,QUALITY,SUCCESS,,2026-09-24T20:29:19.460268,0.496
S019,R12,TOTAL,SUCCESS,,2026-09-24T20:29:19.473977,151.67
S019,R13,LOAD,SUCCESS,,2026-09-24T20:29:19.834166,0.108
S019,R13,PREPROCESSING,SUCCESS,,2026-09-24T20:29:20.383073,0.54
S019,R13,ICA,SUCCESS,,2026-09-24T20:30:40.556685,80.157
S019,R13,ICLabel,SUCCESS,,2026-09-24T20:30:52.887440,12.322
S019,R13,PSD,SUCCESS,,2026-09-24T20:30:53.562081,0.61
S019,R13,ALICE,SUCCESS,,2026-09-24T20:30:54.416380,0.846
S019,R13,FEATURES,SUCCESS,,2026-09-24T20:30:58.386279,3.959
S019,R13,FUSION,SUCCESS,,2026-09-24T20:31:02.004202,0.096
S019,R13,NEUROAGENT,SUCCESS,,2026-09-24T20:31:02.054663,0.042
S019,R13,RECONSTRUCTION,SUCCESS,,2026-09-24T20:31:02.266440,0.204
S019,R13,QUALITY,SUCCESS,,2026-09-24T20:31:02.797134,0.522
S019,R13,TOTAL,SUCCESS,,2026-09-24T20:31:02.802461,103.077
S019,R14,LOAD,SUCCESS,,2026-09-24T20:31:03.245746,0.12
S019,R14,PREPROCESSING,SUCCESS,,2026-09-24T20:31:03.976801,0.72
S019,R14,ICA,SUCCESS,,2026-09-24T20:32:06.289212,62.304
S019,R14,ICLabel,SUCCESS,,2026-09-24T20:32:18.245840,11.948
S019,R14,PSD,SUCCESS,,2026-09-24T20:32:18.785756,0.474
S019,R14,ALICE,SUCCESS,,2026-09-24T20:32:19.707689,0.897
S019,R14,FEATURES,SUCCESS,,2026-09-24T20:32:23.460240,3.753
S019,R14,FUSION,SUCCESS,,2026-09-24T20:32:27.248712,0.075
S019,R14,NEUROAGENT,SUCCESS,,2026-09-24T20:32:27.289968,0.033
S019,R14,RECONSTRUCTION,SUCCESS,,2026-09-24T20:32:27.514539,0.207
S019,R14,QUALITY,SUCCESS,,2026-09-24T20:32:28.045150,0.531
S019,R14,TOTAL,SUCCESS,,2026-09-24T20:32:28.051126,84.925
S020,R01,LOAD,SUCCESS,,2026-09-24T20:32:28.368181,0.067
S020,R01,PREPROCESSING,SUCCESS,,2026-09-24T20:32:28.763737,0.387
S020,R01,ICA,SUCCESS,,2026-09-24T20:33:12.962893,44.194
S020,R01,ICLabel,SUCCESS,,2026-09-24T20:33:24.641014,11.671
S020,R01,PSD,SUCCESS,,2026-09-24T20:33:25.057329,0.37
S020,R01,ALICE,SUCCESS,,2026-09-24T20:33:25.647226,0.58
S020,R01,FEATURES,SUCCESS,,2026-09-24T20:33:27.729045,2.074
S020,R01,FUSION,SUCCESS,,2026-09-24T20:33:29.924961,0.084
S020,R01,NEUROAGENT,SUCCESS,,2026-09-24T20:33:29.967181,0.037
S020,R01,RECONSTRUCTION,SUCCESS,,2026-09-24T20:33:30.097411,0.112
S020,R01,QUALITY,SUCCESS,,2026-09-24T20:33:30.367074,0.27
S020,R01,TOTAL,SUCCESS,,2026-09-24T20:33:30.377079,62.076
S020,R02,LOAD,SUCCESS,,2026-09-24T20:33:30.774552,0.1
S020,R02,PREPROCESSING,SUCCESS,,2026-09-24T20:33:31.173958,0.389
S020,R02,ICA,SUCCESS,,2026-09-24T20:34:10.330282,39.147
S020,R02,ICLabel,SUCCESS,,2026-09-24T20:34:21.814067,11.476
S020,R02,PSD,SUCCESS,,2026-09-24T20:34:22.212847,0.357
S020,R02,ALICE,SUCCESS,,2026-09-24T20:34:22.787906,0.567
S020,R02,FEATURES,SUCCESS,,2026-09-24T20:34:24.884625,2.088
S020,R02,FUSION,SUCCESS,,2026-09-24T20:34:27.054765,0.074
S020,R02,NEUROAGENT,SUCCESS,,2026-09-24T20:34:27.105183,0.042
S020,R02,RECONSTRUCTION,SUCCESS,,2026-09-24T20:34:27.221687,0.117
S020,R02,QUALITY,SUCCESS,,2026-09-24T20:34:27.421392,0.191
S020,R02,TOTAL,SUCCESS,,2026-09-24T20:34:27.429660,56.763
S020,R03,LOAD,SUCCESS,,2026-09-24T20:34:27.762406,0.092
S020,R03,PREPROCESSING,SUCCESS,,2026-09-24T20:34:28.341818,0.571
S020,R03,ICA,SUCCESS,,2026-09-24T20:35:24.071907,55.705
S020,R03,ICLabel,SUCCESS,,2026-09-24T20:35:36.229703,12.151
S020,R03,PSD,SUCCESS,,2026-09-24T20:35:36.955496,0.651
S020,R03,ALICE,SUCCESS,,2026-09-24T20:35:37.809627,0.846
S020,R03,FEATURES,SUCCESS,,2026-09-24T20:35:41.594975,3.777
S020,R03,FUSION,SUCCESS,,2026-09-24T20:35:45.194031,0.059
S020,R03,NEUROAGENT,SUCCESS,,2026-09-24T20:35:45.241584,0.035
S020,R03,RECONSTRUCTION,SUCCESS,,2026-09-24T20:35:45.399715,0.156
S020,R03,QUALITY,SUCCESS,,2026-09-24T20:35:45.827723,0.428
S020,R03,TOTAL,SUCCESS,,2026-09-24T20:35:45.832920,78.162
S020,R04,LOAD,SUCCESS,,2026-09-24T20:35:46.141572,0.089
S020,R04,PREPROCESSING,SUCCESS,,2026-09-24T20:35:46.713021,0.568
S020,R04,ICA,SUCCESS,,2026-09-24T20:36:36.056691,49.337
S020,R04,ICLabel,SUCCESS,,2026-09-24T20:36:48.494546,12.43
S020,R04,PSD,SUCCESS,,2026-09-24T20:36:49.123090,0.555
S020,R04,ALICE,SUCCESS,,2026-09-24T20:36:49.960889,0.83
S020,R04,FEATURES,SUCCESS,,2026-09-24T20:36:53.721509,3.756
S020,R04,FUSION,SUCCESS,,2026-09-24T20:36:57.391268,0.073
S020,R04,NEUROAGENT,SUCCESS,,2026-09-24T20:36:57.434648,0.04
S020,R04,RECONSTRUCTION,SUCCESS,,2026-09-24T20:36:57.641450,0.2
S020,R04,QUALITY,SUCCESS,,2026-09-24T20:36:58.163894,0.51
S020,R04,TOTAL,SUCCESS,,2026-09-24T20:36:58.171387,72.119
S020,R05,LOAD,SUCCESS,,2026-09-24T20:36:58.507463,0.096
S020,R05,PREPROCESSING,SUCCESS,,2026-09-24T20:36:59.090987,0.574
S020,R05,ICA,SUCCESS,,2026-09-24T20:37:56.360593,57.27
S020,R05,ICLabel,SUCCESS,,2026-09-24T20:38:07.907415,11.538
S020,R05,PSD,SUCCESS,,2026-09-24T20:38:08.550623,0.569
S020,R05,ALICE,SUCCESS,,2026-09-24T20:38:09.347326,0.79
S020,R05,FEATURES,SUCCESS,,2026-09-24T20:38:13.107268,3.75
S020,R05,FUSION,SUCCESS,,2026-09-24T20:38:16.798351,0.08
S020,R05,NEUROAGENT,SUCCESS,,2026-09-24T20:38:16.838259,0.038
S020,R05,RECONSTRUCTION,SUCCESS,,2026-09-24T20:38:17.087270,0.24
S020,R05,QUALITY,SUCCESS,,2026-09-24T20:38:17.627309,0.531
S020,R05,TOTAL,SUCCESS,,2026-09-24T20:38:17.635428,79.223
S020,R06,LOAD,SUCCESS,,2026-09-24T20:38:17.989030,0.093
S020,R06,PREPROCESSING,SUCCESS,,2026-09-24T20:38:18.570852,0.574
S020,R06,ICA,SUCCESS,,2026-09-24T20:39:02.124582,43.546
S020,R06,ICLabel,SUCCESS,,2026-09-24T20:39:13.769940,11.641
S020,R06,PSD,SUCCESS,,2026-09-24T20:39:14.468628,0.608
S020,R06,ALICE,SUCCESS,,2026-09-24T20:39:15.307758,0.839
S020,R06,FEATURES,SUCCESS,,2026-09-24T20:39:19.094406,3.775
S020,R06,FUSION,SUCCESS,,2026-09-24T20:39:22.718239,0.073
S020,R06,NEUROAGENT,SUCCESS,,2026-09-24T20:39:22.768231,0.042
S020,R06,RECONSTRUCTION,SUCCESS,,2026-09-24T20:39:22.974131,0.206
S020,R06,QUALITY,SUCCESS,,2026-09-24T20:39:23.472036,0.498
S020,R06,TOTAL,SUCCESS,,2026-09-24T20:39:23.480380,65.585
S020,R07,LOAD,SUCCESS,,2026-09-24T20:39:23.815877,0.098
S020,R07,PREPROCESSING,SUCCESS,,2026-09-24T20:39:24.389314,0.565
S020,R07,ICA,SUCCESS,,2026-09-24T20:40:24.482025,60.093
S020,R07,ICLabel,SUCCESS,,2026-09-24T20:40:36.008315,11.519
S020,R07,PSD,SUCCESS,,2026-09-24T20:40:36.638226,0.553
S020,R07,ALICE,SUCCESS,,2026-09-24T20:40:37.452762,0.806
S020,R07,FEATURES,SUCCESS,,2026-09-24T20:40:41.283870,3.831
S020,R07,FUSION,SUCCESS,,2026-09-24T20:40:44.951463,0.092
S020,R07,NEUROAGENT,SUCCESS,,2026-09-24T20:40:44.997365,0.046
S020,R07,RECONSTRUCTION,SUCCESS,,2026-09-24T20:40:45.209731,0.197
S020,R07,QUALITY,SUCCESS,,2026-09-24T20:40:45.714595,0.495
S020,R07,TOTAL,SUCCESS,,2026-09-24T20:40:45.720334,82.002
S020,R08,LOAD,SUCCESS,,2026-09-24T20:40:46.263313,0.298
S020,R08,PREPROCESSING,SUCCESS,,2026-09-24T20:40:46.887125,0.615
S020,R08,ICA,SUCCESS,,2026-09-24T20:41:39.139041,52.241
S020,R08,ICLabel,SUCCESS,,2026-09-24T20:41:50.674988,11.53
S020,R08,PSD,SUCCESS,,2026-09-24T20:41:51.339240,0.601
S020,R08,ALICE,SUCCESS,,2026-09-24T20:41:52.136815,0.792
S020,R08,FEATURES,SUCCESS,,2026-09-24T20:41:56.014857,3.866
S020,R08,FUSION,SUCCESS,,2026-09-24T20:41:59.834526,0.08
S020,R08,NEUROAGENT,SUCCESS,,2026-09-24T20:41:59.883404,0.039
S020,R08,RECONSTRUCTION,SUCCESS,,2026-09-24T20:42:00.074676,0.19
S020,R08,QUALITY,SUCCESS,,2026-09-24T20:42:00.642722,0.558
S020,R08,TOTAL,SUCCESS,,2026-09-24T20:42:00.648817,74.683
S020,R09,LOAD,SUCCESS,,2026-09-24T20:42:00.928657,0.1
S020,R09,PREPROCESSING,SUCCESS,,2026-09-24T20:42:01.599816,0.649
S020,R09,ICA,SUCCESS,,2026-09-24T20:42:52.509085,50.909
S020,R09,ICLabel,SUCCESS,,2026-09-24T20:43:03.489318,10.976
S020,R09,PSD,SUCCESS,,2026-09-24T20:43:04.075929,0.507
S020,R09,ALICE,SUCCESS,,2026-09-24T20:43:04.755917,0.677
S020,R09,FEATURES,SUCCESS,,2026-09-24T20:43:08.166025,3.404
S020,R09,FUSION,SUCCESS,,2026-09-24T20:43:11.541699,0.075
S020,R09,NEUROAGENT,SUCCESS,,2026-09-24T20:43:11.583983,0.037
S020,R09,RECONSTRUCTION,SUCCESS,,2026-09-24T20:43:11.761827,0.173
S020,R09,QUALITY,SUCCESS,,2026-09-24T20:43:12.222201,0.46
S020,R09,TOTAL,SUCCESS,,2026-09-24T20:43:12.228970,71.401
S020,R10,LOAD,SUCCESS,,2026-09-24T20:43:12.543082,0.084
S020,R10,PREPROCESSING,SUCCESS,,2026-09-24T20:43:13.127818,0.571
S020,R10,ICA,SUCCESS,,2026-09-24T20:44:01.001907,47.87
S020,R10,ICLabel,SUCCESS,,2026-09-24T20:44:12.105430,11.098
S020,R10,PSD,SUCCESS,,2026-09-24T20:44:12.621886,0.457
S020,R10,ALICE,SUCCESS,,2026-09-24T20:44:13.398990,0.777
S020,R10,FEATURES,SUCCESS,,2026-09-24T20:44:17.779158,4.373
S020,R10,FUSION,SUCCESS,,2026-09-24T20:44:21.363732,0.072
S020,R10,NEUROAGENT,SUCCESS,,2026-09-24T20:44:21.406227,0.034
S020,R10,RECONSTRUCTION,SUCCESS,,2026-09-24T20:44:21.596516,0.182
S020,R10,QUALITY,SUCCESS,,2026-09-24T20:44:22.049747,0.448
S020,R10,TOTAL,SUCCESS,,2026-09-24T20:44:22.057335,69.599
S020,R11,LOAD,SUCCESS,,2026-09-24T20:44:22.366003,0.092
S020,R11,PREPROCESSING,SUCCESS,,2026-09-24T20:44:22.983148,0.611
S020,R11,ICA,SUCCESS,,2026-09-24T20:45:03.314053,40.322
S020,R11,ICLabel,SUCCESS,,2026-09-24T20:45:14.200772,10.877
S020,R11,PSD,SUCCESS,,2026-09-24T20:45:14.903893,0.63
S020,R11,ALICE,SUCCESS,,2026-09-24T20:45:15.731322,0.819
S020,R11,FEATURES,SUCCESS,,2026-09-24T20:45:19.398912,3.661
S020,R11,FUSION,SUCCESS,,2026-09-24T20:45:22.926472,0.075
S020,R11,NEUROAGENT,SUCCESS,,2026-09-24T20:45:22.971924,0.037
S020,R11,RECONSTRUCTION,SUCCESS,,2026-09-24T20:45:23.162066,0.184
S020,R11,QUALITY,SUCCESS,,2026-09-24T20:45:23.614322,0.448
S020,R11,TOTAL,SUCCESS,,2026-09-24T20:45:23.622058,61.348
S020,R12,LOAD,SUCCESS,,2026-09-24T20:45:23.882184,0.073
S020,R12,PREPROCESSING,SUCCESS,,2026-09-24T20:45:24.448703,0.56
S020,R12,ICA,SUCCESS,,2026-09-24T20:46:27.658976,63.207
S020,R12,ICLabel,SUCCESS,,2026-09-24T20:46:39.034822,11.369
S020,R12,PSD,SUCCESS,,2026-09-24T20:46:39.670514,0.562
S020,R12,ALICE,SUCCESS,,2026-09-24T20:46:40.492096,0.814
S020,R12,FEATURES,SUCCESS,,2026-09-24T20:46:44.294758,3.796
S020,R12,FUSION,SUCCESS,,2026-09-24T20:46:48.198136,0.077
S020,R12,NEUROAGENT,SUCCESS,,2026-09-24T20:46:48.241976,0.038
S020,R12,RECONSTRUCTION,SUCCESS,,2026-09-24T20:46:48.462093,0.214
S020,R12,QUALITY,SUCCESS,,2026-09-24T20:46:48.983510,0.515
S020,R12,TOTAL,SUCCESS,,2026-09-24T20:46:48.993002,85.184
S020,R13,LOAD,SUCCESS,,2026-09-24T20:46:49.302106,0.089
S020,R13,PREPROCESSING,SUCCESS,,2026-09-24T20:46:49.868715,0.56
S020,R13,ICA,SUCCESS,,2026-09-24T20:47:47.622695,57.749
S020,R13,ICLabel,SUCCESS,,2026-09-24T20:47:58.182163,10.552
S020,R13,PSD,SUCCESS,,2026-09-24T20:47:59.542108,1.198
S020,R13,ALICE,SUCCESS,,2026-09-24T20:48:01.471710,1.905
S020,R13,FEATURES,SUCCESS,,2026-09-24T20:48:09.033681,7.551
S020,R13,FUSION,SUCCESS,,2026-09-24T20:48:17.961935,0.161
S020,R13,NEUROAGENT,SUCCESS,,2026-09-24T20:48:18.045151,0.069
S020,R13,RECONSTRUCTION,SUCCESS,,2026-09-24T20:48:18.461839,0.4
S020,R13,QUALITY,SUCCESS,,2026-09-24T20:48:19.551740,1.076
S020,R13,TOTAL,SUCCESS,,2026-09-24T20:48:19.568428,90.357
S020,R14,LOAD,SUCCESS,,2026-09-24T20:48:20.171992,0.2
S020,R14,PREPROCESSING,SUCCESS,,2026-09-24T20:48:21.526001,1.334
S020,R14,ICA,SUCCESS,,2026-09-24T20:49:33.148842,71.607
S020,R14,ICLabel,SUCCESS,,2026-09-24T20:49:44.791522,11.64
S020,R14,PSD,SUCCESS,,2026-09-24T20:49:45.512028,0.64
S020,R14,ALICE,SUCCESS,,2026-09-24T20:49:46.346295,0.825
S020,R14,FEATURES,SUCCESS,,2026-09-24T20:49:50.261801,3.906
S020,R14,FUSION,SUCCESS,,2026-09-24T20:49:53.938896,0.082
S020,R14,NEUROAGENT,SUCCESS,,2026-09-24T20:49:53.984752,0.043
S020,R14,RECONSTRUCTION,SUCCESS,,2026-09-24T20:49:54.189120,0.195
S020,R14,QUALITY,SUCCESS,,2026-09-24T20:49:54.747162,0.553
S020,R14,TOTAL,SUCCESS,,2026-09-24T20:49:54.752395,94.78
S021,R01,LOAD,SUCCESS,,2026-09-24T20:49:55.109455,0.087
S021,R01,PREPROCESSING,SUCCESS,,2026-09-24T20:49:55.542522,0.422
S021,R01,ICA,SUCCESS,,2026-09-24T20:50:42.601721,47.05
S021,R01,ICLabel,SUCCESS,,2026-09-24T20:50:53.231820,10.623
S021,R01,PSD,SUCCESS,,2026-09-24T20:50:53.631689,0.35
S021,R01,ALICE,SUCCESS,,2026-09-24T20:50:54.153832,0.512
S021,R01,FEATURES,SUCCESS,,2026-09-24T20:50:56.562317,2.399
S021,R01,FUSION,SUCCESS,,2026-09-24T20:50:58.851657,0.084
S021,R01,NEUROAGENT,SUCCESS,,2026-09-24T20:50:58.901765,0.05
S021,R01,RECONSTRUCTION,SUCCESS,,2026-09-24T20:50:59.040002,0.131
S021,R01,QUALITY,SUCCESS,,2026-09-24T20:50:59.396283,0.35
S021,R01,TOTAL,SUCCESS,,2026-09-24T20:50:59.404244,64.382
S021,R02,LOAD,SUCCESS,,2026-09-24T20:50:59.825237,0.102
S021,R02,PREPROCESSING,SUCCESS,,2026-09-24T20:51:00.391762,0.555
S021,R02,ICA,SUCCESS,,2026-09-24T21:17:20.243238,1579.841
S021,R02,ICLabel,SUCCESS,,2026-09-24T21:17:32.825892,12.566
S021,R02,PSD,SUCCESS,,2026-09-24T21:17:33.240825,0.365
S021,R02,ALICE,SUCCESS,,2026-09-24T21:17:33.965705,0.715
S021,R02,FEATURES,SUCCESS,,2026-09-24T21:17:36.153244,2.177
S021,R02,FUSION,SUCCESS,,2026-09-24T21:17:38.336791,0.076
S021,R02,NEUROAGENT,SUCCESS,,2026-09-24T21:17:38.384931,0.04
S021,R02,RECONSTRUCTION,SUCCESS,,2026-09-24T21:17:38.508789,0.118
S021,R02,QUALITY,SUCCESS,,2026-09-24T21:17:38.728748,0.216
S021,R02,TOTAL,SUCCESS,,2026-09-24T21:17:38.733447,1599.011
S021,R03,LOAD,SUCCESS,,2026-09-24T21:17:39.091340,0.092
S021,R03,PREPROCESSING,SUCCESS,,2026-09-24T21:17:39.750720,0.659
S021,R03,ICA,SUCCESS,,2026-09-24T21:18:53.030498,73.275
S021,R03,ICLabel,SUCCESS,,2026-09-24T21:19:03.835038,10.798
S021,R03,PSD,SUCCESS,,2026-09-24T21:19:04.510701,0.594
S021,R03,ALICE,SUCCESS,,2026-09-24T21:19:05.321882,0.805
S021,R03,FEATURES,SUCCESS,,2026-09-24T21:19:09.102006,3.78
S021,R03,FUSION,SUCCESS,,2026-09-24T21:19:12.683605,0.073
S021,R03,NEUROAGENT,SUCCESS,,2026-09-24T21:19:12.733267,0.05
S021,R03,RECONSTRUCTION,SUCCESS,,2026-09-24T21:19:12.921051,0.18
S021,R03,QUALITY,SUCCESS,,2026-09-24T21:19:13.386032,0.46
S021,R03,TOTAL,SUCCESS,,2026-09-24T21:19:13.392538,94.393
S021,R04,LOAD,SUCCESS,,2026-09-24T21:19:13.754589,0.124
S021,R04,PREPROCESSING,SUCCESS,,2026-09-24T21:19:14.341229,0.581
S021,R04,ICA,SUCCESS,,2026-09-24T21:20:48.958441,94.613
S021,R04,ICLabel,SUCCESS,,2026-09-24T21:21:00.527203,11.562
S021,R04,PSD,SUCCESS,,2026-09-24T21:21:01.170983,0.58
S021,R04,ALICE,SUCCESS,,2026-09-24T21:21:02.020557,0.85
S021,R04,FEATURES,SUCCESS,,2026-09-24T21:21:05.986052,3.965
S021,R04,FUSION,SUCCESS,,2026-09-24T21:21:09.404695,0.075
S021,R04,NEUROAGENT,SUCCESS,,2026-09-24T21:21:09.444293,0.04
S021,R04,RECONSTRUCTION,SUCCESS,,2026-09-24T21:21:09.626855,0.177
S021,R04,QUALITY,SUCCESS,,2026-09-24T21:21:10.180425,0.537
S021,R04,TOTAL,SUCCESS,,2026-09-24T21:21:10.188580,116.553
S021,R05,LOAD,SUCCESS,,2026-09-24T21:21:10.488685,0.094
S021,R05,PREPROCESSING,SUCCESS,,2026-09-24T21:21:11.026006,0.535
S021,R05,ICA,SUCCESS,,2026-09-24T21:22:02.935427,51.904
S021,R05,ICLabel,SUCCESS,,2026-09-24T21:22:06.748447,3.81
S021,R05,PSD,SUCCESS,,2026-09-24T21:22:07.260225,0.423
S021,R05,ALICE,SUCCESS,,2026-09-24T21:22:07.770624,0.505
S021,R05,FEATURES,SUCCESS,,2026-09-24T21:22:09.335216,1.558
S021,R05,FUSION,SUCCESS,,2026-09-24T21:22:14.630416,0.09
S021,R05,NEUROAGENT,SUCCESS,,2026-09-24T21:22:14.685584,0.048
S021,R05,RECONSTRUCTION,SUCCESS,,2026-09-24T21:22:14.938444,0.243
S021,R05,QUALITY,SUCCESS,,2026-09-24T21:22:15.600380,0.656
S021,R05,TOTAL,SUCCESS,,2026-09-24T21:22:15.610503,65.215
S021,R06,LOAD,SUCCESS,,2026-09-24T21:22:15.987504,0.108
S021,R06,PREPROCESSING,SUCCESS,,2026-09-24T21:22:16.934425,0.935
S021,R06,ICA,SUCCESS,,2026-09-24T21:23:19.862432,62.922
S021,R06,ICLabel,SUCCESS,,2026-09-24T21:23:30.952041,11.09
S021,R06,PSD,SUCCESS,,2026-09-24T21:23:31.648294,0.62
S021,R06,ALICE,SUCCESS,,2026-09-24T21:23:32.493835,0.838
S021,R06,FEATURES,SUCCESS,,2026-09-24T21:23:36.280311,3.768
S021,R06,FUSION,SUCCESS,,2026-09-24T21:23:39.843906,0.098
S021,R06,NEUROAGENT,SUCCESS,,2026-09-24T21:23:39.884997,0.041
S021,R06,RECONSTRUCTION,SUCCESS,,2026-09-24T21:23:40.104686,0.204
S021,R06,QUALITY,SUCCESS,,2026-09-24T21:23:40.659097,0.545
S021,R06,TOTAL,SUCCESS,,2026-09-24T21:23:40.660931,84.797
S021,R07,LOAD,SUCCESS,,2026-09-24T21:23:41.047293,0.102
S021,R07,PREPROCESSING,SUCCESS,,2026-09-24T21:23:41.734042,0.678
S021,R07,ICA,SUCCESS,,2026-09-24T21:24:46.726898,64.993
S021,R07,ICLabel,SUCCESS,,2026-09-24T21:24:58.170329,11.436
S021,R07,PSD,SUCCESS,,2026-09-24T21:24:59.111278,0.866
S021,R07,ALICE,SUCCESS,,2026-09-24T21:25:00.514993,1.394
S021,R07,FEATURES,SUCCESS,,2026-09-24T21:25:04.654508,4.14
S021,R07,FUSION,SUCCESS,,2026-09-24T21:25:08.221031,0.077
S021,R07,NEUROAGENT,SUCCESS,,2026-09-24T21:25:08.270788,0.05
S021,R07,RECONSTRUCTION,SUCCESS,,2026-09-24T21:25:08.473751,0.197
S021,R07,QUALITY,SUCCESS,,2026-09-24T21:25:09.002473,0.519
S021,R07,TOTAL,SUCCESS,,2026-09-24T21:25:09.002473,88.072
S021,R08,LOAD,SUCCESS,,2026-09-24T21:25:09.360361,0.119
S021,R08,PREPROCESSING,SUCCESS,,2026-09-24T21:25:10.166812,0.795
S021,R08,ICA,SUCCESS,,2026-09-24T21:26:32.938610,82.762
S021,R08,ICLabel,SUCCESS,,2026-09-24T21:26:44.123828,11.182
S021,R08,PSD,SUCCESS,,2026-09-24T21:26:44.816357,0.611
S021,R08,ALICE,SUCCESS,,2026-09-24T21:26:45.625285,0.794
S021,R08,FEATURES,SUCCESS,,2026-09-24T21:26:49.821709,4.181
S021,R08,FUSION,SUCCESS,,2026-09-24T21:26:53.553598,0.09
S021,R08,NEUROAGENT,SUCCESS,,2026-09-24T21:26:53.608552,0.048
S021,R08,RECONSTRUCTION,SUCCESS,,2026-09-24T21:26:53.835755,0.22
S021,R08,QUALITY,SUCCESS,,2026-09-24T21:26:54.347909,0.511
S021,R08,TOTAL,SUCCESS,,2026-09-24T21:26:54.362453,105.122
S021,R09,LOAD,SUCCESS,,2026-09-24T21:26:54.690617,0.11
S021,R09,PREPROCESSING,SUCCESS,,2026-09-24T21:26:55.324442,0.612
S021,R09,ICA,SUCCESS,,2026-09-24T21:28:24.625407,89.293
S021,R09,ICLabel,SUCCESS,,2026-09-24T21:28:36.084494,11.459
S021,R09,PSD,SUCCESS,,2026-09-24T21:28:36.834012,0.679
S021,R09,ALICE,SUCCESS,,2026-09-24T21:28:37.624853,0.791
S021,R09,FEATURES,SUCCESS,,2026-09-24T21:28:41.406160,3.771
S021,R09,FUSION,SUCCESS,,2026-09-24T21:28:45.200377,0.076
S021,R09,NEUROAGENT,SUCCESS,,2026-09-24T21:28:45.243243,0.037
S021,R09,RECONSTRUCTION,SUCCESS,,2026-09-24T21:28:45.428471,0.178
S021,R09,QUALITY,SUCCESS,,2026-09-24T21:28:45.869534,0.439
S021,R09,TOTAL,SUCCESS,,2026-09-24T21:28:45.874408,111.294
S021,R10,LOAD,SUCCESS,,2026-09-24T21:28:46.344780,0.119
S021,R10,PREPROCESSING,SUCCESS,,2026-09-24T21:28:47.004127,0.646
S021,R10,ICA,SUCCESS,,2026-09-24T21:30:48.546775,121.536
S021,R10,ICLabel,SUCCESS,,2026-09-24T21:31:04.945583,16.387
S021,R10,PSD,SUCCESS,,2026-09-24T21:31:08.503162,3.383
S021,R10,ALICE,SUCCESS,,2026-09-24T21:31:14.730674,6.207
S021,R10,FEATURES,SUCCESS,,2026-09-24T21:31:28.334988,13.582
S021,R10,FUSION,SUCCESS,,2026-09-24T21:31:38.080524,0.196
S021,R10,NEUROAGENT,SUCCESS,,2026-09-24T21:31:38.243850,0.156
S021,R10,RECONSTRUCTION,SUCCESS,,2026-09-24T21:31:39.655356,1.386
S021,R10,QUALITY,SUCCESS,,2026-09-24T21:31:41.021719,1.366
S021,R10,TOTAL,SUCCESS,,2026-09-24T21:31:41.052336,174.824
S021,R11,LOAD,SUCCESS,,2026-09-24T21:31:41.841248,0.347
S021,R11,PREPROCESSING,SUCCESS,,2026-09-24T21:31:49.173833,7.28
S021,R11,ICA,SUCCESS,,2026-09-24T21:33:46.195903,117.005
S021,R11,ICLabel,SUCCESS,,2026-09-24T21:34:02.765542,16.549
S021,R11,PSD,SUCCESS,,2026-09-24T21:34:03.989151,1.092
S021,R11,ALICE,SUCCESS,,2026-09-24T21:34:05.991368,1.99
S021,R11,FEATURES,SUCCESS,,2026-09-24T21:34:10.263708,4.25
S021,R11,FUSION,SUCCESS,,2026-09-24T21:34:20.332959,0.168
S021,R11,NEUROAGENT,SUCCESS,,2026-09-24T21:34:20.410204,0.069
S021,R11,RECONSTRUCTION,SUCCESS,,2026-09-24T21:34:20.694510,0.273
S021,R11,QUALITY,SUCCESS,,2026-09-24T21:34:21.413157,0.713
S021,R11,TOTAL,SUCCESS,,2026-09-24T21:34:21.440425,159.946
S021,R12,LOAD,SUCCESS,,2026-09-24T21:34:22.841181,0.628
S021,R12,PREPROCESSING,SUCCESS,,2026-09-24T21:34:24.305359,1.364
S021,R12,ICA,SUCCESS,,2026-09-24T21:36:38.651330,134.333
S021,R12,ICLabel,SUCCESS,,2026-09-24T21:37:05.075488,26.413
S021,R12,PSD,SUCCESS,,2026-09-24T21:37:06.632410,1.354
S021,R12,ALICE,SUCCESS,,2026-09-24T21:37:07.740041,1.097
S021,R12,FEATURES,SUCCESS,,2026-09-24T21:37:11.920605,4.176
S021,R12,FUSION,SUCCESS,,2026-09-24T21:37:20.721048,0.211
S021,R12,NEUROAGENT,SUCCESS,,2026-09-24T21:37:20.798327,0.067
S021,R12,RECONSTRUCTION,SUCCESS,,2026-09-24T21:37:21.180811,0.37
S021,R12,QUALITY,SUCCESS,,2026-09-24T21:37:22.160492,0.97
S021,R12,TOTAL,SUCCESS,,2026-09-24T21:37:22.181424,179.965
S021,R13,LOAD,SUCCESS,,2026-09-24T21:37:22.642722,0.158
S021,R13,PREPROCESSING,SUCCESS,,2026-09-24T21:37:23.540389,0.878
S021,R13,ICA,SUCCESS,,2026-09-24T21:40:41.253122,197.709
S021,R13,ICLabel,SUCCESS,,2026-09-24T21:40:54.192339,12.939
S021,R13,PSD,SUCCESS,,2026-09-24T21:40:55.237368,0.896
S021,R13,ALICE,SUCCESS,,2026-09-24T21:40:56.472559,1.22
S021,R13,FEATURES,SUCCESS,,2026-09-24T21:41:00.752059,4.279
S021,R13,FUSION,SUCCESS,,2026-09-24T21:41:05.126043,0.165
S021,R13,NEUROAGENT,SUCCESS,,2026-09-24T21:41:05.193493,0.059
S021,R13,RECONSTRUCTION,SUCCESS,,2026-09-24T21:41:05.565621,0.351
S021,R13,QUALITY,SUCCESS,,2026-09-24T21:41:06.233151,0.652
S021,R13,TOTAL,SUCCESS,,2026-09-24T21:41:06.254335,223.769
S021,R14,LOAD,SUCCESS,,2026-09-24T21:41:06.780331,0.192
S021,R14,PREPROCESSING,SUCCESS,,2026-09-24T21:41:07.840488,1.036
S021,R14,ICA,SUCCESS,,2026-09-24T21:42:40.596461,92.756
S021,R14,ICLabel,SUCCESS,,2026-09-24T21:43:00.126587,19.513
S021,R14,PSD,SUCCESS,,2026-09-24T21:43:01.681137,1.331
S021,R14,ALICE,SUCCESS,,2026-09-24T21:43:02.687327,0.992
S021,R14,FEATURES,SUCCESS,,2026-09-24T21:43:06.720327,4.025
S021,R14,FUSION,SUCCESS,,2026-09-24T21:43:15.942257,0.167
S021,R14,NEUROAGENT,SUCCESS,,2026-09-24T21:43:16.038438,0.085
S021,R14,RECONSTRUCTION,SUCCESS,,2026-09-24T21:43:16.416672,0.365
S021,R14,QUALITY,SUCCESS,,2026-09-24T21:43:17.590672,1.169
S021,R14,TOTAL,SUCCESS,,2026-09-24T21:43:17.608055,131.02
S022,R01,LOAD,SUCCESS,,2026-09-24T21:43:18.011385,0.105
S022,R01,PREPROCESSING,SUCCESS,,2026-09-24T21:43:18.650031,0.621
S022,R01,ICA,SUCCESS,,2026-09-24T21:44:54.334299,95.669
S022,R01,ICLabel,SUCCESS,,2026-09-24T21:45:12.890619,18.556
S022,R01,PSD,SUCCESS,,2026-09-24T21:45:13.657905,0.637
S022,R01,ALICE,SUCCESS,,2026-09-24T21:45:15.645152,1.979
S022,R01,FEATURES,SUCCESS,,2026-09-24T21:45:20.630375,4.956
S022,R01,FUSION,SUCCESS,,2026-09-24T21:45:25.074834,0.147
S022,R01,NEUROAGENT,SUCCESS,,2026-09-24T21:45:25.170354,0.074
S022,R01,RECONSTRUCTION,SUCCESS,,2026-09-24T21:45:25.450702,0.269
S022,R01,QUALITY,SUCCESS,,2026-09-24T21:45:25.908876,0.443
S022,R01,TOTAL,SUCCESS,,2026-09-24T21:45:25.930793,128.025
S022,R02,LOAD,SUCCESS,,2026-09-24T21:45:27.310340,0.626
S022,R02,PREPROCESSING,SUCCESS,,2026-09-24T21:45:29.764294,2.4
S022,R02,ICA,SUCCESS,,2026-09-24T21:46:35.353869,65.542
S022,R02,ICLabel,SUCCESS,,2026-09-24T21:46:46.335361,10.981
S022,R02,PSD,SUCCESS,,2026-09-24T21:46:46.933263,0.541
S022,R02,ALICE,SUCCESS,,2026-09-24T21:46:47.563251,0.619
S022,R02,FEATURES,SUCCESS,,2026-09-24T21:46:49.593958,2.031
S022,R02,FUSION,SUCCESS,,2026-09-24T21:46:52.152872,0.163
S022,R02,NEUROAGENT,SUCCESS,,2026-09-24T21:46:52.234435,0.064
S022,R02,RECONSTRUCTION,SUCCESS,,2026-09-24T21:46:52.406669,0.164
S022,R02,QUALITY,SUCCESS,,2026-09-24T21:46:52.681324,0.256
S022,R02,TOTAL,SUCCESS,,2026-09-24T21:46:52.694803,86.012
S022,R03,LOAD,SUCCESS,,2026-09-24T21:46:53.132582,0.128
S022,R03,PREPROCESSING,SUCCESS,,2026-09-24T21:46:53.824759,0.679
S022,R03,ICA,SUCCESS,,2026-09-24T21:48:44.890115,111.057
S022,R03,ICLabel,SUCCESS,,2026-09-24T21:48:59.858199,14.958
S022,R03,PSD,SUCCESS,,2026-09-24T21:49:00.595156,0.661
S022,R03,ALICE,SUCCESS,,2026-09-24T21:49:01.540518,0.934
S022,R03,FEATURES,SUCCESS,,2026-09-24T21:49:05.376324,3.826
S022,R03,FUSION,SUCCESS,,2026-09-24T21:49:09.118437,0.08
S022,R03,NEUROAGENT,SUCCESS,,2026-09-24T21:49:09.166419,0.042
S022,R03,RECONSTRUCTION,SUCCESS,,2026-09-24T21:49:09.368378,0.196
S022,R03,QUALITY,SUCCESS,,2026-09-24T21:49:09.900211,0.528
S022,R03,TOTAL,SUCCESS,,2026-09-24T21:49:09.910308,136.906
S022,R04,LOAD,SUCCESS,,2026-09-24T21:49:10.248934,0.108
S022,R04,PREPROCESSING,SUCCESS,,2026-09-24T21:49:10.880123,0.62
S022,R04,ICA,SUCCESS,,2026-09-24T21:50:16.610960,65.723
S022,R04,ICLabel,SUCCESS,,2026-09-24T21:50:27.908806,11.293
S022,R04,PSD,SUCCESS,,2026-09-24T21:50:28.617040,0.632
S022,R04,ALICE,SUCCESS,,2026-09-24T21:50:29.600198,0.98
S022,R04,FEATURES,SUCCESS,,2026-09-24T21:50:34.006134,4.397
S022,R04,FUSION,SUCCESS,,2026-09-24T21:50:37.884961,0.086
S022,R04,NEUROAGENT,SUCCESS,,2026-09-24T21:50:37.932539,0.038
S022,R04,RECONSTRUCTION,SUCCESS,,2026-09-24T21:50:38.148390,0.207
S022,R04,QUALITY,SUCCESS,,2026-09-24T21:50:38.724812,0.57
S022,R04,TOTAL,SUCCESS,,2026-09-24T21:50:38.734216,88.592
S022,R05,LOAD,SUCCESS,,2026-09-24T21:50:39.104417,0.109
S022,R05,PREPROCESSING,SUCCESS,,2026-09-24T21:50:39.835562,0.717
S022,R05,ICA,SUCCESS,,2026-09-24T21:52:04.120160,84.275
S022,R05,ICLabel,SUCCESS,,2026-09-24T21:52:20.024670,15.892
S022,R05,PSD,SUCCESS,,2026-09-24T21:52:21.313020,1.108
S022,R05,ALICE,SUCCESS,,2026-09-24T21:52:23.505183,2.192
S022,R05,FEATURES,SUCCESS,,2026-09-24T21:52:29.150258,5.63
S022,R05,FUSION,SUCCESS,,2026-09-24T21:52:37.299807,0.175
S022,R05,NEUROAGENT,SUCCESS,,2026-09-24T21:52:37.345448,0.038
S022,R05,RECONSTRUCTION,SUCCESS,,2026-09-24T21:52:37.613184,0.253
S022,R05,QUALITY,SUCCESS,,2026-09-24T21:52:38.309894,0.689
S022,R05,TOTAL,SUCCESS,,2026-09-24T21:52:38.320131,119.324
S022,R06,LOAD,SUCCESS,,2026-09-24T21:52:38.812328,0.182
S022,R06,PREPROCESSING,SUCCESS,,2026-09-24T21:52:39.963613,1.13
S022,R06,ICA,SUCCESS,,2026-09-24T21:53:58.822202,78.842
S022,R06,ICLabel,SUCCESS,,2026-09-24T21:54:10.193895,11.358
S022,R06,PSD,SUCCESS,,2026-09-24T21:54:10.888347,0.626
S022,R06,ALICE,SUCCESS,,2026-09-24T21:54:11.687655,0.79
S022,R06,FEATURES,SUCCESS,,2026-09-24T21:54:15.457183,3.763
S022,R06,FUSION,SUCCESS,,2026-09-24T21:54:19.071954,0.084
S022,R06,NEUROAGENT,SUCCESS,,2026-09-24T21:54:19.113940,0.037
S022,R06,RECONSTRUCTION,SUCCESS,,2026-09-24T21:54:19.320446,0.198
S022,R06,QUALITY,SUCCESS,,2026-09-24T21:54:20.009195,0.687
S022,R06,TOTAL,SUCCESS,,2026-09-24T21:54:20.026065,101.396
S022,R07,LOAD,SUCCESS,,2026-09-24T21:54:20.482329,0.149
S022,R07,PREPROCESSING,SUCCESS,,2026-09-24T21:54:21.160117,0.665
S022,R07,ICA,SUCCESS,,2026-09-24T21:55:39.610445,78.445
S022,R07,ICLabel,SUCCESS,,2026-09-24T21:55:50.762136,11.142
S022,R07,PSD,SUCCESS,,2026-09-24T21:55:51.619824,0.74
S022,R07,ALICE,SUCCESS,,2026-09-24T21:55:52.674727,1.049
S022,R07,FEATURES,SUCCESS,,2026-09-24T21:55:56.629999,3.942
S022,R07,FUSION,SUCCESS,,2026-09-24T21:56:00.805159,0.151
S022,R07,NEUROAGENT,SUCCESS,,2026-09-24T21:56:00.880467,0.062
S022,R07,RECONSTRUCTION,SUCCESS,,2026-09-24T21:56:01.135296,0.255
S022,R07,QUALITY,SUCCESS,,2026-09-24T21:56:01.772632,0.63
S022,R07,TOTAL,SUCCESS,,2026-09-24T21:56:01.781789,101.448
S022,R08,LOAD,SUCCESS,,2026-09-24T21:56:02.159005,0.108
S022,R08,PREPROCESSING,SUCCESS,,2026-09-24T21:56:02.805249,0.641
S022,R08,ICA,SUCCESS,,2026-09-24T21:57:35.215393,92.402
S022,R08,ICLabel,SUCCESS,,2026-09-24T21:57:46.497073,11.276
S022,R08,PSD,SUCCESS,,2026-09-24T21:57:47.249650,0.668
S022,R08,ALICE,SUCCESS,,2026-09-24T21:57:48.170032,0.902
S022,R08,FEATURES,SUCCESS,,2026-09-24T21:57:51.866139,3.691
S022,R08,FUSION,SUCCESS,,2026-09-24T21:57:55.474662,0.087
S022,R08,NEUROAGENT,SUCCESS,,2026-09-24T21:57:55.520101,0.038
S022,R08,RECONSTRUCTION,SUCCESS,,2026-09-24T21:57:55.713312,0.184
S022,R08,QUALITY,SUCCESS,,2026-09-24T21:57:56.215707,0.496
S022,R08,TOTAL,SUCCESS,,2026-09-24T21:57:56.227644,114.179
S022,R09,LOAD,SUCCESS,,2026-09-24T21:57:56.592252,0.124
S022,R09,PREPROCESSING,SUCCESS,,2026-09-24T21:57:57.193960,0.602
S022,R09,ICA,SUCCESS,,2026-09-24T21:59:04.130129,66.936
S022,R09,ICLabel,SUCCESS,,2026-09-24T21:59:15.235222,11.094
S022,R09,PSD,SUCCESS,,2026-09-24T21:59:15.913201,0.591
S022,R09,ALICE,SUCCESS,,2026-09-24T21:59:16.735104,0.819
S022,R09,FEATURES,SUCCESS,,2026-09-24T21:59:20.389763,3.644
S022,R09,FUSION,SUCCESS,,2026-09-24T21:59:26.866910,0.19
S022,R09,NEUROAGENT,SUCCESS,,2026-09-24T21:59:26.964912,0.087
S022,R09,RECONSTRUCTION,SUCCESS,,2026-09-24T21:59:27.345583,0.368
S022,R09,QUALITY,SUCCESS,,2026-09-24T21:59:28.075083,0.715
S022,R09,TOTAL,SUCCESS,,2026-09-24T21:59:28.092511,91.624
S022,R10,LOAD,SUCCESS,,2026-09-24T21:59:28.670336,0.218
S022,R10,PREPROCESSING,SUCCESS,,2026-09-24T21:59:29.562602,0.87
S022,R10,ICA,SUCCESS,,2026-09-24T22:00:55.549800,85.987
S022,R10,ICLabel,SUCCESS,,2026-09-24T22:00:59.430553,3.876
S022,R10,PSD,SUCCESS,,2026-09-24T22:00:59.737102,0.251
S022,R10,ALICE,SUCCESS,,2026-09-24T22:01:00.168090,0.428
S022,R10,FEATURES,SUCCESS,,2026-09-24T22:01:02.903010,2.727
S022,R10,FUSION,SUCCESS,,2026-09-24T22:01:07.484177,0.09
S022,R10,NEUROAGENT,SUCCESS,,2026-09-24T22:01:07.554927,0.06
S022,R10,RECONSTRUCTION,SUCCESS,,2026-09-24T22:01:07.747378,0.181
S022,R10,QUALITY,SUCCESS,,2026-09-24T22:01:08.201381,0.451
S022,R10,TOTAL,SUCCESS,,2026-09-24T22:01:08.209150,99.758
S022,R11,LOAD,SUCCESS,,2026-09-24T22:01:08.580190,0.108
S022,R11,PREPROCESSING,SUCCESS,,2026-09-24T22:01:09.029765,0.441
S022,R11,ICA,SUCCESS,,2026-09-24T22:02:31.792400,82.755
S022,R11,ICLabel,SUCCESS,,2026-09-24T22:02:45.300238,13.49
S022,R11,PSD,SUCCESS,,2026-09-24T22:02:46.815424,1.335
S022,R11,ALICE,SUCCESS,,2026-09-24T22:02:48.622560,1.793
S022,R11,FEATURES,SUCCESS,,2026-09-24T22:02:52.939672,4.309
S022,R11,FUSION,SUCCESS,,2026-09-24T22:03:06.532552,0.534
S022,R11,NEUROAGENT,SUCCESS,,2026-09-24T22:03:06.737199,0.18
S022,R11,RECONSTRUCTION,SUCCESS,,2026-09-24T22:03:07.930048,1.157
S022,R11,QUALITY,SUCCESS,,2026-09-24T22:03:09.963136,2.002
S022,R11,TOTAL,SUCCESS,,2026-09-24T22:03:09.997132,121.524
S022,R12,LOAD,SUCCESS,,2026-09-24T22:03:12.804719,1.792
S022,R12,PREPROCESSING,SUCCESS,,2026-09-24T22:03:15.278458,2.21
S022,R12,ICA,SUCCESS,,2026-09-24T22:04:51.139810,95.844
S022,R12,ICLabel,SUCCESS,,2026-09-24T22:04:57.373634,6.234
S022,R12,PSD,SUCCESS,,2026-09-24T22:04:58.362109,0.837
S022,R12,ALICE,SUCCESS,,2026-09-24T22:04:59.417020,1.028
S022,R12,FEATURES,SUCCESS,,2026-09-24T22:05:03.501292,4.076
S022,R12,FUSION,SUCCESS,,2026-09-24T22:05:13.622839,0.209
S022,R12,NEUROAGENT,SUCCESS,,2026-09-24T22:05:13.829946,0.181
S022,R12,RECONSTRUCTION,SUCCESS,,2026-09-24T22:05:14.996403,1.121
S022,R12,QUALITY,SUCCESS,,2026-09-24T22:05:16.270345,1.257
S022,R12,TOTAL,SUCCESS,,2026-09-24T22:05:16.308255,125.296
S022,R13,LOAD,SUCCESS,,2026-09-24T22:05:17.399139,0.464
S022,R13,PREPROCESSING,SUCCESS,,2026-09-24T22:05:19.870887,2.436
S022,R13,ICA,SUCCESS,,2026-09-24T22:06:24.920022,65.032
S022,R13,ICLabel,SUCCESS,,2026-09-24T22:06:42.738176,17.809
S022,R13,PSD,SUCCESS,,2026-09-24T22:06:47.722499,4.331
S022,R13,ALICE,SUCCESS,,2026-09-24T22:06:49.721588,1.984
S022,R13,FEATURES,SUCCESS,,2026-09-24T22:06:53.093644,3.357
S022,R13,FUSION,SUCCESS,,2026-09-24T22:07:00.585525,0.187
S022,R13,NEUROAGENT,SUCCESS,,2026-09-24T22:07:00.779788,0.184
S022,R13,RECONSTRUCTION,SUCCESS,,2026-09-24T22:07:01.054831,0.266
S022,R13,QUALITY,SUCCESS,,2026-09-24T22:07:01.461437,0.402
S022,R13,TOTAL,SUCCESS,,2026-09-24T22:07:01.466666,104.54
S022,R14,LOAD,SUCCESS,,2026-09-24T22:07:01.764549,0.086
S022,R14,PREPROCESSING,SUCCESS,,2026-09-24T22:07:02.209434,0.443
S022,R14,ICA,SUCCESS,,2026-09-24T22:07:51.030048,48.812
S022,R14,ICLabel,SUCCESS,,2026-09-24T22:07:53.683074,2.651
S022,R14,PSD,SUCCESS,,2026-09-24T22:07:53.985363,0.234
S022,R14,ALICE,SUCCESS,,2026-09-24T22:07:54.272910,0.271
S022,R14,FEATURES,SUCCESS,,2026-09-24T22:07:55.167682,0.895
S022,R14,FUSION,SUCCESS,,2026-09-24T22:07:57.657631,0.099
S022,R14,NEUROAGENT,SUCCESS,,2026-09-24T22:07:57.722383,0.055
S022,R14,RECONSTRUCTION,SUCCESS,,2026-09-24T22:07:57.878606,0.147
S022,R14,QUALITY,SUCCESS,,2026-09-24T22:07:58.234513,0.352
S022,R14,TOTAL,SUCCESS,,2026-09-24T22:07:58.234513,56.556
S023,R01,LOAD,SUCCESS,,2026-09-24T22:07:58.541939,0.081
S023,R01,PREPROCESSING,SUCCESS,,2026-09-24T22:07:58.807807,0.254
S023,R01,ICA,SUCCESS,,2026-09-24T22:08:47.968352,49.152
S023,R01,ICLabel,SUCCESS,,2026-09-24T22:08:59.448524,11.471
S023,R01,PSD,SUCCESS,,2026-09-24T22:08:59.864978,0.366
S023,R01,ALICE,SUCCESS,,2026-09-24T22:09:00.410925,0.54
S023,R01,FEATURES,SUCCESS,,2026-09-24T22:09:02.654301,2.232
S023,R01,FUSION,SUCCESS,,2026-09-24T22:09:04.881322,0.074
S023,R01,NEUROAGENT,SUCCESS,,2026-09-24T22:09:04.931924,0.041
S023,R01,RECONSTRUCTION,SUCCESS,,2026-09-24T22:09:05.070630,0.13
S023,R01,QUALITY,SUCCESS,,2026-09-24T22:09:05.332841,0.259
S023,R01,TOTAL,SUCCESS,,2026-09-24T22:09:05.340718,66.879
S023,R02,LOAD,SUCCESS,,2026-09-24T22:09:05.636588,0.067
S023,R02,PREPROCESSING,SUCCESS,,2026-09-24T22:09:06.160716,0.51
S023,R02,ICA,SUCCESS,,2026-09-24T22:09:49.767234,43.607
S023,R02,ICLabel,SUCCESS,,2026-09-24T22:10:00.673181,10.899
S023,R02,PSD,SUCCESS,,2026-09-24T22:10:01.150578,0.419
S023,R02,ALICE,SUCCESS,,2026-09-24T22:10:01.722411,0.562
S023,R02,FEATURES,SUCCESS,,2026-09-24T22:10:03.756072,2.025
S023,R02,FUSION,SUCCESS,,2026-09-24T22:10:05.980444,0.08
S023,R02,NEUROAGENT,SUCCESS,,2026-09-24T22:10:06.030386,0.041
S023,R02,RECONSTRUCTION,SUCCESS,,2026-09-24T22:10:06.164472,0.126
S023,R02,QUALITY,SUCCESS,,2026-09-24T22:10:06.450896,0.279
S023,R02,TOTAL,SUCCESS,,2026-09-24T22:10:06.465366,60.896
S023,R03,LOAD,SUCCESS,,2026-09-24T22:10:06.897814,0.126
S023,R03,PREPROCESSING,SUCCESS,,2026-09-24T22:10:07.540567,0.635
S023,R03,ICA,SUCCESS,,2026-09-24T22:11:01.227754,53.671
S023,R03,ICLabel,SUCCESS,,2026-09-24T22:11:15.138124,13.91
S023,R03,PSD,SUCCESS,,2026-09-24T22:11:15.827998,0.619
S023,R03,ALICE,SUCCESS,,2026-09-24T22:11:16.694769,0.856
S023,R03,FEATURES,SUCCESS,,2026-09-24T22:11:20.570982,3.865
S023,R03,FUSION,SUCCESS,,2026-09-24T22:11:24.213102,0.086
S023,R03,NEUROAGENT,SUCCESS,,2026-09-24T22:11:24.261853,0.042
S023,R03,RECONSTRUCTION,SUCCESS,,2026-09-24T22:11:24.488600,0.22
S023,R03,QUALITY,SUCCESS,,2026-09-24T22:11:25.108246,0.608
S023,R03,TOTAL,SUCCESS,,2026-09-24T22:11:25.121410,78.348
S023,R04,LOAD,SUCCESS,,2026-09-24T22:11:25.588364,0.153
S023,R04,PREPROCESSING,SUCCESS,,2026-09-24T22:11:26.326422,0.722
S023,R04,ICA,SUCCESS,,2026-09-24T22:12:27.376166,61.044
S023,R04,ICLabel,SUCCESS,,2026-09-24T22:12:39.029626,11.647
S023,R04,PSD,SUCCESS,,2026-09-24T22:12:39.737907,0.633
S023,R04,ALICE,SUCCESS,,2026-09-24T22:12:40.782551,1.037
S023,R04,FEATURES,SUCCESS,,2026-09-24T22:12:44.600988,3.806
S023,R04,FUSION,SUCCESS,,2026-09-24T22:12:48.228853,0.083
S023,R04,NEUROAGENT,SUCCESS,,2026-09-24T22:12:48.287015,0.052
S023,R04,RECONSTRUCTION,SUCCESS,,2026-09-24T22:12:48.502404,0.208
S023,R04,QUALITY,SUCCESS,,2026-09-24T22:12:49.022267,0.509
S023,R04,TOTAL,SUCCESS,,2026-09-24T22:12:49.022267,83.588
S023,R05,LOAD,SUCCESS,,2026-09-24T22:12:49.396539,0.118
S023,R05,PREPROCESSING,SUCCESS,,2026-09-24T22:12:50.035822,0.63
S023,R05,ICA,SUCCESS,,2026-09-24T22:13:35.722178,45.68
S023,R05,ICLabel,SUCCESS,,2026-09-24T22:13:48.358027,12.624
S023,R05,PSD,SUCCESS,,2026-09-24T22:13:49.358238,0.868
S023,R05,ALICE,SUCCESS,,2026-09-24T22:13:50.482240,1.108
S023,R05,FEATURES,SUCCESS,,2026-09-24T22:13:54.414698,3.922
S023,R05,FUSION,SUCCESS,,2026-09-24T22:13:59.729341,0.17
S023,R05,NEUROAGENT,SUCCESS,,2026-09-24T22:13:59.792400,0.05
S023,R05,RECONSTRUCTION,SUCCESS,,2026-09-24T22:14:00.062260,0.264
S023,R05,QUALITY,SUCCESS,,2026-09-24T22:14:00.662535,0.583
S023,R05,TOTAL,SUCCESS,,2026-09-24T22:14:00.665469,71.39
S023,R06,LOAD,SUCCESS,,2026-09-24T22:14:01.068411,0.126
S023,R06,PREPROCESSING,SUCCESS,,2026-09-24T22:14:01.742434,0.657
S023,R06,ICA,SUCCESS,,2026-09-24T22:15:51.845400,110.093
S023,R06,ICLabel,SUCCESS,,2026-09-24T22:16:13.442697,21.597
S023,R06,PSD,SUCCESS,,2026-09-24T22:16:14.636769,0.991
S023,R06,ALICE,SUCCESS,,2026-09-24T22:16:15.570221,0.924
S023,R06,FEATURES,SUCCESS,,2026-09-24T22:16:19.723592,4.145
S023,R06,FUSION,SUCCESS,,2026-09-24T22:16:26.415015,0.158
S023,R06,NEUROAGENT,SUCCESS,,2026-09-24T22:16:26.495888,0.067
S023,R06,RECONSTRUCTION,SUCCESS,,2026-09-24T22:16:26.798697,0.288
S023,R06,QUALITY,SUCCESS,,2026-09-24T22:16:27.644208,0.83
S023,R06,TOTAL,SUCCESS,,2026-09-24T22:16:27.662412,146.72
S023,R07,LOAD,SUCCESS,,2026-09-24T22:16:28.229241,0.184
S023,R07,PREPROCESSING,SUCCESS,,2026-09-24T22:16:29.562605,1.318
S023,R07,ICA,SUCCESS,,2026-09-24T22:17:35.862572,66.284
S023,R07,ICLabel,SUCCESS,,2026-09-24T22:17:57.178786,21.306
S023,R07,PSD,SUCCESS,,2026-09-24T22:17:58.442547,0.963
S023,R07,ALICE,SUCCESS,,2026-09-24T22:17:59.489850,1.03
S023,R07,FEATURES,SUCCESS,,2026-09-24T22:18:04.479469,4.98
S023,R07,FUSION,SUCCESS,,2026-09-24T22:18:16.850730,0.36
S023,R07,NEUROAGENT,SUCCESS,,2026-09-24T22:18:17.504741,0.614
S023,R07,RECONSTRUCTION,SUCCESS,,2026-09-24T22:18:18.994007,1.465
S023,R07,QUALITY,SUCCESS,,2026-09-24T22:18:21.231086,2.221
S023,R07,TOTAL,SUCCESS,,2026-09-24T22:18:21.250037,113.204
S023,R08,LOAD,SUCCESS,,2026-09-24T22:18:21.872392,0.192
S023,R08,PREPROCESSING,SUCCESS,,2026-09-24T22:18:23.724510,1.837
S023,R08,ICA,SUCCESS,,2026-09-24T22:19:24.205162,60.467
S023,R08,ICLabel,SUCCESS,,2026-09-24T22:19:35.862881,11.65
S023,R08,PSD,SUCCESS,,2026-09-24T22:19:36.535210,0.598
S023,R08,ALICE,SUCCESS,,2026-09-24T22:19:37.375014,0.83
S023,R08,FEATURES,SUCCESS,,2026-09-24T22:19:41.162410,3.773
S023,R08,FUSION,SUCCESS,,2026-09-24T22:19:45.712243,0.153
S023,R08,NEUROAGENT,SUCCESS,,2026-09-24T22:19:45.772386,0.051
S023,R08,RECONSTRUCTION,SUCCESS,,2026-09-24T22:19:46.129716,0.345
S023,R08,QUALITY,SUCCESS,,2026-09-24T22:19:47.269888,1.123
S023,R08,TOTAL,SUCCESS,,2026-09-24T22:19:47.313716,85.633
S023,R09,LOAD,SUCCESS,,2026-09-24T22:19:48.683724,0.532
S023,R09,PREPROCESSING,SUCCESS,,2026-09-24T22:19:50.742951,2.015
S023,R09,ICA,SUCCESS,,2026-09-24T22:20:46.039589,55.278
S023,R09,ICLabel,SUCCESS,,2026-09-24T22:20:58.201887,12.155
S023,R09,PSD,SUCCESS,,2026-09-24T22:20:58.936802,0.658
S023,R09,ALICE,SUCCESS,,2026-09-24T22:20:59.742629,0.806
S023,R09,FEATURES,SUCCESS,,2026-09-24T22:21:03.587897,3.845
S023,R09,FUSION,SUCCESS,,2026-09-24T22:21:07.228197,0.086
S023,R09,NEUROAGENT,SUCCESS,,2026-09-24T22:21:07.281443,0.039
S023,R09,RECONSTRUCTION,SUCCESS,,2026-09-24T22:21:07.474729,0.187
S023,R09,QUALITY,SUCCESS,,2026-09-24T22:21:08.031096,0.541
S023,R09,TOTAL,SUCCESS,,2026-09-24T22:21:08.031096,79.886
S023,R10,LOAD,SUCCESS,,2026-09-24T22:21:08.455817,0.154
S023,R10,PREPROCESSING,SUCCESS,,2026-09-24T22:21:09.082030,0.616
S023,R10,ICA,SUCCESS,,2026-09-24T22:22:30.186428,81.089
S023,R10,ICLabel,SUCCESS,,2026-09-24T22:22:42.399093,12.197
S023,R10,PSD,SUCCESS,,2026-09-24T22:22:43.067404,0.597
S023,R10,ALICE,SUCCESS,,2026-09-24T22:22:43.915491,0.84
S023,R10,FEATURES,SUCCESS,,2026-09-24T22:22:47.759402,3.828
S023,R10,FUSION,SUCCESS,,2026-09-24T22:22:51.408913,0.075
S023,R10,NEUROAGENT,SUCCESS,,2026-09-24T22:22:51.463252,0.041
S023,R10,RECONSTRUCTION,SUCCESS,,2026-09-24T22:22:51.677684,0.21
S023,R10,QUALITY,SUCCESS,,2026-09-24T22:22:52.359010,0.674
S023,R10,TOTAL,SUCCESS,,2026-09-24T22:22:52.368376,104.067
S023,R11,LOAD,SUCCESS,,2026-09-24T22:22:52.919751,0.157
S023,R11,PREPROCESSING,SUCCESS,,2026-09-24T22:22:53.659042,0.724
S023,R11,ICA,SUCCESS,,2026-09-24T22:23:54.573829,60.906
S023,R11,ICLabel,SUCCESS,,2026-09-24T22:24:06.728071,12.151
S023,R11,PSD,SUCCESS,,2026-09-24T22:24:11.298168,4.434
S023,R11,ALICE,SUCCESS,,2026-09-24T22:24:14.417701,3.094
S023,R11,FEATURES,SUCCESS,,2026-09-24T22:24:23.165456,8.725
S023,R11,FUSION,SUCCESS,,2026-09-24T22:24:32.150463,0.208
S023,R11,NEUROAGENT,SUCCESS,,2026-09-24T22:24:32.248249,0.087
S023,R11,RECONSTRUCTION,SUCCESS,,2026-09-24T22:24:32.687779,0.43
S023,R11,QUALITY,SUCCESS,,2026-09-24T22:24:33.477597,0.779
S023,R11,TOTAL,SUCCESS,,2026-09-24T22:24:33.481725,100.719
S023,R12,LOAD,SUCCESS,,2026-09-24T22:24:33.909083,0.13
S023,R12,PREPROCESSING,SUCCESS,,2026-09-24T22:24:34.700739,0.781
S023,R12,ICA,SUCCESS,,2026-09-24T22:25:31.677769,56.969
S023,R12,ICLabel,SUCCESS,,2026-09-24T22:25:42.760704,11.074
S023,R12,PSD,SUCCESS,,2026-09-24T22:25:43.707523,0.861
S023,R12,ALICE,SUCCESS,,2026-09-24T22:25:44.857459,1.14
S023,R12,FEATURES,SUCCESS,,2026-09-24T22:25:48.839046,3.966
S023,R12,FUSION,SUCCESS,,2026-09-24T22:25:52.077250,0.039
S023,R12,NEUROAGENT,SUCCESS,,2026-09-24T22:25:52.105735,0.024
S023,R12,RECONSTRUCTION,SUCCESS,,2026-09-24T22:25:52.242329,0.131
S023,R12,QUALITY,SUCCESS,,2026-09-24T22:25:52.613295,0.364
S023,R12,TOTAL,SUCCESS,,2026-09-24T22:25:52.617830,78.837
S023,R13,LOAD,SUCCESS,,2026-09-24T22:25:52.901477,0.09
S023,R13,PREPROCESSING,SUCCESS,,2026-09-24T22:25:53.674809,0.767
S023,R13,ICA,SUCCESS,,2026-09-24T22:26:35.347670,41.67
S023,R13,ICLabel,SUCCESS,,2026-09-24T22:26:47.147762,11.793
S023,R13,PSD,SUCCESS,,2026-09-24T22:26:47.820299,0.593
S023,R13,ALICE,SUCCESS,,2026-09-24T22:26:48.634486,0.806
S023,R13,FEATURES,SUCCESS,,2026-09-24T22:26:52.487726,3.845
S023,R13,FUSION,SUCCESS,,2026-09-24T22:26:56.229011,0.09
S023,R13,NEUROAGENT,SUCCESS,,2026-09-24T22:26:56.276526,0.038
S023,R13,RECONSTRUCTION,SUCCESS,,2026-09-24T22:26:56.498815,0.213
S023,R13,QUALITY,SUCCESS,,2026-09-24T22:26:57.077549,0.576
S023,R13,TOTAL,SUCCESS,,2026-09-24T22:26:57.086051,64.276
S023,R14,LOAD,SUCCESS,,2026-09-24T22:26:57.463371,0.111
S023,R14,PREPROCESSING,SUCCESS,,2026-09-24T22:26:58.111849,0.63
S023,R14,ICA,SUCCESS,,2026-09-24T22:27:48.409119,50.291
S023,R14,ICLabel,SUCCESS,,2026-09-24T22:28:01.645079,13.227
S023,R14,PSD,SUCCESS,,2026-09-24T22:28:02.523952,0.745
S023,R14,ALICE,SUCCESS,,2026-09-24T22:28:04.277399,1.75
S023,R14,FEATURES,SUCCESS,,2026-09-24T22:28:08.357485,4.069
S023,R14,FUSION,SUCCESS,,2026-09-24T22:28:16.954800,0.187
S023,R14,NEUROAGENT,SUCCESS,,2026-09-24T22:28:17.000290,0.04
S023,R14,RECONSTRUCTION,SUCCESS,,2026-09-24T22:28:17.283383,0.274
S023,R14,QUALITY,SUCCESS,,2026-09-24T22:28:17.950886,0.658
S023,R14,TOTAL,SUCCESS,,2026-09-24T22:28:17.965925,80.612
S024,R01,LOAD,SUCCESS,,2026-09-24T22:28:18.357827,0.109
S024,R01,PREPROCESSING,SUCCESS,,2026-09-24T22:28:19.051464,0.682
S024,R01,ICA,SUCCESS,,2026-09-24T22:29:31.585063,72.527
S024,R01,ICLabel,SUCCESS,,2026-09-24T22:29:36.818021,5.233
S024,R01,PSD,SUCCESS,,2026-09-24T22:29:37.057798,0.208
S024,R01,ALICE,SUCCESS,,2026-09-24T22:29:37.540124,0.477
S024,R01,FEATURES,SUCCESS,,2026-09-24T22:29:38.255681,0.716
S024,R01,FUSION,SUCCESS,,2026-09-24T22:29:39.551815,0.062
S024,R01,NEUROAGENT,SUCCESS,,2026-09-24T22:29:39.587460,0.028
S024,R01,RECONSTRUCTION,SUCCESS,,2026-09-24T22:29:39.698603,0.105
S024,R01,QUALITY,SUCCESS,,2026-09-24T22:29:39.841057,0.139
S024,R01,TOTAL,SUCCESS,,2026-09-24T22:29:39.844863,81.602
S024,R02,LOAD,SUCCESS,,2026-09-24T22:29:40.050359,0.052
S024,R02,PREPROCESSING,SUCCESS,,2026-09-24T22:29:40.226713,0.169
S024,R02,ICA,SUCCESS,,2026-09-24T22:30:01.850091,21.619
S024,R02,ICLabel,SUCCESS,,2026-09-24T22:30:05.180972,3.324
S024,R02,PSD,SUCCESS,,2026-09-24T22:30:05.589155,0.291
S024,R02,ALICE,SUCCESS,,2026-09-24T22:30:06.157624,0.564
S024,R02,FEATURES,SUCCESS,,2026-09-24T22:30:06.912098,0.754
S024,R02,FUSION,SUCCESS,,2026-09-24T22:30:08.489155,0.09
S024,R02,NEUROAGENT,SUCCESS,,2026-09-24T22:30:08.550661,0.053
S024,R02,RECONSTRUCTION,SUCCESS,,2026-09-24T22:30:08.656452,0.098
S024,R02,QUALITY,SUCCESS,,2026-09-24T22:30:08.850817,0.187
S024,R02,TOTAL,SUCCESS,,2026-09-24T22:30:08.850817,28.853
S024,R03,LOAD,SUCCESS,,2026-09-24T22:30:09.108141,0.077
S024,R03,PREPROCESSING,SUCCESS,,2026-09-24T22:30:09.388813,0.277
S024,R03,ICA,SUCCESS,,2026-09-24T22:30:40.463793,31.067
S024,R03,ICLabel,SUCCESS,,2026-09-24T22:30:46.090073,5.612
S024,R03,PSD,SUCCESS,,2026-09-24T22:30:46.956735,0.66
S024,R03,ALICE,SUCCESS,,2026-09-24T22:30:47.383644,0.418
S024,R03,FEATURES,SUCCESS,,2026-09-24T22:30:48.778833,1.395
S024,R03,FUSION,SUCCESS,,2026-09-24T22:30:54.108957,0.211
S024,R03,NEUROAGENT,SUCCESS,,2026-09-24T22:30:54.193096,0.071
S024,R03,RECONSTRUCTION,SUCCESS,,2026-09-24T22:30:54.464877,0.26
S024,R03,QUALITY,SUCCESS,,2026-09-24T22:30:54.936665,0.47
S024,R03,TOTAL,SUCCESS,,2026-09-24T22:30:54.940705,45.912
S024,R04,LOAD,SUCCESS,,2026-09-24T22:30:55.287810,0.083
S024,R04,PREPROCESSING,SUCCESS,,2026-09-24T22:30:56.083529,0.796
S024,R04,ICA,SUCCESS,,2026-09-24T22:31:37.592898,41.498
S024,R04,ICLabel,SUCCESS,,2026-09-24T22:31:40.286698,2.694
S024,R04,PSD,SUCCESS,,2026-09-24T22:31:40.493094,0.167
S024,R04,ALICE,SUCCESS,,2026-09-24T22:31:40.649395,0.156
S024,R04,FEATURES,SUCCESS,,2026-09-24T22:31:41.298318,0.647
S024,R04,FUSION,SUCCESS,,2026-09-24T22:31:42.813416,0.043
S024,R04,NEUROAGENT,SUCCESS,,2026-09-24T22:31:42.840345,0.02
S024,R04,RECONSTRUCTION,SUCCESS,,2026-09-24T22:31:42.966555,0.122
S024,R04,QUALITY,SUCCESS,,2026-09-24T22:31:43.167270,0.192
S024,R04,TOTAL,SUCCESS,,2026-09-24T22:31:43.167270,47.962
S024,R05,LOAD,SUCCESS,,2026-09-24T22:31:43.377913,0.078
S024,R05,PREPROCESSING,SUCCESS,,2026-09-24T22:31:43.748722,0.365
S024,R05,ICA,SUCCESS,,2026-09-24T22:32:10.503111,26.742
S024,R05,ICLabel,SUCCESS,,2026-09-24T22:32:13.769180,3.266
S024,R05,PSD,SUCCESS,,2026-09-24T22:32:14.136023,0.293
S024,R05,ALICE,SUCCESS,,2026-09-24T22:32:14.434672,0.293
S024,R05,FEATURES,SUCCESS,,2026-09-24T22:32:15.365787,0.929
S024,R05,FUSION,SUCCESS,,2026-09-24T22:32:18.615527,0.113
S024,R05,NEUROAGENT,SUCCESS,,2026-09-24T22:32:18.669253,0.047
S024,R05,RECONSTRUCTION,SUCCESS,,2026-09-24T22:32:18.875999,0.196
S024,R05,QUALITY,SUCCESS,,2026-09-24T22:32:19.154706,0.279
S024,R05,TOTAL,SUCCESS,,2026-09-24T22:32:19.154706,35.855
S024,R06,LOAD,SUCCESS,,2026-09-24T22:32:19.535374,0.12
S024,R06,PREPROCESSING,SUCCESS,,2026-09-24T22:32:20.023408,0.48
S024,R06,ICA,SUCCESS,,2026-09-24T22:32:55.165466,35.139
S024,R06,ICLabel,SUCCESS,,2026-09-24T22:32:58.714749,3.545
S024,R06,PSD,SUCCESS,,2026-09-24T22:32:58.967936,0.183
S024,R06,ALICE,SUCCESS,,2026-09-24T22:32:59.147249,0.175
S024,R06,FEATURES,SUCCESS,,2026-09-24T22:32:59.884971,0.738
S024,R06,FUSION,SUCCESS,,2026-09-24T22:33:01.751061,0.047
S024,R06,NEUROAGENT,SUCCESS,,2026-09-24T22:33:01.783767,0.025
S024,R06,RECONSTRUCTION,SUCCESS,,2026-09-24T22:33:01.901328,0.114
S024,R06,QUALITY,SUCCESS,,2026-09-24T22:33:02.127816,0.218
S024,R06,TOTAL,SUCCESS,,2026-09-24T22:33:02.129584,42.714
S024,R07,LOAD,SUCCESS,,2026-09-24T22:33:02.375684,0.079
S024,R07,PREPROCESSING,SUCCESS,,2026-09-24T22:33:02.825235,0.446
S024,R07,ICA,SUCCESS,,2026-09-24T22:33:35.909175,33.082
S024,R07,ICLabel,SUCCESS,,2026-09-24T22:33:39.085226,3.168
S024,R07,PSD,SUCCESS,,2026-09-24T22:33:39.487427,0.333
S024,R07,ALICE,SUCCESS,,2026-09-24T22:33:39.804352,0.313
S024,R07,FEATURES,SUCCESS,,2026-09-24T22:33:40.757223,0.953
S024,R07,FUSION,SUCCESS,,2026-09-24T22:33:43.099467,0.081
S024,R07,NEUROAGENT,SUCCESS,,2026-09-24T22:33:43.161505,0.053
S024,R07,RECONSTRUCTION,SUCCESS,,2026-09-24T22:33:43.297673,0.128
S024,R07,QUALITY,SUCCESS,,2026-09-24T22:33:43.556708,0.257
S024,R07,TOTAL,SUCCESS,,2026-09-24T22:33:43.556708,41.26
S024,R08,LOAD,SUCCESS,,2026-09-24T22:33:43.794575,0.086
S024,R08,PREPROCESSING,SUCCESS,,2026-09-24T22:33:44.156821,0.359
S024,R08,ICA,SUCCESS,,2026-09-24T22:34:06.782606,22.615
S024,R08,ICLabel,SUCCESS,,2026-09-24T22:34:09.716584,2.926
S024,R08,PSD,SUCCESS,,2026-09-24T22:34:10.109420,0.34
S024,R08,ALICE,SUCCESS,,2026-09-24T22:34:10.392717,0.278
S024,R08,FEATURES,SUCCESS,,2026-09-24T22:34:11.196834,0.801
S024,R08,FUSION,SUCCESS,,2026-09-24T22:34:14.325655,0.075
S024,R08,NEUROAGENT,SUCCESS,,2026-09-24T22:34:14.374018,0.042
S024,R08,RECONSTRUCTION,SUCCESS,,2026-09-24T22:34:14.507485,0.125
S024,R08,QUALITY,SUCCESS,,2026-09-24T22:34:14.757308,0.241
S024,R08,TOTAL,SUCCESS,,2026-09-24T22:34:14.759988,31.052
S024,R09,LOAD,SUCCESS,,2026-09-24T22:34:14.989115,0.088
S024,R09,PREPROCESSING,SUCCESS,,2026-09-24T22:34:15.248978,0.254
S024,R09,ICA,SUCCESS,,2026-09-24T22:35:40.480805,85.232
S024,R09,ICLabel,SUCCESS,,2026-09-24T22:35:43.857140,3.374
S024,R09,PSD,SUCCESS,,2026-09-24T22:35:44.299652,0.335
S024,R09,ALICE,SUCCESS,,2026-09-24T22:35:44.656262,0.351
S024,R09,FEATURES,SUCCESS,,2026-09-24T22:35:45.845534,1.187
S024,R09,FUSION,SUCCESS,,2026-09-24T22:35:49.813184,0.072
S024,R09,NEUROAGENT,SUCCESS,,2026-09-24T22:35:49.869003,0.047
S024,R09,RECONSTRUCTION,SUCCESS,,2026-09-24T22:35:50.030324,0.153
S024,R09,QUALITY,SUCCESS,,2026-09-24T22:35:50.363369,0.33
S024,R09,TOTAL,SUCCESS,,2026-09-24T22:35:50.369608,95.469
S024,R10,LOAD,SUCCESS,,2026-09-24T22:35:50.660680,0.089
S024,R10,PREPROCESSING,SUCCESS,,2026-09-24T22:35:50.979413,0.312
S024,R10,ICA,SUCCESS,,2026-09-24T22:36:06.525646,15.538
S024,R10,ICLabel,SUCCESS,,2026-09-24T22:36:09.939718,3.409
S024,R10,PSD,SUCCESS,,2026-09-24T22:36:10.522829,0.493
S024,R10,ALICE,SUCCESS,,2026-09-24T22:36:11.066848,0.536
S024,R10,FEATURES,SUCCESS,,2026-09-24T22:36:12.459628,1.389
S024,R10,FUSION,SUCCESS,,2026-09-24T22:36:15.801805,0.191
S024,R10,NEUROAGENT,SUCCESS,,2026-09-24T22:36:15.829875,0.018
S024,R10,RECONSTRUCTION,SUCCESS,,2026-09-24T22:36:15.987260,0.152
S024,R10,QUALITY,SUCCESS,,2026-09-24T22:36:16.409799,0.42
S024,R10,TOTAL,SUCCESS,,2026-09-24T22:36:16.421892,25.849
S024,R11,LOAD,SUCCESS,,2026-09-24T22:36:16.700109,0.08
S024,R11,PREPROCESSING,SUCCESS,,2026-09-24T22:36:17.073131,0.364
S024,R11,ICA,SUCCESS,,2026-09-24T22:36:36.897122,19.814
S024,R11,ICLabel,SUCCESS,,2026-09-24T22:36:40.074640,3.176
S024,R11,PSD,SUCCESS,,2026-09-24T22:36:41.035918,0.882
S024,R11,ALICE,SUCCESS,,2026-09-24T22:36:42.152241,1.112
S024,R11,FEATURES,SUCCESS,,2026-09-24T22:36:43.862013,1.694
S024,R11,FUSION,SUCCESS,,2026-09-24T22:36:47.532929,0.098
S024,R11,NEUROAGENT,SUCCESS,,2026-09-24T22:36:47.592840,0.052
S024,R11,RECONSTRUCTION,SUCCESS,,2026-09-24T22:36:47.836713,0.233
S024,R11,QUALITY,SUCCESS,,2026-09-24T22:36:48.485242,0.64
S024,R11,TOTAL,SUCCESS,,2026-09-24T22:36:48.502876,31.882
S024,R12,LOAD,SUCCESS,,2026-09-24T22:36:48.787804,0.064
S024,R12,PREPROCESSING,SUCCESS,,2026-09-24T22:36:49.073576,0.286
S024,R12,ICA,SUCCESS,,2026-09-24T22:37:31.497089,42.417
S024,R12,ICLabel,SUCCESS,,2026-09-24T22:37:35.078395,3.571
S024,R12,PSD,SUCCESS,,2026-09-24T22:37:35.355120,0.226
S024,R12,ALICE,SUCCESS,,2026-09-24T22:37:35.559524,0.201
S024,R12,FEATURES,SUCCESS,,2026-09-24T22:37:36.421057,0.853
S024,R12,FUSION,SUCCESS,,2026-09-24T22:37:40.092530,0.098
S024,R12,NEUROAGENT,SUCCESS,,2026-09-24T22:37:40.139940,0.039
S024,R12,RECONSTRUCTION,SUCCESS,,2026-09-24T22:37:40.301101,0.155
S024,R12,QUALITY,SUCCESS,,2026-09-24T22:37:40.611682,0.311
S024,R12,TOTAL,SUCCESS,,2026-09-24T22:37:40.615405,51.891
S024,R13,LOAD,SUCCESS,,2026-09-24T22:37:40.893298,0.076
S024,R13,PREPROCESSING,SUCCESS,,2026-09-24T22:37:41.218495,0.322
S024,R13,ICA,SUCCESS,,2026-09-24T22:38:36.960509,55.734
S024,R13,ICLabel,SUCCESS,,2026-09-24T22:38:42.940539,5.975
S024,R13,PSD,SUCCESS,,2026-09-24T22:38:43.689643,0.648
S024,R13,ALICE,SUCCESS,,2026-09-24T22:38:44.411359,0.709
S024,R13,FEATURES,SUCCESS,,2026-09-24T22:38:46.374040,1.963
S024,R13,FUSION,SUCCESS,,2026-09-24T22:38:48.802917,0.064
S024,R13,NEUROAGENT,SUCCESS,,2026-09-24T22:38:48.830769,0.021
S024,R13,RECONSTRUCTION,SUCCESS,,2026-09-24T22:38:49.016489,0.173
S024,R13,QUALITY,SUCCESS,,2026-09-24T22:38:49.317090,0.301
S024,R13,TOTAL,SUCCESS,,2026-09-24T22:38:49.335316,68.524
S024,R14,LOAD,SUCCESS,,2026-09-24T22:38:49.624752,0.08
S024,R14,PREPROCESSING,SUCCESS,,2026-09-24T22:38:50.251972,0.624
S024,R14,ICA,SUCCESS,,2026-09-24T22:39:29.255314,38.995
S024,R14,ICLabel,SUCCESS,,2026-09-24T22:39:42.305087,13.039
S024,R14,PSD,SUCCESS,,2026-09-24T22:39:42.957034,0.583
S024,R14,ALICE,SUCCESS,,2026-09-24T22:39:43.927626,0.962
S024,R14,FEATURES,SUCCESS,,2026-09-24T22:39:48.274998,4.336
S024,R14,FUSION,SUCCESS,,2026-09-24T22:39:52.433014,0.082
S024,R14,NEUROAGENT,SUCCESS,,2026-09-24T22:39:52.477406,0.035
S024,R14,RECONSTRUCTION,SUCCESS,,2026-09-24T22:39:52.695198,0.21
S024,R14,QUALITY,SUCCESS,,2026-09-24T22:39:53.281520,0.581
S024,R14,TOTAL,SUCCESS,,2026-09-24T22:39:53.290392,63.74
S025,R01,LOAD,SUCCESS,,2026-09-24T22:39:53.635190,0.072
S025,R01,PREPROCESSING,SUCCESS,,2026-09-24T22:39:54.057176,0.417
S025,R01,ICA,SUCCESS,,2026-09-24T22:41:10.354958,76.288
S025,R01,ICLabel,SUCCESS,,2026-09-24T22:41:22.797111,12.432
S025,R01,PSD,SUCCESS,,2026-09-24T22:41:23.275038,0.428
S025,R01,ALICE,SUCCESS,,2026-09-24T22:41:23.846465,0.561
S025,R01,FEATURES,SUCCESS,,2026-09-24T22:41:26.084768,2.227
S025,R01,FUSION,SUCCESS,,2026-09-24T22:41:28.380746,0.083
S025,R01,NEUROAGENT,SUCCESS,,2026-09-24T22:41:28.424987,0.035
S025,R01,RECONSTRUCTION,SUCCESS,,2026-09-24T22:41:28.554737,0.126
S025,R01,QUALITY,SUCCESS,,2026-09-24T22:41:28.821529,0.26
S025,R01,TOTAL,SUCCESS,,2026-09-24T22:41:28.829070,95.266
S025,R02,LOAD,SUCCESS,,2026-09-24T22:41:29.178790,0.073
S025,R02,PREPROCESSING,SUCCESS,,2026-09-24T22:41:29.587700,0.403
S025,R02,ICA,SUCCESS,,2026-09-24T22:42:29.405848,59.809
S025,R02,ICLabel,SUCCESS,,2026-09-24T22:42:42.036249,12.621
S025,R02,PSD,SUCCESS,,2026-09-24T22:42:42.488844,0.402
S025,R02,ALICE,SUCCESS,,2026-09-24T22:42:43.180044,0.684
S025,R02,FEATURES,SUCCESS,,2026-09-24T22:42:45.626763,2.44
S025,R02,FUSION,SUCCESS,,2026-09-24T22:42:47.970894,0.081
S025,R02,NEUROAGENT,SUCCESS,,2026-09-24T22:42:48.043671,0.064
S025,R02,RECONSTRUCTION,SUCCESS,,2026-09-24T22:42:48.227243,0.175
S025,R02,QUALITY,SUCCESS,,2026-09-24T22:42:48.590126,0.353
S025,R02,TOTAL,SUCCESS,,2026-09-24T22:42:48.597365,79.492
S025,R03,LOAD,SUCCESS,,2026-09-24T22:42:49.045216,0.134
S025,R03,PREPROCESSING,SUCCESS,,2026-09-24T22:42:49.721818,0.667
S025,R03,ICA,SUCCESS,,2026-09-24T22:43:52.365797,62.631
S025,R03,ICLabel,SUCCESS,,2026-09-24T22:44:05.976076,13.61
S025,R03,PSD,SUCCESS,,2026-09-24T22:44:06.748749,0.697
S025,R03,ALICE,SUCCESS,,2026-09-24T22:44:07.861759,1.101
S025,R03,FEATURES,SUCCESS,,2026-09-24T22:44:12.524957,4.649
S025,R03,FUSION,SUCCESS,,2026-09-24T22:44:16.552620,0.077
S025,R03,NEUROAGENT,SUCCESS,,2026-09-24T22:44:16.595096,0.036
S025,R03,RECONSTRUCTION,SUCCESS,,2026-09-24T22:44:16.842047,0.239
S025,R03,QUALITY,SUCCESS,,2026-09-24T22:44:17.544962,0.694
S025,R03,TOTAL,SUCCESS,,2026-09-24T22:44:17.555016,88.644
S025,R04,LOAD,SUCCESS,,2026-09-24T22:44:17.972598,0.106
S025,R04,PREPROCESSING,SUCCESS,,2026-09-24T22:44:18.583914,0.6
S025,R04,ICA,SUCCESS,,2026-09-24T22:46:10.692252,112.102
S025,R04,ICLabel,SUCCESS,,2026-09-24T22:46:22.856986,12.153
S025,R04,PSD,SUCCESS,,2026-09-24T22:46:23.893459,0.947
S025,R04,ALICE,SUCCESS,,2026-09-24T22:46:25.034279,1.127
S025,R04,FEATURES,SUCCESS,,2026-09-24T22:46:30.064032,5.016
S025,R04,FUSION,SUCCESS,,2026-09-24T22:46:34.066962,0.081
S025,R04,NEUROAGENT,SUCCESS,,2026-09-24T22:46:34.113359,0.04
S025,R04,RECONSTRUCTION,SUCCESS,,2026-09-24T22:46:34.322068,0.201
S025,R04,QUALITY,SUCCESS,,2026-09-24T22:46:34.970458,0.64
S025,R04,TOTAL,SUCCESS,,2026-09-24T22:46:34.979681,137.113
S025,R05,LOAD,SUCCESS,,2026-09-24T22:46:35.345036,0.095
S025,R05,PREPROCESSING,SUCCESS,,2026-09-24T22:46:35.928970,0.575
S025,R05,ICA,SUCCESS,,2026-09-25T03:04:35.266009,15479.321
S025,R05,ICLabel,SUCCESS,,2026-09-25T03:04:44.906254,9.636
S025,R05,PSD,SUCCESS,,2026-09-25T03:04:45.615684,0.629
S025,R05,ALICE,SUCCESS,,2026-09-25T03:04:46.496124,0.873
S025,R05,FEATURES,SUCCESS,,2026-09-25T03:04:49.663934,3.162
S025,R05,FUSION,SUCCESS,,2026-09-25T03:38:41.095628,0.066
S025,R05,NEUROAGENT,SUCCESS,,2026-09-25T03:38:41.156266,0.055
S025,R05,RECONSTRUCTION,SUCCESS,,2026-09-25T03:38:41.693190,0.529
S025,R05,QUALITY,SUCCESS,,2026-09-25T03:38:42.470302,0.747
S025,R05,TOTAL,SUCCESS,,2026-09-25T03:38:42.476353,17527.224
S025,R06,LOAD,SUCCESS,,2026-09-25T03:38:42.794221,0.103
S025,R06,PREPROCESSING,SUCCESS,,2026-09-25T03:38:43.342539,0.541
S025,R06,ICA,SUCCESS,,2026-09-25T03:41:10.118615,146.772
S025,R06,ICLabel,SUCCESS,,2026-09-25T03:41:25.032220,14.889
S025,R06,PSD,SUCCESS,,2026-09-25T03:41:25.911583,0.808
S025,R06,ALICE,SUCCESS,,2026-09-25T03:41:26.991551,1.066
S025,R06,FEATURES,SUCCESS,,2026-09-25T03:41:32.030413,5.033
S025,R06,FUSION,SUCCESS,,2026-09-25T03:41:36.241035,0.092
S025,R06,NEUROAGENT,SUCCESS,,2026-09-25T03:41:36.307324,0.059
S025,R06,RECONSTRUCTION,SUCCESS,,2026-09-25T03:41:36.582076,0.266
S025,R06,QUALITY,SUCCESS,,2026-09-25T03:41:37.362096,0.77
S025,R06,TOTAL,SUCCESS,,2026-09-25T03:41:37.373940,174.683
S025,R07,LOAD,SUCCESS,,2026-09-25T03:41:37.854161,0.15
S025,R07,PREPROCESSING,SUCCESS,,2026-09-25T03:41:38.643522,0.777
S025,R07,ICA,SUCCESS,,2026-09-25T03:43:08.571606,89.92
S025,R07,ICLabel,SUCCESS,,2026-09-25T03:43:20.206503,11.633
S025,R07,PSD,SUCCESS,,2026-09-25T03:43:20.846957,0.572
S025,R07,ALICE,SUCCESS,,2026-09-25T03:43:21.640629,0.773
S025,R07,FEATURES,SUCCESS,,2026-09-25T03:43:25.496581,3.844
S025,R07,FUSION,SUCCESS,,2026-09-25T03:43:29.259552,0.078
S025,R07,NEUROAGENT,SUCCESS,,2026-09-25T03:43:29.304962,0.038
S025,R07,RECONSTRUCTION,SUCCESS,,2026-09-25T03:43:29.506820,0.195
S025,R07,QUALITY,SUCCESS,,2026-09-25T03:43:30.001690,0.495
S025,R07,TOTAL,SUCCESS,,2026-09-25T03:43:30.007487,112.304
S025,R08,LOAD,SUCCESS,,2026-09-25T03:43:30.331949,0.092
S025,R08,PREPROCESSING,SUCCESS,,2026-09-25T03:43:30.941601,0.61
S025,R08,ICA,SUCCESS,,2026-09-25T03:44:48.077029,77.12
S025,R08,ICLabel,SUCCESS,,2026-09-25T03:44:59.948828,11.87
S025,R08,PSD,SUCCESS,,2026-09-25T03:45:00.685877,0.663
S025,R08,ALICE,SUCCESS,,2026-09-25T03:45:01.700563,1.0
S025,R08,FEATURES,SUCCESS,,2026-09-25T03:45:05.757763,4.052
S025,R08,FUSION,SUCCESS,,2026-09-25T03:45:09.474080,0.077
S025,R08,NEUROAGENT,SUCCESS,,2026-09-25T03:45:09.518665,0.038
S025,R08,RECONSTRUCTION,SUCCESS,,2026-09-25T03:45:09.743948,0.218
S025,R08,QUALITY,SUCCESS,,2026-09-25T03:45:10.271981,0.522
S025,R08,TOTAL,SUCCESS,,2026-09-25T03:45:10.271981,100.032
S025,R09,LOAD,SUCCESS,,2026-09-25T03:45:10.639522,0.092
S025,R09,PREPROCESSING,SUCCESS,,2026-09-25T03:45:11.312303,0.666
S025,R09,ICA,SUCCESS,,2026-09-25T03:46:22.897120,71.585
S025,R09,ICLabel,SUCCESS,,2026-09-25T03:46:34.665246,11.759
S025,R09,PSD,SUCCESS,,2026-09-25T03:46:35.304299,0.566
S025,R09,ALICE,SUCCESS,,2026-09-25T03:46:36.124015,0.818
S025,R09,FEATURES,SUCCESS,,2026-09-25T03:46:39.803519,3.674
S025,R09,FUSION,SUCCESS,,2026-09-25T03:46:43.566129,0.089
S025,R09,NEUROAGENT,SUCCESS,,2026-09-25T03:46:43.614621,0.041
S025,R09,RECONSTRUCTION,SUCCESS,,2026-09-25T03:46:43.825067,0.202
S025,R09,QUALITY,SUCCESS,,2026-09-25T03:46:44.498463,0.663
S025,R09,TOTAL,SUCCESS,,2026-09-25T03:46:44.511629,93.962
S025,R10,LOAD,SUCCESS,,2026-09-25T03:46:44.916305,0.104
S025,R10,PREPROCESSING,SUCCESS,,2026-09-25T03:46:45.591537,0.669
S025,R10,ICA,SUCCESS,,2026-09-25T03:49:08.094319,142.492
S025,R10,ICLabel,SUCCESS,,2026-09-25T03:49:22.127931,14.034
S025,R10,PSD,SUCCESS,,2026-09-25T03:49:22.880759,0.67
S025,R10,ALICE,SUCCESS,,2026-09-25T03:49:23.669779,0.775
S025,R10,FEATURES,SUCCESS,,2026-09-25T03:49:24.847916,1.178
S025,R10,FUSION,SUCCESS,,2026-09-25T03:49:27.140555,0.054
S025,R10,NEUROAGENT,SUCCESS,,2026-09-25T03:49:27.170810,0.027
S025,R10,RECONSTRUCTION,SUCCESS,,2026-09-25T03:49:27.293368,0.117
S025,R10,QUALITY,SUCCESS,,2026-09-25T03:49:27.499453,0.206
S025,R10,TOTAL,SUCCESS,,2026-09-25T03:49:27.499453,162.687
S025,R11,LOAD,SUCCESS,,2026-09-25T03:49:27.778398,0.109
S025,R11,PREPROCESSING,SUCCESS,,2026-09-25T03:49:28.110776,0.313
S025,R11,ICA,SUCCESS,,2026-09-25T03:50:27.167690,59.057
S025,R11,ICLabel,SUCCESS,,2026-09-25T03:50:34.546447,7.357
S025,R11,PSD,SUCCESS,,2026-09-25T03:50:35.016887,0.382
S025,R11,ALICE,SUCCESS,,2026-09-25T03:50:35.704979,0.681
S025,R11,FEATURES,SUCCESS,,2026-09-25T03:50:38.605287,2.893
S025,R11,FUSION,SUCCESS,,2026-09-25T03:50:43.210754,0.098
S025,R11,NEUROAGENT,SUCCESS,,2026-09-25T03:50:43.277034,0.049
S025,R11,RECONSTRUCTION,SUCCESS,,2026-09-25T03:50:43.486631,0.201
S025,R11,QUALITY,SUCCESS,,2026-09-25T03:50:43.944059,0.451
S025,R11,TOTAL,SUCCESS,,2026-09-25T03:50:43.955259,76.289
S025,R12,LOAD,SUCCESS,,2026-09-25T03:50:44.318758,0.132
S025,R12,PREPROCESSING,SUCCESS,,2026-09-25T03:50:45.095624,0.77
S025,R12,ICA,SUCCESS,,2026-09-25T03:51:36.433410,51.332
S025,R12,ICLabel,SUCCESS,,2026-09-25T03:51:41.157759,4.721
S025,R12,PSD,SUCCESS,,2026-09-25T03:51:41.383116,0.198
S025,R12,ALICE,SUCCESS,,2026-09-25T03:51:41.792433,0.406
S025,R12,FEATURES,SUCCESS,,2026-09-25T03:51:43.765990,1.969
S025,R12,FUSION,SUCCESS,,2026-09-25T03:51:47.884889,0.111
S025,R12,NEUROAGENT,SUCCESS,,2026-09-25T03:51:47.958971,0.064
S025,R12,RECONSTRUCTION,SUCCESS,,2026-09-25T03:51:48.208820,0.242
S025,R12,QUALITY,SUCCESS,,2026-09-25T03:51:48.660108,0.451
S025,R12,TOTAL,SUCCESS,,2026-09-25T03:51:48.663918,64.477
S025,R13,LOAD,SUCCESS,,2026-09-25T03:51:49.067539,0.127
S025,R13,PREPROCESSING,SUCCESS,,2026-09-25T03:51:49.638878,0.561
S025,R13,ICA,SUCCESS,,2026-09-25T03:52:58.181140,68.536
S025,R13,ICLabel,SUCCESS,,2026-09-25T03:53:05.338924,7.153
S025,R13,PSD,SUCCESS,,2026-09-25T03:53:05.563125,0.192
S025,R13,ALICE,SUCCESS,,2026-09-25T03:53:05.948612,0.385
S025,R13,FEATURES,SUCCESS,,2026-09-25T03:53:08.579940,2.626
S025,R13,FUSION,SUCCESS,,2026-09-25T03:53:12.888488,0.098
S025,R13,NEUROAGENT,SUCCESS,,2026-09-25T03:53:12.950336,0.052
S025,R13,RECONSTRUCTION,SUCCESS,,2026-09-25T03:53:13.151848,0.185
S025,R13,QUALITY,SUCCESS,,2026-09-25T03:53:13.729702,0.57
S025,R13,TOTAL,SUCCESS,,2026-09-25T03:53:13.735521,84.795
S025,R14,LOAD,SUCCESS,,2026-09-25T03:53:14.109605,0.117
S025,R14,PREPROCESSING,SUCCESS,,2026-09-25T03:53:14.602540,0.486
S025,R14,ICA,SUCCESS,,2026-09-25T03:54:15.600845,60.995
S025,R14,ICLabel,SUCCESS,,2026-09-25T03:54:23.594300,7.987
S025,R14,PSD,SUCCESS,,2026-09-25T03:54:24.099743,0.384
S025,R14,ALICE,SUCCESS,,2026-09-25T03:54:24.470413,0.367
S025,R14,FEATURES,SUCCESS,,2026-09-25T03:54:26.345541,1.871
S025,R14,FUSION,SUCCESS,,2026-09-25T03:54:29.603515,0.057
S025,R14,NEUROAGENT,SUCCESS,,2026-09-25T03:54:29.627239,0.02
S025,R14,RECONSTRUCTION,SUCCESS,,2026-09-25T03:54:29.769377,0.14
S025,R14,QUALITY,SUCCESS,,2026-09-25T03:54:30.075506,0.301
S025,R14,TOTAL,SUCCESS,,2026-09-25T03:54:30.078487,76.085
S026,R01,LOAD,SUCCESS,,2026-09-25T03:54:30.298864,0.053
S026,R01,PREPROCESSING,SUCCESS,,2026-09-25T03:54:30.517908,0.215
S026,R01,ICA,SUCCESS,,2026-09-25T03:55:03.676903,33.156
S026,R01,ICLabel,SUCCESS,,2026-09-25T03:55:07.941272,4.263
S026,R01,PSD,SUCCESS,,2026-09-25T03:55:08.063351,0.106
S026,R01,ALICE,SUCCESS,,2026-09-25T03:55:08.218506,0.154
S026,R01,FEATURES,SUCCESS,,2026-09-25T03:55:09.003910,0.782
S026,R01,FUSION,SUCCESS,,2026-09-25T03:55:09.773079,0.021
S026,R01,NEUROAGENT,SUCCESS,,2026-09-25T03:55:09.789566,0.014
S026,R01,RECONSTRUCTION,SUCCESS,,2026-09-25T03:55:09.832022,0.04
S026,R01,QUALITY,SUCCESS,,2026-09-25T03:55:09.915706,0.081
S026,R01,TOTAL,SUCCESS,,2026-09-25T03:55:09.918252,39.673
S026,R02,LOAD,SUCCESS,,2026-09-25T03:55:10.152784,0.086
S026,R02,PREPROCESSING,SUCCESS,,2026-09-25T03:55:10.439109,0.281
S026,R02,ICA,SUCCESS,,2026-09-25T03:55:36.339844,25.895
S026,R02,ICLabel,SUCCESS,,2026-09-25T03:55:40.399474,4.055
S026,R02,PSD,SUCCESS,,2026-09-25T03:55:40.518722,0.105
S026,R02,ALICE,SUCCESS,,2026-09-25T03:55:40.681127,0.16
S026,R02,FEATURES,SUCCESS,,2026-09-25T03:55:41.651139,0.968
S026,R02,FUSION,SUCCESS,,2026-09-25T03:55:42.307141,0.02
S026,R02,NEUROAGENT,SUCCESS,,2026-09-25T03:55:42.319661,0.011
S026,R02,RECONSTRUCTION,SUCCESS,,2026-09-25T03:55:42.362703,0.041
S026,R02,QUALITY,SUCCESS,,2026-09-25T03:55:42.443799,0.079
S026,R02,TOTAL,SUCCESS,,2026-09-25T03:55:42.445843,32.379
S026,R03,LOAD,SUCCESS,,2026-09-25T03:55:42.616504,0.061
S026,R03,PREPROCESSING,SUCCESS,,2026-09-25T03:55:42.873652,0.253
S026,R03,ICA,SUCCESS,,2026-09-25T03:56:32.058118,49.18
S026,R03,ICLabel,SUCCESS,,2026-09-25T03:56:36.569513,4.507
S026,R03,PSD,SUCCESS,,2026-09-25T03:56:36.774482,0.181
S026,R03,ALICE,SUCCESS,,2026-09-25T03:56:37.221281,0.444
S026,R03,FEATURES,SUCCESS,,2026-09-25T03:56:39.288825,2.059
S026,R03,FUSION,SUCCESS,,2026-09-25T03:56:40.555739,0.021
S026,R03,NEUROAGENT,SUCCESS,,2026-09-25T03:56:40.569196,0.012
S026,R03,RECONSTRUCTION,SUCCESS,,2026-09-25T03:56:40.640651,0.069
S026,R03,QUALITY,SUCCESS,,2026-09-25T03:56:40.865949,0.223
S026,R03,TOTAL,SUCCESS,,2026-09-25T03:56:40.870775,58.315
S026,R04,LOAD,SUCCESS,,2026-09-25T03:56:41.144412,0.082
S026,R04,PREPROCESSING,SUCCESS,,2026-09-25T03:56:41.475543,0.325
S026,R04,ICA,SUCCESS,,2026-09-25T03:57:21.377438,39.899
S026,R04,ICLabel,SUCCESS,,2026-09-25T03:57:25.567254,4.185
S026,R04,PSD,SUCCESS,,2026-09-25T03:57:25.765888,0.175
S026,R04,ALICE,SUCCESS,,2026-09-25T03:57:26.079954,0.31
S026,R04,FEATURES,SUCCESS,,2026-09-25T03:57:28.042089,1.959
S026,R04,FUSION,SUCCESS,,2026-09-25T03:57:29.281247,0.029
S026,R04,NEUROAGENT,SUCCESS,,2026-09-25T03:57:29.294113,0.011
S026,R04,RECONSTRUCTION,SUCCESS,,2026-09-25T03:57:29.364951,0.068
S026,R04,QUALITY,SUCCESS,,2026-09-25T03:57:29.537029,0.17
S026,R04,TOTAL,SUCCESS,,2026-09-25T03:57:29.539654,48.479
S026,R05,LOAD,SUCCESS,,2026-09-25T03:57:29.803625,0.081
S026,R05,PREPROCESSING,SUCCESS,,2026-09-25T03:57:30.115900,0.307
S026,R05,ICA,SUCCESS,,2026-09-25T03:58:24.064232,53.945
S026,R05,ICLabel,SUCCESS,,2026-09-25T03:58:36.634715,12.56
S026,R05,PSD,SUCCESS,,2026-09-25T03:58:37.354905,0.652
S026,R05,ALICE,SUCCESS,,2026-09-25T03:58:38.215519,0.853
S026,R05,FEATURES,SUCCESS,,2026-09-25T03:58:42.095664,3.869
S026,R05,FUSION,SUCCESS,,2026-09-25T03:58:45.855549,0.08
S026,R05,NEUROAGENT,SUCCESS,,2026-09-25T03:58:45.903891,0.04
S026,R05,RECONSTRUCTION,SUCCESS,,2026-09-25T03:58:46.133071,0.221
S026,R05,QUALITY,SUCCESS,,2026-09-25T03:58:46.672800,0.535
S026,R05,TOTAL,SUCCESS,,2026-09-25T03:58:46.679801,76.957
S026,R06,LOAD,SUCCESS,,2026-09-25T03:58:47.063582,0.121
S026,R06,PREPROCESSING,SUCCESS,,2026-09-25T03:58:47.704100,0.631
S026,R06,ICA,SUCCESS,,2026-09-25T04:00:53.636688,125.924
S026,R06,ICLabel,SUCCESS,,2026-09-25T04:01:05.717755,12.07
S026,R06,PSD,SUCCESS,,2026-09-25T04:01:06.434066,0.644
S026,R06,ALICE,SUCCESS,,2026-09-25T04:01:07.266438,0.83
S026,R06,FEATURES,SUCCESS,,2026-09-25T04:01:11.072810,3.799
S026,R06,FUSION,SUCCESS,,2026-09-25T04:01:14.875759,0.073
S026,R06,NEUROAGENT,SUCCESS,,2026-09-25T04:01:14.919735,0.038
S026,R06,RECONSTRUCTION,SUCCESS,,2026-09-25T04:01:15.121561,0.194
S026,R06,QUALITY,SUCCESS,,2026-09-25T04:01:15.610146,0.48
S026,R06,TOTAL,SUCCESS,,2026-09-25T04:01:15.613196,148.67
S026,R07,LOAD,SUCCESS,,2026-09-25T04:01:15.964084,0.122
S026,R07,PREPROCESSING,SUCCESS,,2026-09-25T04:01:16.557488,0.593
S026,R07,ICA,SUCCESS,,2026-09-25T04:02:33.729321,77.154
S026,R07,ICLabel,SUCCESS,,2026-09-25T04:02:45.204913,11.476
S026,R07,PSD,SUCCESS,,2026-09-25T04:02:45.911876,0.632
S026,R07,ALICE,SUCCESS,,2026-09-25T04:02:46.747162,0.819
S026,R07,FEATURES,SUCCESS,,2026-09-25T04:02:50.705864,3.958
S026,R07,FUSION,SUCCESS,,2026-09-25T04:02:54.896967,0.08
S026,R07,NEUROAGENT,SUCCESS,,2026-09-25T04:02:54.943835,0.04
S026,R07,RECONSTRUCTION,SUCCESS,,2026-09-25T04:02:55.172420,0.22
S026,R07,QUALITY,SUCCESS,,2026-09-25T04:02:55.682552,0.51
S026,R07,TOTAL,SUCCESS,,2026-09-25T04:02:55.696288,99.853
S026,R08,LOAD,SUCCESS,,2026-09-25T04:02:56.048333,0.109
S026,R08,PREPROCESSING,SUCCESS,,2026-09-25T04:02:56.795307,0.739
S026,R08,ICA,SUCCESS,,2026-09-25T04:04:17.537835,80.729
S026,R08,ICLabel,SUCCESS,,2026-09-25T04:04:29.691324,12.146
S026,R08,PSD,SUCCESS,,2026-09-25T04:04:30.343245,0.576
S026,R08,ALICE,SUCCESS,,2026-09-25T04:04:31.245846,0.897
S026,R08,FEATURES,SUCCESS,,2026-09-25T04:04:35.106300,3.852
S026,R08,FUSION,SUCCESS,,2026-09-25T04:04:38.854209,0.08
S026,R08,NEUROAGENT,SUCCESS,,2026-09-25T04:04:38.897133,0.035
S026,R08,RECONSTRUCTION,SUCCESS,,2026-09-25T04:04:39.094237,0.19
S026,R08,QUALITY,SUCCESS,,2026-09-25T04:04:39.615085,0.508
S026,R08,TOTAL,SUCCESS,,2026-09-25T04:04:39.623171,103.683
S026,R09,LOAD,SUCCESS,,2026-09-25T04:04:39.986322,0.116
S026,R09,PREPROCESSING,SUCCESS,,2026-09-25T04:04:40.634332,0.633
S026,R09,ICA,SUCCESS,,2026-09-25T04:06:21.208355,100.564
S026,R09,ICLabel,SUCCESS,,2026-09-25T04:06:32.928897,11.712
S026,R09,PSD,SUCCESS,,2026-09-25T04:06:33.549910,0.555
S026,R09,ALICE,SUCCESS,,2026-09-25T04:06:34.320876,0.771
S026,R09,FEATURES,SUCCESS,,2026-09-25T04:06:38.008190,3.68
S026,R09,FUSION,SUCCESS,,2026-09-25T04:06:41.861618,0.076
S026,R09,NEUROAGENT,SUCCESS,,2026-09-25T04:06:41.910849,0.043
S026,R09,RECONSTRUCTION,SUCCESS,,2026-09-25T04:06:42.106291,0.189
S026,R09,QUALITY,SUCCESS,,2026-09-25T04:06:42.595638,0.477
S026,R09,TOTAL,SUCCESS,,2026-09-25T04:06:42.602209,122.732
S026,R10,LOAD,SUCCESS,,2026-09-25T04:06:42.956501,0.107
S026,R10,PREPROCESSING,SUCCESS,,2026-09-25T04:06:43.542925,0.586
S026,R10,ICA,SUCCESS,,2026-09-25T04:07:43.356387,59.807
S026,R10,ICLabel,SUCCESS,,2026-09-25T04:07:55.482329,12.122
S026,R10,PSD,SUCCESS,,2026-09-25T04:07:56.264597,0.708
S026,R10,ALICE,SUCCESS,,2026-09-25T04:07:57.143795,0.871
S026,R10,FEATURES,SUCCESS,,2026-09-25T04:08:01.061272,3.911
S026,R10,FUSION,SUCCESS,,2026-09-25T04:08:04.838981,0.079
S026,R10,NEUROAGENT,SUCCESS,,2026-09-25T04:08:04.884289,0.035
S026,R10,RECONSTRUCTION,SUCCESS,,2026-09-25T04:08:05.106806,0.216
S026,R10,QUALITY,SUCCESS,,2026-09-25T04:08:05.690286,0.572
S026,R10,TOTAL,SUCCESS,,2026-09-25T04:08:05.697434,82.847
S026,R11,LOAD,SUCCESS,,2026-09-25T04:08:06.110401,0.124
S026,R11,PREPROCESSING,SUCCESS,,2026-09-25T04:08:06.777214,0.658
S026,R11,ICA,SUCCESS,,2026-09-25T04:09:20.845029,74.065
S026,R11,ICLabel,SUCCESS,,2026-09-25T04:09:33.177346,12.322
S026,R11,PSD,SUCCESS,,2026-09-25T04:09:33.835027,0.587
S026,R11,ALICE,SUCCESS,,2026-09-25T04:09:34.650921,0.81
S026,R11,FEATURES,SUCCESS,,2026-09-25T04:09:38.442685,3.784
S026,R11,FUSION,SUCCESS,,2026-09-25T04:09:42.151599,0.085
S026,R11,NEUROAGENT,SUCCESS,,2026-09-25T04:09:42.200257,0.041
S026,R11,RECONSTRUCTION,SUCCESS,,2026-09-25T04:09:42.400488,0.194
S026,R11,QUALITY,SUCCESS,,2026-09-25T04:09:42.909714,0.501
S026,R11,TOTAL,SUCCESS,,2026-09-25T04:09:42.920380,96.934
S026,R12,LOAD,SUCCESS,,2026-09-25T04:09:43.286250,0.125
S026,R12,PREPROCESSING,SUCCESS,,2026-09-25T04:09:43.881206,0.586
S026,R12,ICA,SUCCESS,,2026-09-25T04:11:09.285857,85.392
S026,R12,ICLabel,SUCCESS,,2026-09-25T04:11:21.576344,12.288
S026,R12,PSD,SUCCESS,,2026-09-25T04:11:22.368403,0.721
S026,R12,ALICE,SUCCESS,,2026-09-25T04:11:23.230974,0.856
S026,R12,FEATURES,SUCCESS,,2026-09-25T04:11:27.236291,4.0
S026,R12,FUSION,SUCCESS,,2026-09-25T04:11:31.079752,0.156
S026,R12,NEUROAGENT,SUCCESS,,2026-09-25T04:11:31.126675,0.041
S026,R12,RECONSTRUCTION,SUCCESS,,2026-09-25T04:11:31.334180,0.197
S026,R12,QUALITY,SUCCESS,,2026-09-25T04:11:31.870040,0.531
S026,R12,TOTAL,SUCCESS,,2026-09-25T04:11:31.876756,108.715
S026,R13,LOAD,SUCCESS,,2026-09-25T04:11:32.266527,0.115
S026,R13,PREPROCESSING,SUCCESS,,2026-09-25T04:11:33.006397,0.734
S026,R13,ICA,SUCCESS,,2026-09-25T04:12:16.093190,43.076
S026,R13,ICLabel,SUCCESS,,2026-09-25T04:12:28.243251,12.135
S026,R13,PSD,SUCCESS,,2026-09-25T04:12:28.988061,0.667
S026,R13,ALICE,SUCCESS,,2026-09-25T04:12:29.816509,0.821
S026,R13,FEATURES,SUCCESS,,2026-09-25T04:12:33.782905,3.953
S026,R13,FUSION,SUCCESS,,2026-09-25T04:12:37.562932,0.077
S026,R13,NEUROAGENT,SUCCESS,,2026-09-25T04:12:37.613544,0.042
S026,R13,RECONSTRUCTION,SUCCESS,,2026-09-25T04:12:37.833574,0.213
S026,R13,QUALITY,SUCCESS,,2026-09-25T04:12:38.395700,0.555
S026,R13,TOTAL,SUCCESS,,2026-09-25T04:12:38.407581,66.255
S026,R14,LOAD,SUCCESS,,2026-09-25T04:12:38.798457,0.12
S026,R14,PREPROCESSING,SUCCESS,,2026-09-25T04:12:39.483977,0.683
S026,R14,ICA,SUCCESS,,2026-09-25T04:13:56.104712,76.613
S026,R14,ICLabel,SUCCESS,,2026-09-25T04:14:08.129948,12.017
S026,R14,PSD,SUCCESS,,2026-09-25T04:14:08.846794,0.643
S026,R14,ALICE,SUCCESS,,2026-09-25T04:14:09.710514,0.854
S026,R14,FEATURES,SUCCESS,,2026-09-25T04:14:13.690421,3.973
S026,R14,FUSION,SUCCESS,,2026-09-25T04:14:17.527169,0.078
S026,R14,NEUROAGENT,SUCCESS,,2026-09-25T04:14:17.576873,0.042
S026,R14,RECONSTRUCTION,SUCCESS,,2026-09-25T04:14:17.806906,0.228
S026,R14,QUALITY,SUCCESS,,2026-09-25T04:14:18.392826,0.576
S026,R14,TOTAL,SUCCESS,,2026-09-25T04:14:18.404080,99.721
S027,R01,LOAD,SUCCESS,,2026-09-25T04:14:18.786922,0.102
S027,R01,PREPROCESSING,SUCCESS,,2026-09-25T04:14:19.327110,0.527
S027,R01,ICA,SUCCESS,,2026-09-25T04:15:22.364098,63.025
S027,R01,ICLabel,SUCCESS,,2026-09-25T04:15:33.364665,10.996
S027,R01,PSD,SUCCESS,,2026-09-25T04:15:33.762105,0.35
S027,R01,ALICE,SUCCESS,,2026-09-25T04:15:34.317266,0.543
S027,R01,FEATURES,SUCCESS,,2026-09-25T04:15:36.495258,2.178
S027,R01,FUSION,SUCCESS,,2026-09-25T04:15:38.848866,0.08
S027,R01,NEUROAGENT,SUCCESS,,2026-09-25T04:15:38.896380,0.038
S027,R01,RECONSTRUCTION,SUCCESS,,2026-09-25T04:15:39.037224,0.136
S027,R01,QUALITY,SUCCESS,,2026-09-25T04:15:39.265352,0.22
S027,R01,TOTAL,SUCCESS,,2026-09-25T04:15:39.280484,80.601
S027,R02,LOAD,SUCCESS,,2026-09-25T04:15:39.647119,0.089
S027,R02,PREPROCESSING,SUCCESS,,2026-09-25T04:15:40.077636,0.422
S027,R02,ICA,SUCCESS,,2026-09-25T04:16:26.160189,46.074
S027,R02,ICLabel,SUCCESS,,2026-09-25T04:16:38.105682,11.935
S027,R02,PSD,SUCCESS,,2026-09-25T04:16:38.567635,0.408
S027,R02,ALICE,SUCCESS,,2026-09-25T04:16:39.119546,0.539
S027,R02,FEATURES,SUCCESS,,2026-09-25T04:16:41.206213,2.082
S027,R02,FUSION,SUCCESS,,2026-09-25T04:16:43.606749,0.092
S027,R02,NEUROAGENT,SUCCESS,,2026-09-25T04:16:43.663952,0.049
S027,R02,RECONSTRUCTION,SUCCESS,,2026-09-25T04:16:43.820921,0.149
S027,R02,QUALITY,SUCCESS,,2026-09-25T04:16:44.132605,0.301
S027,R02,TOTAL,SUCCESS,,2026-09-25T04:16:44.149228,64.6
S027,R03,LOAD,SUCCESS,,2026-09-25T04:16:44.593104,0.133
S027,R03,PREPROCESSING,SUCCESS,,2026-09-25T04:16:45.326378,0.725
S027,R03,ICA,SUCCESS,,2026-09-25T04:17:34.425401,49.099
S027,R03,ICLabel,SUCCESS,,2026-09-25T04:17:46.722316,12.297
S027,R03,PSD,SUCCESS,,2026-09-25T04:17:47.483070,0.678
S027,R03,ALICE,SUCCESS,,2026-09-25T04:17:48.441959,0.95
S027,R03,FEATURES,SUCCESS,,2026-09-25T04:17:52.402339,3.95
S027,R03,FUSION,SUCCESS,,2026-09-25T04:17:56.172328,0.094
S027,R03,NEUROAGENT,SUCCESS,,2026-09-25T04:17:56.223839,0.049
S027,R03,RECONSTRUCTION,SUCCESS,,2026-09-25T04:17:56.442199,0.209
S027,R03,QUALITY,SUCCESS,,2026-09-25T04:17:57.032317,0.574
S027,R03,TOTAL,SUCCESS,,2026-09-25T04:17:57.040728,72.581
S027,R04,LOAD,SUCCESS,,2026-09-25T04:17:57.414836,0.112
S027,R04,PREPROCESSING,SUCCESS,,2026-09-25T04:17:57.999150,0.577
S027,R04,ICA,SUCCESS,,2026-09-25T04:18:52.936890,54.93
S027,R04,ICLabel,SUCCESS,,2026-09-25T04:19:04.514834,11.563
S027,R04,PSD,SUCCESS,,2026-09-25T04:19:05.244313,0.65
S027,R04,ALICE,SUCCESS,,2026-09-25T04:19:06.068526,0.824
S027,R04,FEATURES,SUCCESS,,2026-09-25T04:19:09.816079,3.748
S027,R04,FUSION,SUCCESS,,2026-09-25T04:19:13.509724,0.08
S027,R04,NEUROAGENT,SUCCESS,,2026-09-25T04:19:13.557287,0.041
S027,R04,RECONSTRUCTION,SUCCESS,,2026-09-25T04:19:13.769631,0.206
S027,R04,QUALITY,SUCCESS,,2026-09-25T04:19:14.360889,0.589
S027,R04,TOTAL,SUCCESS,,2026-09-25T04:19:14.376263,77.074
S027,R05,LOAD,SUCCESS,,2026-09-25T04:19:14.728526,0.107
S027,R05,PREPROCESSING,SUCCESS,,2026-09-25T04:19:15.524303,0.783
S027,R05,ICA,SUCCESS,,2026-09-25T04:20:13.787016,58.248
S027,R05,ICLabel,SUCCESS,,2026-09-25T04:20:25.833380,12.043
S027,R05,PSD,SUCCESS,,2026-09-25T04:20:26.569902,0.659
S027,R05,ALICE,SUCCESS,,2026-09-25T04:20:27.490078,0.91
S027,R05,FEATURES,SUCCESS,,2026-09-25T04:20:31.954149,4.454
S027,R05,FUSION,SUCCESS,,2026-09-25T04:20:36.204542,0.084
S027,R05,NEUROAGENT,SUCCESS,,2026-09-25T04:20:36.266134,0.046
S027,R05,RECONSTRUCTION,SUCCESS,,2026-09-25T04:20:36.528835,0.263
S027,R05,QUALITY,SUCCESS,,2026-09-25T04:20:37.241545,0.701
S027,R05,TOTAL,SUCCESS,,2026-09-25T04:20:37.253868,82.632
S027,R06,LOAD,SUCCESS,,2026-09-25T04:20:37.669146,0.138
S027,R06,PREPROCESSING,SUCCESS,,2026-09-25T04:20:38.355116,0.68
S027,R06,ICA,SUCCESS,,2026-09-25T04:21:29.036306,50.666
S027,R06,ICLabel,SUCCESS,,2026-09-25T04:21:40.477405,11.441
S027,R06,PSD,SUCCESS,,2026-09-25T04:21:41.100762,0.553
S027,R06,ALICE,SUCCESS,,2026-09-25T04:21:41.866695,0.765
S027,R06,FEATURES,SUCCESS,,2026-09-25T04:21:45.691412,3.819
S027,R06,FUSION,SUCCESS,,2026-09-25T04:21:49.322002,0.08
S027,R06,NEUROAGENT,SUCCESS,,2026-09-25T04:21:49.375549,0.043
S027,R06,RECONSTRUCTION,SUCCESS,,2026-09-25T04:21:49.608635,0.224
S027,R06,QUALITY,SUCCESS,,2026-09-25T04:21:50.097079,0.48
S027,R06,TOTAL,SUCCESS,,2026-09-25T04:21:50.104266,72.572
S027,R07,LOAD,SUCCESS,,2026-09-25T04:21:50.468340,0.117
S027,R07,PREPROCESSING,SUCCESS,,2026-09-25T04:21:51.053004,0.576
S027,R07,ICA,SUCCESS,,2026-09-25T04:22:48.243124,57.174
S027,R07,ICLabel,SUCCESS,,2026-09-25T04:22:53.135345,4.888
S027,R07,PSD,SUCCESS,,2026-09-25T04:22:53.345574,0.182
S027,R07,ALICE,SUCCESS,,2026-09-25T04:22:53.671098,0.324
S027,R07,FEATURES,SUCCESS,,2026-09-25T04:22:55.429145,1.756
S027,R07,FUSION,SUCCESS,,2026-09-25T04:22:56.705604,0.023
S027,R07,NEUROAGENT,SUCCESS,,2026-09-25T04:22:56.719212,0.011
S027,R07,RECONSTRUCTION,SUCCESS,,2026-09-25T04:22:56.789169,0.067
S027,R07,QUALITY,SUCCESS,,2026-09-25T04:22:56.983002,0.191
S027,R07,TOTAL,SUCCESS,,2026-09-25T04:22:56.985001,66.634
S027,R08,LOAD,SUCCESS,,2026-09-25T04:22:57.258576,0.086
S027,R08,PREPROCESSING,SUCCESS,,2026-09-25T04:22:57.569171,0.307
S027,R08,ICA,SUCCESS,,2026-09-25T04:23:37.186091,39.612
S027,R08,ICLabel,SUCCESS,,2026-09-25T04:23:41.295508,4.105
S027,R08,PSD,SUCCESS,,2026-09-25T04:23:41.499047,0.178
S027,R08,ALICE,SUCCESS,,2026-09-25T04:23:41.817306,0.316
S027,R08,FEATURES,SUCCESS,,2026-09-25T04:23:43.259066,1.438
S027,R08,FUSION,SUCCESS,,2026-09-25T04:23:46.096087,0.054
S027,R08,NEUROAGENT,SUCCESS,,2026-09-25T04:23:46.149440,0.042
S027,R08,RECONSTRUCTION,SUCCESS,,2026-09-25T04:23:46.421203,0.266
S027,R08,QUALITY,SUCCESS,,2026-09-25T04:23:47.008324,0.583
S027,R08,TOTAL,SUCCESS,,2026-09-25T04:23:47.014940,49.842
S027,R09,LOAD,SUCCESS,,2026-09-25T04:23:47.521196,0.163
S027,R09,PREPROCESSING,SUCCESS,,2026-09-25T04:23:48.296527,0.766
S027,R09,ICA,SUCCESS,,2026-09-25T04:24:22.117735,33.814
S027,R09,ICLabel,SUCCESS,,2026-09-25T04:24:26.103407,3.98
S027,R09,PSD,SUCCESS,,2026-09-25T04:24:26.299666,0.174
S027,R09,ALICE,SUCCESS,,2026-09-25T04:24:26.564858,0.263
S027,R09,FEATURES,SUCCESS,,2026-09-25T04:24:28.231555,1.663
S027,R09,FUSION,SUCCESS,,2026-09-25T04:24:29.878880,0.059
S027,R09,NEUROAGENT,SUCCESS,,2026-09-25T04:24:29.912741,0.029
S027,R09,RECONSTRUCTION,SUCCESS,,2026-09-25T04:24:30.060353,0.144
S027,R09,QUALITY,SUCCESS,,2026-09-25T04:24:30.335496,0.271
S027,R09,TOTAL,SUCCESS,,2026-09-25T04:24:30.341401,42.984
S027,R10,LOAD,SUCCESS,,2026-09-25T04:24:30.586060,0.076
S027,R10,PREPROCESSING,SUCCESS,,2026-09-25T04:24:30.905031,0.316
S027,R10,ICA,SUCCESS,,2026-09-25T04:25:03.649096,32.738
S027,R10,ICLabel,SUCCESS,,2026-09-25T04:25:09.209429,5.555
S027,R10,PSD,SUCCESS,,2026-09-25T04:25:09.796977,0.483
S027,R10,ALICE,SUCCESS,,2026-09-25T04:25:10.298106,0.495
S027,R10,FEATURES,SUCCESS,,2026-09-25T04:25:12.344980,2.038
S027,R10,FUSION,SUCCESS,,2026-09-25T04:25:17.645329,0.088
S027,R10,NEUROAGENT,SUCCESS,,2026-09-25T04:25:17.689793,0.038
S027,R10,RECONSTRUCTION,SUCCESS,,2026-09-25T04:25:17.887870,0.194
S027,R10,QUALITY,SUCCESS,,2026-09-25T04:25:18.367741,0.47
S027,R10,TOTAL,SUCCESS,,2026-09-25T04:25:18.372324,47.863
S027,R11,LOAD,SUCCESS,,2026-09-25T04:25:18.728870,0.121
S027,R11,PREPROCESSING,SUCCESS,,2026-09-25T04:25:19.166737,0.428
S027,R11,ICA,SUCCESS,,2026-09-25T04:25:59.509713,40.338
S027,R11,ICLabel,SUCCESS,,2026-09-25T04:26:08.391162,8.868
S027,R11,PSD,SUCCESS,,2026-09-25T04:26:08.957851,0.485
S027,R11,ALICE,SUCCESS,,2026-09-25T04:26:09.397911,0.435
S027,R11,FEATURES,SUCCESS,,2026-09-25T04:26:11.486989,2.085
S027,R11,FUSION,SUCCESS,,2026-09-25T04:26:16.384831,0.095
S027,R11,NEUROAGENT,SUCCESS,,2026-09-25T04:26:16.465638,0.075
S027,R11,RECONSTRUCTION,SUCCESS,,2026-09-25T04:26:16.724618,0.253
S027,R11,QUALITY,SUCCESS,,2026-09-25T04:26:17.165637,0.436
S027,R11,TOTAL,SUCCESS,,2026-09-25T04:26:17.178305,58.57
S027,R12,LOAD,SUCCESS,,2026-09-25T04:26:17.593399,0.144
S027,R12,PREPROCESSING,SUCCESS,,2026-09-25T04:26:18.335482,0.733
S027,R12,ICA,SUCCESS,,2026-09-25T04:27:12.553781,54.211
S027,R12,ICLabel,SUCCESS,,2026-09-25T04:27:24.522104,11.953
S027,R12,PSD,SUCCESS,,2026-09-25T04:27:25.371991,0.727
S027,R12,ALICE,SUCCESS,,2026-09-25T04:27:26.280830,0.902
S027,R12,FEATURES,SUCCESS,,2026-09-25T04:27:30.303085,4.014
S027,R12,FUSION,SUCCESS,,2026-09-25T04:27:39.025541,0.151
S027,R12,NEUROAGENT,SUCCESS,,2026-09-25T04:27:39.091456,0.054
S027,R12,RECONSTRUCTION,SUCCESS,,2026-09-25T04:27:39.362458,0.262
S027,R12,QUALITY,SUCCESS,,2026-09-25T04:27:39.925371,0.554
S027,R12,TOTAL,SUCCESS,,2026-09-25T04:27:39.937329,82.489
S027,R13,LOAD,SUCCESS,,2026-09-25T04:27:40.354166,0.14
S027,R13,PREPROCESSING,SUCCESS,,2026-09-25T04:27:41.031155,0.667
S027,R13,ICA,SUCCESS,,2026-09-25T04:28:27.864072,46.825
S027,R13,ICLabel,SUCCESS,,2026-09-25T04:28:37.800395,9.924
S027,R13,PSD,SUCCESS,,2026-09-25T04:28:38.579263,0.626
S027,R13,ALICE,SUCCESS,,2026-09-25T04:28:39.931609,1.343
S027,R13,FEATURES,SUCCESS,,2026-09-25T04:28:48.987555,9.047
S027,R13,FUSION,SUCCESS,,2026-09-25T04:28:58.753587,0.164
S027,R13,NEUROAGENT,SUCCESS,,2026-09-25T04:28:58.854219,0.08
S027,R13,RECONSTRUCTION,SUCCESS,,2026-09-25T04:28:59.271135,0.404
S027,R13,QUALITY,SUCCESS,,2026-09-25T04:29:00.258455,0.976
S027,R13,TOTAL,SUCCESS,,2026-09-25T04:29:00.295393,80.081
S027,R14,LOAD,SUCCESS,,2026-09-25T04:29:01.036415,0.215
S027,R14,PREPROCESSING,SUCCESS,,2026-09-25T04:29:02.153748,1.102
S027,R14,ICA,SUCCESS,,2026-09-25T04:30:04.352916,62.181
S027,R14,ICLabel,SUCCESS,,2026-09-25T04:30:12.341303,7.984
S027,R14,PSD,SUCCESS,,2026-09-25T04:30:13.352598,0.89
S027,R14,ALICE,SUCCESS,,2026-09-25T04:30:14.345702,0.981
S027,R14,FEATURES,SUCCESS,,2026-09-25T04:30:20.048805,5.701
S027,R14,FUSION,SUCCESS,,2026-09-25T04:30:26.306027,0.143
S027,R14,NEUROAGENT,SUCCESS,,2026-09-25T04:30:26.373916,0.055
S027,R14,RECONSTRUCTION,SUCCESS,,2026-09-25T04:30:26.729231,0.345
S027,R14,QUALITY,SUCCESS,,2026-09-25T04:30:27.742244,0.992
S027,R14,TOTAL,SUCCESS,,2026-09-25T04:30:27.747950,86.928
S028,R01,LOAD,SUCCESS,,2026-09-25T04:30:28.144104,0.116
S028,R01,PREPROCESSING,SUCCESS,,2026-09-25T04:30:29.410636,1.257
S028,R01,ICA,SUCCESS,,2026-09-25T04:31:33.429512,64.001
S028,R01,ICLabel,SUCCESS,,2026-09-25T04:31:54.279254,20.842
S028,R01,PSD,SUCCESS,,2026-09-25T04:31:54.766185,0.4
S028,R01,ALICE,SUCCESS,,2026-09-25T04:31:55.346283,0.572
S028,R01,FEATURES,SUCCESS,,2026-09-25T04:31:57.270417,1.918
S028,R01,FUSION,SUCCESS,,2026-09-25T04:32:00.543408,0.107
S028,R01,NEUROAGENT,SUCCESS,,2026-09-25T04:32:00.609931,0.056
S028,R01,RECONSTRUCTION,SUCCESS,,2026-09-25T04:32:00.729160,0.111
S028,R01,QUALITY,SUCCESS,,2026-09-25T04:32:00.928416,0.194
S028,R01,TOTAL,SUCCESS,,2026-09-25T04:32:00.938543,92.912
S028,R02,LOAD,SUCCESS,,2026-09-25T04:32:01.319896,0.12
S028,R02,PREPROCESSING,SUCCESS,,2026-09-25T04:32:01.715988,0.381
S028,R02,ICA,SUCCESS,,2026-09-25T04:32:47.349753,45.629
S028,R02,ICLabel,SUCCESS,,2026-09-25T04:32:58.234936,10.881
S028,R02,PSD,SUCCESS,,2026-09-25T04:32:58.875077,0.568
S028,R02,ALICE,SUCCESS,,2026-09-25T04:32:59.571095,0.682
S028,R02,FEATURES,SUCCESS,,2026-09-25T04:33:01.246407,1.669
S028,R02,FUSION,SUCCESS,,2026-09-25T04:33:04.184169,0.124
S028,R02,NEUROAGENT,SUCCESS,,2026-09-25T04:33:04.266966,0.071
S028,R02,RECONSTRUCTION,SUCCESS,,2026-09-25T04:33:04.433225,0.155
S028,R02,QUALITY,SUCCESS,,2026-09-25T04:33:04.641689,0.203
S028,R02,TOTAL,SUCCESS,,2026-09-25T04:33:04.647754,63.447
S028,R03,LOAD,SUCCESS,,2026-09-25T04:33:05.002382,0.125
S028,R03,PREPROCESSING,SUCCESS,,2026-09-25T04:33:05.478780,0.464
S028,R03,ICA,SUCCESS,,2026-09-25T04:34:12.347731,66.863
S028,R03,ICLabel,SUCCESS,,2026-09-25T04:34:21.922945,9.568
S028,R03,PSD,SUCCESS,,2026-09-25T04:34:22.906396,0.889
S028,R03,ALICE,SUCCESS,,2026-09-25T04:34:23.954364,1.037
S028,R03,FEATURES,SUCCESS,,2026-09-25T04:34:37.648788,13.687
S028,R03,FUSION,SUCCESS,,2026-09-25T04:34:46.334149,0.184
S028,R03,NEUROAGENT,SUCCESS,,2026-09-25T04:34:46.427871,0.068
S028,R03,RECONSTRUCTION,SUCCESS,,2026-09-25T04:34:46.734645,0.296
S028,R03,QUALITY,SUCCESS,,2026-09-25T04:34:47.625686,0.882
S028,R03,TOTAL,SUCCESS,,2026-09-25T04:34:47.635697,102.758
S028,R04,LOAD,SUCCESS,,2026-09-25T04:34:48.156711,0.166
S028,R04,PREPROCESSING,SUCCESS,,2026-09-25T04:34:48.929652,0.766
S028,R04,ICA,SUCCESS,,2026-09-25T04:35:34.203331,45.267
S028,R04,ICLabel,SUCCESS,,2026-09-25T04:35:40.389344,6.181
S028,R04,PSD,SUCCESS,,2026-09-25T04:35:40.916383,0.408
S028,R04,ALICE,SUCCESS,,2026-09-25T04:35:41.354929,0.435
S028,R04,FEATURES,SUCCESS,,2026-09-25T04:35:44.112551,2.755
S028,R04,FUSION,SUCCESS,,2026-09-25T04:35:54.343121,0.143
S028,R04,NEUROAGENT,SUCCESS,,2026-09-25T04:35:54.428404,0.07
S028,R04,RECONSTRUCTION,SUCCESS,,2026-09-25T04:35:54.647162,0.214
S028,R04,QUALITY,SUCCESS,,2026-09-25T04:35:55.130582,0.473
S028,R04,TOTAL,SUCCESS,,2026-09-25T04:35:55.143138,67.153
S028,R05,LOAD,SUCCESS,,2026-09-25T04:35:55.481005,0.103
S028,R05,PREPROCESSING,SUCCESS,,2026-09-25T04:35:56.011744,0.519
S028,R05,ICA,SUCCESS,,2026-09-25T04:36:38.371052,42.359
S028,R05,ICLabel,SUCCESS,,2026-09-25T04:36:47.029118,8.653
S028,R05,PSD,SUCCESS,,2026-09-25T04:36:47.651111,0.488
S028,R05,ALICE,SUCCESS,,2026-09-25T04:36:48.533381,0.878
S028,R05,FEATURES,SUCCESS,,2026-09-25T04:36:51.330430,2.793
S028,R05,FUSION,SUCCESS,,2026-09-25T04:36:59.270648,0.312
S028,R05,NEUROAGENT,SUCCESS,,2026-09-25T04:36:59.615830,0.273
S028,R05,RECONSTRUCTION,SUCCESS,,2026-09-25T04:37:01.182634,1.383
S028,R05,QUALITY,SUCCESS,,2026-09-25T04:37:04.060839,2.765
S028,R05,TOTAL,SUCCESS,,2026-09-25T04:37:04.081856,68.701
S028,R06,LOAD,SUCCESS,,2026-09-25T04:37:04.807194,0.235
S028,R06,PREPROCESSING,SUCCESS,,2026-09-25T04:37:06.362700,1.526
S028,R06,ICA,SUCCESS,,2026-09-25T04:38:02.519217,56.078
S028,R06,ICLabel,SUCCESS,,2026-09-25T04:38:12.640524,10.114
S028,R06,PSD,SUCCESS,,2026-09-25T04:38:13.759108,0.929
S028,R06,ALICE,SUCCESS,,2026-09-25T04:38:14.960027,1.192
S028,R06,FEATURES,SUCCESS,,2026-09-25T04:38:22.560824,7.589
S028,R06,FUSION,SUCCESS,,2026-09-25T04:38:36.954147,0.118
S028,R06,NEUROAGENT,SUCCESS,,2026-09-25T04:38:37.038462,0.066
S028,R06,RECONSTRUCTION,SUCCESS,,2026-09-25T04:38:37.611820,0.551
S028,R06,QUALITY,SUCCESS,,2026-09-25T04:38:38.555947,0.934
S028,R06,TOTAL,SUCCESS,,2026-09-25T04:38:38.578681,94.006
S028,R07,LOAD,SUCCESS,,2026-09-25T04:38:39.230881,0.291
S028,R07,PREPROCESSING,SUCCESS,,2026-09-25T04:38:40.769276,1.518
S028,R07,ICA,SUCCESS,,2026-09-25T04:39:37.341847,56.555
S028,R07,ICLabel,SUCCESS,,2026-09-25T04:39:41.137165,3.795
S028,R07,PSD,SUCCESS,,2026-09-25T04:39:41.337558,0.169
S028,R07,ALICE,SUCCESS,,2026-09-25T04:39:41.670566,0.333
S028,R07,FEATURES,SUCCESS,,2026-09-25T04:39:43.045319,1.367
S028,R07,FUSION,SUCCESS,,2026-09-25T04:39:44.294993,0.031
S028,R07,NEUROAGENT,SUCCESS,,2026-09-25T04:39:44.310296,0.015
S028,R07,RECONSTRUCTION,SUCCESS,,2026-09-25T04:39:44.371805,0.062
S028,R07,QUALITY,SUCCESS,,2026-09-25T04:39:44.527358,0.156
S028,R07,TOTAL,SUCCESS,,2026-09-25T04:39:44.540722,65.603
S028,R08,LOAD,SUCCESS,,2026-09-25T04:39:44.777380,0.096
S028,R08,PREPROCESSING,SUCCESS,,2026-09-25T04:39:45.112673,0.331
S028,R08,ICA,SUCCESS,,2026-09-25T04:40:09.578074,24.461
S028,R08,ICLabel,SUCCESS,,2026-09-25T04:40:13.515745,3.938
S028,R08,PSD,SUCCESS,,2026-09-25T04:40:13.700550,0.17
S028,R08,ALICE,SUCCESS,,2026-09-25T04:40:14.048758,0.348
S028,R08,FEATURES,SUCCESS,,2026-09-25T04:40:15.543575,1.49
S028,R08,FUSION,SUCCESS,,2026-09-25T04:40:16.736760,0.015
S028,R08,NEUROAGENT,SUCCESS,,2026-09-25T04:40:16.754298,0.018
S028,R08,RECONSTRUCTION,SUCCESS,,2026-09-25T04:40:16.813325,0.059
S028,R08,QUALITY,SUCCESS,,2026-09-25T04:40:16.981518,0.168
S028,R08,TOTAL,SUCCESS,,2026-09-25T04:40:16.981518,32.3
S028,R09,LOAD,SUCCESS,,2026-09-25T04:40:17.240613,0.074
S028,R09,PREPROCESSING,SUCCESS,,2026-09-25T04:40:17.576097,0.32
S028,R09,ICA,SUCCESS,,2026-09-25T04:40:43.701949,26.126
S028,R09,ICLabel,SUCCESS,,2026-09-25T04:40:45.515274,1.813
S028,R09,PSD,SUCCESS,,2026-09-25T04:40:45.727614,0.182
S028,R09,ALICE,SUCCESS,,2026-09-25T04:40:45.882196,0.153
S028,R09,FEATURES,SUCCESS,,2026-09-25T04:40:47.219797,1.332
S028,R09,FUSION,SUCCESS,,2026-09-25T04:40:49.347754,0.046
S028,R09,NEUROAGENT,SUCCESS,,2026-09-25T04:40:49.362925,0.015
S028,R09,RECONSTRUCTION,SUCCESS,,2026-09-25T04:40:49.485551,0.107
S028,R09,QUALITY,SUCCESS,,2026-09-25T04:40:49.852146,0.352
S028,R09,TOTAL,SUCCESS,,2026-09-25T04:40:49.852146,32.686
S028,R10,LOAD,SUCCESS,,2026-09-25T04:40:50.098976,0.078
S028,R10,PREPROCESSING,SUCCESS,,2026-09-25T04:40:50.404781,0.306
S028,R10,ICA,SUCCESS,,2026-09-25T04:41:16.898180,26.493
S028,R10,ICLabel,SUCCESS,,2026-09-25T04:41:21.256722,4.355
S028,R10,PSD,SUCCESS,,2026-09-25T04:41:21.456725,0.169
S028,R10,ALICE,SUCCESS,,2026-09-25T04:41:21.716606,0.26
S028,R10,FEATURES,SUCCESS,,2026-09-25T04:41:23.636590,1.905
S028,R10,FUSION,SUCCESS,,2026-09-25T04:41:24.846158,0.03
S028,R10,NEUROAGENT,SUCCESS,,2026-09-25T04:41:24.861441,0.015
S028,R10,RECONSTRUCTION,SUCCESS,,2026-09-25T04:41:24.923110,0.062
S028,R10,QUALITY,SUCCESS,,2026-09-25T04:41:25.106691,0.184
S028,R10,TOTAL,SUCCESS,,2026-09-25T04:41:25.106691,35.085
S028,R11,LOAD,SUCCESS,,2026-09-25T04:41:25.382922,0.091
S028,R11,PREPROCESSING,SUCCESS,,2026-09-25T04:41:25.717335,0.334
S028,R11,ICA,SUCCESS,,2026-09-25T04:41:58.450957,32.718
S028,R11,ICLabel,SUCCESS,,2026-09-25T04:42:02.644298,4.193
S028,R11,PSD,SUCCESS,,2026-09-25T04:42:02.842644,0.183
S028,R11,ALICE,SUCCESS,,2026-09-25T04:42:03.194709,0.352
S028,R11,FEATURES,SUCCESS,,2026-09-25T04:42:04.719561,1.525
S028,R11,FUSION,SUCCESS,,2026-09-25T04:42:05.896886,0.032
S028,R11,NEUROAGENT,SUCCESS,,2026-09-25T04:42:05.911635,0.015
S028,R11,RECONSTRUCTION,SUCCESS,,2026-09-25T04:42:05.972382,0.057
S028,R11,QUALITY,SUCCESS,,2026-09-25T04:42:06.139902,0.168
S028,R11,TOTAL,SUCCESS,,2026-09-25T04:42:06.139902,40.848
S028,R12,LOAD,SUCCESS,,2026-09-25T04:42:06.413825,0.092
S028,R12,PREPROCESSING,SUCCESS,,2026-09-25T04:42:06.818317,0.404
S028,R12,ICA,SUCCESS,,2026-09-25T04:42:37.009353,30.184
S028,R12,ICLabel,SUCCESS,,2026-09-25T04:42:47.882429,10.864
S028,R12,PSD,SUCCESS,,2026-09-25T04:42:48.304146,0.349
S028,R12,ALICE,SUCCESS,,2026-09-25T04:42:48.667582,0.358
S028,R12,FEATURES,SUCCESS,,2026-09-25T04:42:50.991342,2.323
S028,R12,FUSION,SUCCESS,,2026-09-25T04:42:53.585110,0.074
S028,R12,NEUROAGENT,SUCCESS,,2026-09-25T04:42:53.633336,0.046
S028,R12,RECONSTRUCTION,SUCCESS,,2026-09-25T04:42:53.775375,0.134
S028,R12,QUALITY,SUCCESS,,2026-09-25T04:42:54.055026,0.277
S028,R12,TOTAL,SUCCESS,,2026-09-25T04:42:54.060058,47.738
S028,R13,LOAD,SUCCESS,,2026-09-25T04:42:54.337739,0.084
S028,R13,PREPROCESSING,SUCCESS,,2026-09-25T04:42:54.675217,0.332
S028,R13,ICA,SUCCESS,,2026-09-25T04:43:30.991355,36.311
S028,R13,ICLabel,SUCCESS,,2026-09-25T04:43:35.472929,4.468
S028,R13,PSD,SUCCESS,,2026-09-25T04:43:35.681346,0.18
S028,R13,ALICE,SUCCESS,,2026-09-25T04:43:36.022768,0.341
S028,R13,FEATURES,SUCCESS,,2026-09-25T04:43:38.065850,2.041
S028,R13,FUSION,SUCCESS,,2026-09-25T04:43:40.863556,0.046
S028,R13,NEUROAGENT,SUCCESS,,2026-09-25T04:43:40.878387,0.013
S028,R13,RECONSTRUCTION,SUCCESS,,2026-09-25T04:43:41.012968,0.132
S028,R13,QUALITY,SUCCESS,,2026-09-25T04:43:41.407872,0.392
S028,R13,TOTAL,SUCCESS,,2026-09-25T04:43:41.411147,47.158
S028,R14,LOAD,SUCCESS,,2026-09-25T04:43:41.692500,0.091
S028,R14,PREPROCESSING,SUCCESS,,2026-09-25T04:43:42.109642,0.408
S028,R14,ICA,SUCCESS,,2026-09-25T04:44:19.933437,37.821
S028,R14,ICLabel,SUCCESS,,2026-09-25T04:44:24.291015,4.358
S028,R14,PSD,SUCCESS,,2026-09-25T04:44:24.502182,0.18
S028,R14,ALICE,SUCCESS,,2026-09-25T04:44:24.840178,0.335
S028,R14,FEATURES,SUCCESS,,2026-09-25T04:44:26.659341,1.819
S028,R14,FUSION,SUCCESS,,2026-09-25T04:44:28.587437,0.031
S028,R14,NEUROAGENT,SUCCESS,,2026-09-25T04:44:28.618391,0.015
S028,R14,RECONSTRUCTION,SUCCESS,,2026-09-25T04:44:28.746921,0.129
S028,R14,QUALITY,SUCCESS,,2026-09-25T04:44:29.016887,0.27
S028,R14,TOTAL,SUCCESS,,2026-09-25T04:44:29.016887,47.415
S029,R01,LOAD,SUCCESS,,2026-09-25T04:44:29.274918,0.053
S029,R01,PREPROCESSING,SUCCESS,,2026-09-25T04:44:29.504026,0.229
S029,R01,ICA,SUCCESS,,2026-09-25T04:45:06.669835,37.166
S029,R01,ICLabel,SUCCESS,,2026-09-25T04:45:14.702378,8.019
S029,R01,PSD,SUCCESS,,2026-09-25T04:45:14.933734,0.201
S029,R01,ALICE,SUCCESS,,2026-09-25T04:45:15.193851,0.26
S029,R01,FEATURES,SUCCESS,,2026-09-25T04:45:16.346178,1.152
S029,R01,FUSION,SUCCESS,,2026-09-25T04:45:17.917909,0.097
S029,R01,NEUROAGENT,SUCCESS,,2026-09-25T04:45:17.969899,0.047
S029,R01,RECONSTRUCTION,SUCCESS,,2026-09-25T04:45:18.069762,0.09
S029,R01,QUALITY,SUCCESS,,2026-09-25T04:45:18.223242,0.153
S029,R01,TOTAL,SUCCESS,,2026-09-25T04:45:18.237807,49.016
S029,R02,LOAD,SUCCESS,,2026-09-25T04:45:18.563975,0.092
S029,R02,PREPROCESSING,SUCCESS,,2026-09-25T04:45:18.838696,0.275
S029,R02,ICA,SUCCESS,,2026-09-25T04:45:47.293045,28.454
S029,R02,ICLabel,SUCCESS,,2026-09-25T04:45:49.744304,2.448
S029,R02,PSD,SUCCESS,,2026-09-25T04:45:50.067580,0.284
S029,R02,ALICE,SUCCESS,,2026-09-25T04:45:50.266819,0.196
S029,R02,FEATURES,SUCCESS,,2026-09-25T04:45:50.811788,0.543
S029,R02,FUSION,SUCCESS,,2026-09-25T04:45:51.776393,0.046
S029,R02,NEUROAGENT,SUCCESS,,2026-09-25T04:45:51.803795,0.024
S029,R02,RECONSTRUCTION,SUCCESS,,2026-09-25T04:45:51.866428,0.059
S029,R02,QUALITY,SUCCESS,,2026-09-25T04:45:51.982870,0.113
S029,R02,TOTAL,SUCCESS,,2026-09-25T04:45:51.984871,33.514
S029,R03,LOAD,SUCCESS,,2026-09-25T04:45:52.157657,0.062
S029,R03,PREPROCESSING,SUCCESS,,2026-09-25T04:45:52.344065,0.184
S029,R03,ICA,SUCCESS,,2026-09-25T04:47:01.202063,68.856
S029,R03,ICLabel,SUCCESS,,2026-09-25T04:47:12.936415,11.719
S029,R03,PSD,SUCCESS,,2026-09-25T04:47:13.855421,0.826
S029,R03,ALICE,SUCCESS,,2026-09-25T04:47:14.706691,0.838
S029,R03,FEATURES,SUCCESS,,2026-09-25T04:47:18.325798,3.609
S029,R03,FUSION,SUCCESS,,2026-09-25T04:47:26.077718,0.127
S029,R03,NEUROAGENT,SUCCESS,,2026-09-25T04:47:26.158481,0.068
S029,R03,RECONSTRUCTION,SUCCESS,,2026-09-25T04:47:26.416187,0.24
S029,R03,QUALITY,SUCCESS,,2026-09-25T04:47:27.130169,0.708
S029,R03,TOTAL,SUCCESS,,2026-09-25T04:47:27.139740,95.042
S029,R04,LOAD,SUCCESS,,2026-09-25T04:47:27.629392,0.189
S029,R04,PREPROCESSING,SUCCESS,,2026-09-25T04:47:28.660344,1.022
S029,R04,ICA,SUCCESS,,2026-09-25T04:48:40.936608,72.268
S029,R04,ICLabel,SUCCESS,,2026-09-25T04:48:51.110494,10.165
S029,R04,PSD,SUCCESS,,2026-09-25T04:48:51.993900,0.749
S029,R04,ALICE,SUCCESS,,2026-09-25T04:48:53.051995,1.047
S029,R04,FEATURES,SUCCESS,,2026-09-25T04:48:57.201366,4.14
S029,R04,FUSION,SUCCESS,,2026-09-25T04:49:03.668036,0.1
S029,R04,NEUROAGENT,SUCCESS,,2026-09-25T04:49:03.707718,0.035
S029,R04,RECONSTRUCTION,SUCCESS,,2026-09-25T04:49:03.864743,0.15
S029,R04,QUALITY,SUCCESS,,2026-09-25T04:49:04.332588,0.462
S029,R04,TOTAL,SUCCESS,,2026-09-25T04:49:04.343979,96.905
S029,R05,LOAD,SUCCESS,,2026-09-25T04:49:04.730629,0.179
S029,R05,PREPROCESSING,SUCCESS,,2026-09-25T04:49:05.594914,0.847
S029,R05,ICA,SUCCESS,,2026-09-25T04:50:31.298456,85.702
S029,R05,ICLabel,SUCCESS,,2026-09-25T04:50:37.940747,6.636
S029,R05,PSD,SUCCESS,,2026-09-25T04:50:38.502200,0.495
S029,R05,ALICE,SUCCESS,,2026-09-25T04:50:39.271690,0.764
S029,R05,FEATURES,SUCCESS,,2026-09-25T04:50:41.407348,2.132
S029,R05,FUSION,SUCCESS,,2026-09-25T04:50:45.761781,0.048
S029,R05,NEUROAGENT,SUCCESS,,2026-09-25T04:50:45.787716,0.019
S029,R05,RECONSTRUCTION,SUCCESS,,2026-09-25T04:50:45.965819,0.171
S029,R05,QUALITY,SUCCESS,,2026-09-25T04:50:46.359452,0.39
S029,R05,TOTAL,SUCCESS,,2026-09-25T04:50:46.362890,101.811
S029,R06,LOAD,SUCCESS,,2026-09-25T04:50:46.663934,0.097
S029,R06,PREPROCESSING,SUCCESS,,2026-09-25T04:50:47.106441,0.433
S029,R06,ICA,SUCCESS,,2026-09-25T04:51:52.096142,64.986
S029,R06,ICLabel,SUCCESS,,2026-09-25T04:51:59.885874,7.781
S029,R06,PSD,SUCCESS,,2026-09-25T04:52:00.426364,0.453
S029,R06,ALICE,SUCCESS,,2026-09-25T04:52:01.135631,0.706
S029,R06,FEATURES,SUCCESS,,2026-09-25T04:52:03.262949,2.123
S029,R06,FUSION,SUCCESS,,2026-09-25T04:52:08.480954,0.07
S029,R06,NEUROAGENT,SUCCESS,,2026-09-25T04:52:08.526140,0.036
S029,R06,RECONSTRUCTION,SUCCESS,,2026-09-25T04:52:08.730147,0.193
S029,R06,QUALITY,SUCCESS,,2026-09-25T04:52:09.401987,0.668
S029,R06,TOTAL,SUCCESS,,2026-09-25T04:52:09.408530,82.842
S029,R07,LOAD,SUCCESS,,2026-09-25T04:52:09.754962,0.112
S029,R07,PREPROCESSING,SUCCESS,,2026-09-25T04:52:10.324601,0.562
S029,R07,ICA,SUCCESS,,2026-09-25T04:53:11.587948,61.258
S029,R07,ICLabel,SUCCESS,,2026-09-25T04:53:24.621719,13.021
S029,R07,PSD,SUCCESS,,2026-09-25T04:53:25.715192,0.956
S029,R07,ALICE,SUCCESS,,2026-09-25T04:53:27.497851,1.772
S029,R07,FEATURES,SUCCESS,,2026-09-25T04:53:30.925676,3.42
S029,R07,FUSION,SUCCESS,,2026-09-25T04:53:38.447482,0.153
S029,R07,NEUROAGENT,SUCCESS,,2026-09-25T04:53:38.526499,0.065
S029,R07,RECONSTRUCTION,SUCCESS,,2026-09-25T04:53:38.942976,0.402
S029,R07,QUALITY,SUCCESS,,2026-09-25T04:53:39.944152,0.98
S029,R07,TOTAL,SUCCESS,,2026-09-25T04:53:39.961843,90.317
S029,R08,LOAD,SUCCESS,,2026-09-25T04:53:40.476217,0.188
S029,R08,PREPROCESSING,SUCCESS,,2026-09-25T04:53:42.262740,1.774
S029,R08,ICA,SUCCESS,,2026-09-25T04:58:48.309171,306.034
S029,R08,ICLabel,SUCCESS,,2026-09-25T05:00:10.056254,81.722
S029,R08,PSD,SUCCESS,,2026-09-25T05:00:15.576604,4.233
S029,R08,ALICE,SUCCESS,,2026-09-25T05:00:17.864748,2.266
S029,R08,FEATURES,SUCCESS,,2026-09-25T05:00:30.334382,12.454
S029,R08,FUSION,SUCCESS,,2026-09-25T05:00:47.445344,0.368
S029,R08,NEUROAGENT,SUCCESS,,2026-09-25T05:00:47.606287,0.147
S029,R08,RECONSTRUCTION,SUCCESS,,2026-09-25T05:00:48.781846,1.154
S029,R08,QUALITY,SUCCESS,,2026-09-25T05:00:51.029951,2.234
S029,R08,TOTAL,SUCCESS,,2026-09-25T05:00:51.062271,430.772
S029,R09,LOAD,SUCCESS,,2026-09-25T05:01:15.774013,1.416
S029,R09,PREPROCESSING,SUCCESS,,2026-09-25T05:01:19.700516,3.585
S029,R09,ICA,SUCCESS,,2026-09-25T05:07:14.072793,354.306
S029,R09,ICLabel,SUCCESS,,2026-09-25T05:07:25.549073,11.47
S029,R09,PSD,SUCCESS,,2026-09-25T05:07:26.671128,0.977
S029,R09,ALICE,SUCCESS,,2026-09-25T05:07:27.898060,1.214
S029,R09,FEATURES,SUCCESS,,2026-09-25T05:07:31.894337,3.98
S029,R09,FUSION,SUCCESS,,2026-09-25T05:07:40.192684,0.138
S029,R09,NEUROAGENT,SUCCESS,,2026-09-25T05:07:40.271821,0.069
S029,R09,RECONSTRUCTION,SUCCESS,,2026-09-25T05:07:40.482194,0.196
S029,R09,QUALITY,SUCCESS,,2026-09-25T05:07:40.986755,0.498
S029,R09,TOTAL,SUCCESS,,2026-09-25T05:07:41.002305,386.649
S029,R10,LOAD,SUCCESS,,2026-09-25T05:07:41.356239,0.086
S029,R10,PREPROCESSING,SUCCESS,,2026-09-25T05:07:41.860471,0.499
S029,R10,ICA,SUCCESS,,2026-09-25T05:09:17.438341,95.571
S029,R10,ICLabel,SUCCESS,,2026-09-25T05:09:31.357092,13.911
S029,R10,PSD,SUCCESS,,2026-09-25T05:09:32.255007,0.789
S029,R10,ALICE,SUCCESS,,2026-09-25T05:09:33.465341,1.193
S029,R10,FEATURES,SUCCESS,,2026-09-25T05:09:36.769627,3.29
S029,R10,FUSION,SUCCESS,,2026-09-25T05:09:43.142654,0.115
S029,R10,NEUROAGENT,SUCCESS,,2026-09-25T05:09:43.207378,0.051
S029,R10,RECONSTRUCTION,SUCCESS,,2026-09-25T05:09:43.414714,0.201
S029,R10,QUALITY,SUCCESS,,2026-09-25T05:09:44.036212,0.619
S029,R10,TOTAL,SUCCESS,,2026-09-25T05:09:44.043893,122.773
S029,R11,LOAD,SUCCESS,,2026-09-25T05:09:44.379362,0.09
S029,R11,PREPROCESSING,SUCCESS,,2026-09-25T05:09:45.117863,0.728
S029,R11,ICA,SUCCESS,,2026-09-25T05:11:05.903102,80.779
S029,R11,ICLabel,SUCCESS,,2026-09-25T05:11:15.394054,9.486
S029,R11,PSD,SUCCESS,,2026-09-25T05:11:16.266877,0.755
S029,R11,ALICE,SUCCESS,,2026-09-25T05:11:17.097575,0.823
S029,R11,FEATURES,SUCCESS,,2026-09-25T05:11:20.599470,3.491
S029,R11,FUSION,SUCCESS,,2026-09-25T05:11:28.649317,0.117
S029,R11,NEUROAGENT,SUCCESS,,2026-09-25T05:11:28.732894,0.072
S029,R11,RECONSTRUCTION,SUCCESS,,2026-09-25T05:11:28.959174,0.215
S029,R11,QUALITY,SUCCESS,,2026-09-25T05:11:29.642005,0.677
S029,R11,TOTAL,SUCCESS,,2026-09-25T05:11:29.646583,105.357
S029,R12,LOAD,SUCCESS,,2026-09-25T05:11:30.185563,0.212
S029,R12,PREPROCESSING,SUCCESS,,2026-09-25T05:11:30.950027,0.758
S029,R12,ICA,SUCCESS,,2026-09-25T05:13:07.854630,96.892
S029,R12,ICLabel,SUCCESS,,2026-09-25T05:13:18.320348,10.45
S029,R12,PSD,SUCCESS,,2026-09-25T05:13:19.223995,0.813
S029,R12,ALICE,SUCCESS,,2026-09-25T05:13:20.320410,1.088
S029,R12,FEATURES,SUCCESS,,2026-09-25T05:13:23.268248,2.941
S029,R12,FUSION,SUCCESS,,2026-09-25T05:13:29.796813,0.109
S029,R12,NEUROAGENT,SUCCESS,,2026-09-25T05:13:29.859064,0.045
S029,R12,RECONSTRUCTION,SUCCESS,,2026-09-25T05:13:30.095775,0.23
S029,R12,QUALITY,SUCCESS,,2026-09-25T05:13:30.797193,0.697
S029,R12,TOTAL,SUCCESS,,2026-09-25T05:13:30.810269,120.836
S029,R13,LOAD,SUCCESS,,2026-09-25T05:13:31.239097,0.172
S029,R13,PREPROCESSING,SUCCESS,,2026-09-25T05:13:32.083593,0.833
S029,R13,ICA,SUCCESS,,2026-09-25T05:14:22.997824,50.901
S029,R13,ICLabel,SUCCESS,,2026-09-25T05:14:41.596058,18.585
S029,R13,PSD,SUCCESS,,2026-09-25T05:14:42.246598,0.57
S029,R13,ALICE,SUCCESS,,2026-09-25T05:14:43.044713,0.792
S029,R13,FEATURES,SUCCESS,,2026-09-25T05:14:54.229796,11.18
S029,R13,FUSION,SUCCESS,,2026-09-25T05:15:05.675406,0.149
S029,R13,NEUROAGENT,SUCCESS,,2026-09-25T05:15:05.743298,0.054
S029,R13,RECONSTRUCTION,SUCCESS,,2026-09-25T05:15:06.025980,0.275
S029,R13,QUALITY,SUCCESS,,2026-09-25T05:15:07.723318,1.685
S029,R13,TOTAL,SUCCESS,,2026-09-25T05:15:07.769234,96.704
S029,R14,LOAD,SUCCESS,,2026-09-25T05:15:08.817751,0.324
S029,R14,PREPROCESSING,SUCCESS,,2026-09-25T05:15:10.265760,1.429
S029,R14,ICA,SUCCESS,,2026-09-25T05:17:35.574304,145.299
S029,R14,ICLabel,SUCCESS,,2026-09-25T05:17:45.775604,10.195
S029,R14,PSD,SUCCESS,,2026-09-25T05:17:46.650481,0.717
S029,R14,ALICE,SUCCESS,,2026-09-25T05:17:47.898618,1.241
S029,R14,FEATURES,SUCCESS,,2026-09-25T05:17:51.637531,3.726
S029,R14,FUSION,SUCCESS,,2026-09-25T05:17:59.361283,0.127
S029,R14,NEUROAGENT,SUCCESS,,2026-09-25T05:17:59.443123,0.07
S029,R14,RECONSTRUCTION,SUCCESS,,2026-09-25T05:17:59.778833,0.326
S029,R14,QUALITY,SUCCESS,,2026-09-25T05:18:00.561777,0.767
S029,R14,TOTAL,SUCCESS,,2026-09-25T05:18:00.569475,172.077
S030,R01,LOAD,SUCCESS,,2026-09-25T05:18:00.932230,0.112
S030,R01,PREPROCESSING,SUCCESS,,2026-09-25T05:18:01.430433,0.491
S030,R01,ICA,SUCCESS,,2026-09-25T05:18:55.569940,54.125
S030,R01,ICLabel,SUCCESS,,2026-09-25T05:19:04.169598,8.596
S030,R01,PSD,SUCCESS,,2026-09-25T05:19:04.639505,0.409
S030,R01,ALICE,SUCCESS,,2026-09-25T05:19:05.269890,0.626
S030,R01,FEATURES,SUCCESS,,2026-09-25T05:19:07.523076,2.246
S030,R01,FUSION,SUCCESS,,2026-09-25T05:19:10.583092,0.083
S030,R01,NEUROAGENT,SUCCESS,,2026-09-25T05:19:10.624578,0.036
S030,R01,RECONSTRUCTION,SUCCESS,,2026-09-25T05:19:10.851389,0.219
S030,R01,QUALITY,SUCCESS,,2026-09-25T05:19:11.192404,0.335
S030,R01,TOTAL,SUCCESS,,2026-09-25T05:19:11.198062,70.379
S030,R02,LOAD,SUCCESS,,2026-09-25T05:19:11.513359,0.081
S030,R02,PREPROCESSING,SUCCESS,,2026-09-25T05:19:11.818910,0.3
S030,R02,ICA,SUCCESS,,2026-09-25T05:20:06.851384,55.027
S030,R02,ICLabel,SUCCESS,,2026-09-25T05:20:13.527356,6.669
S030,R02,PSD,SUCCESS,,2026-09-25T05:20:14.208508,0.605
S030,R02,ALICE,SUCCESS,,2026-09-25T05:20:14.945735,0.731
S030,R02,FEATURES,SUCCESS,,2026-09-25T05:20:17.283066,2.328
S030,R02,FUSION,SUCCESS,,2026-09-25T05:20:20.900034,0.129
S030,R02,NEUROAGENT,SUCCESS,,2026-09-25T05:20:20.974094,0.069
S030,R02,RECONSTRUCTION,SUCCESS,,2026-09-25T05:20:21.116409,0.139
S030,R02,QUALITY,SUCCESS,,2026-09-25T05:20:21.354488,0.233
S030,R02,TOTAL,SUCCESS,,2026-09-25T05:20:21.361590,69.929
S030,R03,LOAD,SUCCESS,,2026-09-25T05:20:21.774006,0.133
S030,R03,PREPROCESSING,SUCCESS,,2026-09-25T05:20:22.262873,0.481
S030,R03,ICA,SUCCESS,,2026-09-25T05:21:39.906432,77.639
S030,R03,ICLabel,SUCCESS,,2026-09-25T05:21:50.137505,10.226
S030,R03,PSD,SUCCESS,,2026-09-25T05:21:51.216001,0.931
S030,R03,ALICE,SUCCESS,,2026-09-25T05:21:52.661869,1.433
S030,R03,FEATURES,SUCCESS,,2026-09-25T05:21:56.549746,3.882
S030,R03,FUSION,SUCCESS,,2026-09-25T05:22:03.969869,0.115
S030,R03,NEUROAGENT,SUCCESS,,2026-09-25T05:22:04.025036,0.047
S030,R03,RECONSTRUCTION,SUCCESS,,2026-09-25T05:22:04.255268,0.219
S030,R03,QUALITY,SUCCESS,,2026-09-25T05:22:05.045793,0.785
S030,R03,TOTAL,SUCCESS,,2026-09-25T05:22:05.051799,103.411
S030,R04,LOAD,SUCCESS,,2026-09-25T05:22:05.516321,0.192
S030,R04,PREPROCESSING,SUCCESS,,2026-09-25T05:22:06.282982,0.758
S030,R04,ICA,SUCCESS,,2026-09-25T05:23:41.113166,94.82
S030,R04,ICLabel,SUCCESS,,2026-09-25T05:23:49.065488,7.946
S030,R04,PSD,SUCCESS,,2026-09-25T05:23:49.975152,0.78
S030,R04,ALICE,SUCCESS,,2026-09-25T05:23:50.902351,0.922
S030,R04,FEATURES,SUCCESS,,2026-09-25T05:23:54.044804,3.138
S030,R04,FUSION,SUCCESS,,2026-09-25T05:24:04.134451,0.196
S030,R04,NEUROAGENT,SUCCESS,,2026-09-25T05:24:04.244894,0.096
S030,R04,RECONSTRUCTION,SUCCESS,,2026-09-25T05:24:04.567785,0.308
S030,R04,QUALITY,SUCCESS,,2026-09-25T05:24:05.370042,0.795
S030,R04,TOTAL,SUCCESS,,2026-09-25T05:24:05.379582,120.056
S030,R05,LOAD,SUCCESS,,2026-09-25T05:24:05.941557,0.199
S030,R05,PREPROCESSING,SUCCESS,,2026-09-25T05:24:06.725651,0.77
S030,R05,ICA,SUCCESS,,2026-09-25T05:25:10.438188,63.707
S030,R05,ICLabel,SUCCESS,,2026-09-25T05:25:18.597329,8.155
S030,R05,PSD,SUCCESS,,2026-09-25T05:25:19.690243,0.955
S030,R05,ALICE,SUCCESS,,2026-09-25T05:25:20.570194,0.873
S030,R05,FEATURES,SUCCESS,,2026-09-25T05:25:23.693740,3.119
S030,R05,FUSION,SUCCESS,,2026-09-25T05:25:36.316127,0.194
S030,R05,NEUROAGENT,SUCCESS,,2026-09-25T05:25:36.391276,0.067
S030,R05,RECONSTRUCTION,SUCCESS,,2026-09-25T05:25:36.750597,0.345
S030,R05,QUALITY,SUCCESS,,2026-09-25T05:25:37.754802,0.994
S030,R05,TOTAL,SUCCESS,,2026-09-25T05:25:37.768430,92.026
S030,R06,LOAD,SUCCESS,,2026-09-25T05:25:38.231440,0.127
S030,R06,PREPROCESSING,SUCCESS,,2026-09-25T05:25:39.163351,0.92
S030,R06,ICA,SUCCESS,,2026-09-25T05:26:37.259319,58.082
S030,R06,ICLabel,SUCCESS,,2026-09-25T05:26:46.166755,8.903
S030,R06,PSD,SUCCESS,,2026-09-25T05:26:46.828431,0.554
S030,R06,ALICE,SUCCESS,,2026-09-25T05:26:47.965309,1.129
S030,R06,FEATURES,SUCCESS,,2026-09-25T05:26:51.187330,3.211
S030,R06,FUSION,SUCCESS,,2026-09-25T05:26:58.246874,0.15
S030,R06,NEUROAGENT,SUCCESS,,2026-09-25T05:26:58.297231,0.041
S030,R06,RECONSTRUCTION,SUCCESS,,2026-09-25T05:26:58.514411,0.21
S030,R06,QUALITY,SUCCESS,,2026-09-25T05:26:59.219379,0.691
S030,R06,TOTAL,SUCCESS,,2026-09-25T05:26:59.228047,81.125
S030,R07,LOAD,SUCCESS,,2026-09-25T05:26:59.678771,0.149
S030,R07,PREPROCESSING,SUCCESS,,2026-09-25T05:27:00.529898,0.841
S030,R07,ICA,SUCCESS,,2026-09-25T05:27:42.459095,41.924
S030,R07,ICLabel,SUCCESS,,2026-09-25T05:27:50.093976,7.631
S030,R07,PSD,SUCCESS,,2026-09-25T05:27:50.819694,0.615
S030,R07,ALICE,SUCCESS,,2026-09-25T05:27:51.898852,1.074
S030,R07,FEATURES,SUCCESS,,2026-09-25T05:27:55.466211,3.562
S030,R07,FUSION,SUCCESS,,2026-09-25T05:28:02.056557,0.163
S030,R07,NEUROAGENT,SUCCESS,,2026-09-25T05:28:02.131510,0.068
S030,R07,RECONSTRUCTION,SUCCESS,,2026-09-25T05:28:02.418150,0.27
S030,R07,QUALITY,SUCCESS,,2026-09-25T05:28:02.726750,0.306
S030,R07,TOTAL,SUCCESS,,2026-09-25T05:28:02.731482,63.202
S030,R08,LOAD,SUCCESS,,2026-09-25T05:28:03.145282,0.12
S030,R08,PREPROCESSING,SUCCESS,,2026-09-25T05:28:03.631363,0.479
S030,R08,ICA,SUCCESS,,2026-09-25T05:29:52.589865,108.953
S030,R08,ICLabel,SUCCESS,,2026-09-25T05:30:02.318796,9.719
S030,R08,PSD,SUCCESS,,2026-09-25T05:30:03.131888,0.695
S030,R08,ALICE,SUCCESS,,2026-09-25T05:30:03.881691,0.743
S030,R08,FEATURES,SUCCESS,,2026-09-25T05:30:07.468460,3.571
S030,R08,FUSION,SUCCESS,,2026-09-25T05:30:13.477838,0.124
S030,R08,NEUROAGENT,SUCCESS,,2026-09-25T05:30:13.553148,0.062
S030,R08,RECONSTRUCTION,SUCCESS,,2026-09-25T05:30:13.709834,0.152
S030,R08,QUALITY,SUCCESS,,2026-09-25T05:30:14.312409,0.599
S030,R08,TOTAL,SUCCESS,,2026-09-25T05:30:14.324242,131.298
S030,R09,LOAD,SUCCESS,,2026-09-25T05:30:14.739241,0.151
S030,R09,PREPROCESSING,SUCCESS,,2026-09-25T05:30:15.383953,0.627
S030,R09,ICA,SUCCESS,,2026-09-25T05:38:21.255294,485.864
S030,R09,ICLabel,SUCCESS,,2026-09-25T05:38:31.021472,9.76
S030,R09,PSD,SUCCESS,,2026-09-25T05:38:31.653482,0.551
S030,R09,ALICE,SUCCESS,,2026-09-25T05:38:32.466441,0.809
S030,R09,FEATURES,SUCCESS,,2026-09-25T05:38:34.821260,2.35
S030,R09,FUSION,SUCCESS,,2026-09-25T05:38:38.502730,0.101
S030,R09,NEUROAGENT,SUCCESS,,2026-09-25T05:38:38.535008,0.027
S030,R09,RECONSTRUCTION,SUCCESS,,2026-09-25T05:38:38.718497,0.174
S030,R09,QUALITY,SUCCESS,,2026-09-25T05:38:39.402682,0.677
S030,R09,TOTAL,SUCCESS,,2026-09-25T05:38:39.413454,504.826
S030,R10,LOAD,SUCCESS,,2026-09-25T05:38:39.809290,0.113
S030,R10,PREPROCESSING,SUCCESS,,2026-09-25T05:38:40.333567,0.517
S030,R10,ICA,SUCCESS,,2026-09-25T05:39:51.417573,71.076
S030,R10,ICLabel,SUCCESS,,2026-09-25T05:40:00.893346,9.47
S030,R10,PSD,SUCCESS,,2026-09-25T05:40:01.528384,0.554
S030,R10,ALICE,SUCCESS,,2026-09-25T05:40:02.490086,0.953
S030,R10,FEATURES,SUCCESS,,2026-09-25T05:40:06.762782,4.266
S030,R10,FUSION,SUCCESS,,2026-09-25T05:40:12.963084,0.107
S030,R10,NEUROAGENT,SUCCESS,,2026-09-25T05:40:12.991071,0.022
S030,R10,RECONSTRUCTION,SUCCESS,,2026-09-25T05:40:13.224523,0.231
S030,R10,QUALITY,SUCCESS,,2026-09-25T05:40:13.871254,0.642
S030,R10,TOTAL,SUCCESS,,2026-09-25T05:40:13.874844,94.178
S030,R11,LOAD,SUCCESS,,2026-09-25T05:40:14.326823,0.16
S030,R11,PREPROCESSING,SUCCESS,,2026-09-25T05:40:15.119017,0.786
S030,R11,ICA,SUCCESS,,2026-09-25T05:42:13.055694,117.932
S030,R11,ICLabel,SUCCESS,,2026-09-25T05:42:20.524374,7.461
S030,R11,PSD,SUCCESS,,2026-09-25T05:42:21.481069,0.85
S030,R11,ALICE,SUCCESS,,2026-09-25T05:42:22.483831,0.988
S030,R11,FEATURES,SUCCESS,,2026-09-25T05:42:26.711541,4.221
S030,R11,FUSION,SUCCESS,,2026-09-25T05:42:34.402603,0.1
S030,R11,NEUROAGENT,SUCCESS,,2026-09-25T05:42:34.468589,0.06
S030,R11,RECONSTRUCTION,SUCCESS,,2026-09-25T05:42:34.640723,0.158
S030,R11,QUALITY,SUCCESS,,2026-09-25T05:42:35.194717,0.548
S030,R11,TOTAL,SUCCESS,,2026-09-25T05:42:35.211036,141.043
S030,R12,LOAD,SUCCESS,,2026-09-25T05:42:35.645390,0.135
S030,R12,PREPROCESSING,SUCCESS,,2026-09-25T05:42:36.293925,0.637
S030,R12,ICA,SUCCESS,,2026-09-25T05:51:14.993785,518.694
S030,R12,ICLabel,SUCCESS,,2026-09-25T05:52:15.845056,60.819
S030,R12,PSD,SUCCESS,,2026-09-25T05:52:19.447901,3.401
S030,R12,ALICE,SUCCESS,,2026-09-25T05:52:30.888622,11.401
S030,R12,FEATURES,SUCCESS,,2026-09-25T05:52:50.614705,19.712
S030,R12,FUSION,SUCCESS,,2026-09-25T05:53:07.235025,1.253
S030,R12,NEUROAGENT,SUCCESS,,2026-09-25T05:53:07.513969,0.238
S030,R12,RECONSTRUCTION,SUCCESS,,2026-09-25T05:53:08.816887,1.249
S030,R12,QUALITY,SUCCESS,,2026-09-25T05:53:10.631729,1.795
S030,R12,TOTAL,SUCCESS,,2026-09-25T05:53:10.655838,635.145
S030,R13,LOAD,SUCCESS,,2026-09-25T05:53:11.446541,0.276
S030,R13,PREPROCESSING,SUCCESS,,2026-09-25T05:53:14.104739,2.633
S030,R13,ICA,SUCCESS,,2026-09-25T05:58:40.137591,326.006
S030,R13,ICLabel,SUCCESS,,2026-09-25T05:58:53.604906,13.457
S030,R13,PSD,SUCCESS,,2026-09-25T05:58:56.027815,2.252
S030,R13,ALICE,SUCCESS,,2026-09-25T05:58:59.495804,3.449
S030,R13,FEATURES,SUCCESS,,2026-09-25T05:59:55.611563,56.09
S030,R13,FUSION,SUCCESS,,2026-09-25T06:00:43.306233,0.141
S030,R13,NEUROAGENT,SUCCESS,,2026-09-25T06:00:43.393542,0.075
S030,R13,RECONSTRUCTION,SUCCESS,,2026-09-25T06:00:44.131132,0.725
S030,R13,QUALITY,SUCCESS,,2026-09-25T06:00:50.481592,6.203
S030,R13,TOTAL,SUCCESS,,2026-09-25T06:00:50.777159,459.607
S030,R14,LOAD,SUCCESS,,2026-09-25T06:00:52.947211,0.969
S030,R14,PREPROCESSING,SUCCESS,,2026-09-25T06:00:56.000225,3.029
S030,R14,LOAD,SUCCESS,,2026-09-25T09:37:53.676004,0.14
S030,R14,PREPROCESSING,SUCCESS,,2026-09-25T09:37:54.768079,1.077
S030,R14,ICA,SUCCESS,,2026-09-25T09:38:55.470614,60.699
S030,R14,ICLabel,SUCCESS,,2026-09-25T09:39:06.821348,11.345
S030,R14,PSD,SUCCESS,,2026-09-25T09:39:07.493989,0.518
S030,R14,ALICE,SUCCESS,,2026-09-25T09:39:07.938168,0.432
S030,R14,FEATURES,SUCCESS,,2026-09-25T09:39:09.114797,1.174
S030,R14,FUSION,SUCCESS,,2026-09-25T09:39:15.583903,0.233
S030,R14,NEUROAGENT,SUCCESS,,2026-09-25T09:39:15.701265,0.103
S030,R14,RECONSTRUCTION,SUCCESS,,2026-09-25T09:39:16.079995,0.365
S030,R14,QUALITY,SUCCESS,,2026-09-25T09:39:16.589287,0.503
S030,R14,TOTAL,SUCCESS,,2026-09-25T09:39:16.593279,83.057
S031,R01,LOAD,SUCCESS,,2026-09-25T09:39:16.844286,0.061
S031,R01,PREPROCESSING,SUCCESS,,2026-09-25T09:39:17.111908,0.263
S031,R01,ICA,SUCCESS,,2026-09-25T09:39:35.483050,18.366
S031,R01,ICLabel,SUCCESS,,2026-09-25T09:39:38.883409,3.396
S031,R01,PSD,SUCCESS,,2026-09-25T09:39:39.210868,0.233
S031,R01,ALICE,SUCCESS,,2026-09-25T09:39:39.507213,0.291
S031,R01,FEATURES,SUCCESS,,2026-09-25T09:39:40.202389,0.691
S031,R01,FUSION,SUCCESS,,2026-09-25T09:39:42.496726,0.12
S031,R01,NEUROAGENT,SUCCESS,,2026-09-25T09:39:42.565383,0.056
S031,R01,RECONSTRUCTION,SUCCESS,,2026-09-25T09:39:42.674103,0.099
S031,R01,QUALITY,SUCCESS,,2026-09-25T09:39:42.882928,0.204
S031,R01,TOTAL,SUCCESS,,2026-09-25T09:39:42.887928,26.105
S031,R02,LOAD,SUCCESS,,2026-09-25T09:39:43.107641,0.063
S031,R02,PREPROCESSING,SUCCESS,,2026-09-25T09:39:43.339406,0.222
S031,R02,ICA,SUCCESS,,2026-09-25T09:40:15.231693,31.887
S031,R02,ICLabel,SUCCESS,,2026-09-25T09:40:22.406312,7.17
S031,R02,PSD,SUCCESS,,2026-09-25T09:40:22.820305,0.3
S031,R02,ALICE,SUCCESS,,2026-09-25T09:40:23.118645,0.292
S031,R02,FEATURES,SUCCESS,,2026-09-25T09:40:23.990473,0.868
S031,R02,FUSION,SUCCESS,,2026-09-25T09:40:26.840831,0.066
S031,R02,NEUROAGENT,SUCCESS,,2026-09-25T09:40:26.923405,0.076
S031,R02,RECONSTRUCTION,SUCCESS,,2026-09-25T09:40:27.079006,0.146
S031,R02,QUALITY,SUCCESS,,2026-09-25T09:40:27.273709,0.191
S031,R02,TOTAL,SUCCESS,,2026-09-25T09:40:27.277632,44.234
S031,R03,LOAD,SUCCESS,,2026-09-25T09:40:27.506986,0.066
S031,R03,PREPROCESSING,SUCCESS,,2026-09-25T09:40:27.848609,0.336
S031,R03,ICA,SUCCESS,,2026-09-25T09:41:44.387562,76.535
S031,R03,ICLabel,SUCCESS,,2026-09-25T09:41:52.314388,7.922
S031,R03,PSD,SUCCESS,,2026-09-25T09:41:53.292510,0.836
S031,R03,ALICE,SUCCESS,,2026-09-25T09:41:55.137193,1.834
S031,R03,FEATURES,SUCCESS,,2026-09-25T09:42:04.492009,9.336
S031,R03,FUSION,SUCCESS,,2026-09-25T09:42:15.440423,0.161
S031,R03,NEUROAGENT,SUCCESS,,2026-09-25T09:42:15.522147,0.064
S031,R03,RECONSTRUCTION,SUCCESS,,2026-09-25T09:42:15.810703,0.28
S031,R03,QUALITY,SUCCESS,,2026-09-25T09:42:16.618336,0.798
S031,R03,TOTAL,SUCCESS,,2026-09-25T09:42:16.639333,109.199
S031,R04,LOAD,SUCCESS,,2026-09-25T09:42:17.088772,0.14
S031,R04,PREPROCESSING,SUCCESS,,2026-09-25T09:42:17.868757,0.76
S031,R04,ICA,SUCCESS,,2026-09-25T09:43:40.815405,82.936
S031,R04,ICLabel,SUCCESS,,2026-09-25T09:44:17.177151,36.348
S031,R04,PSD,SUCCESS,,2026-09-25T09:44:23.103873,5.556
S031,R04,ALICE,SUCCESS,,2026-09-25T09:44:25.342152,2.213
S031,R04,FEATURES,SUCCESS,,2026-09-25T09:44:38.339965,12.981
S031,R04,FUSION,SUCCESS,,2026-09-25T09:44:48.619562,0.224
S031,R04,NEUROAGENT,SUCCESS,,2026-09-25T09:44:48.719032,0.085
S031,R04,RECONSTRUCTION,SUCCESS,,2026-09-25T09:44:49.113329,0.38
S031,R04,QUALITY,SUCCESS,,2026-09-25T09:44:50.039344,0.913
S031,R04,TOTAL,SUCCESS,,2026-09-25T09:44:50.056687,153.107
S031,R05,LOAD,SUCCESS,,2026-09-25T09:44:50.606818,0.154
S031,R05,PREPROCESSING,SUCCESS,,2026-09-25T09:44:51.643979,1.017
S031,R05,ICA,SUCCESS,,2026-09-25T09:46:51.026899,119.373
S031,R05,ICLabel,SUCCESS,,2026-09-25T09:46:54.002566,2.973
S031,R05,PSD,SUCCESS,,2026-09-25T09:46:54.224299,0.175
S031,R05,ALICE,SUCCESS,,2026-09-25T09:46:54.464487,0.237
S031,R05,FEATURES,SUCCESS,,2026-09-25T09:46:55.344724,0.877
S031,R05,FUSION,SUCCESS,,2026-09-25T09:46:57.572524,0.055
S031,R05,NEUROAGENT,SUCCESS,,2026-09-25T09:46:57.612521,0.034
S031,R05,RECONSTRUCTION,SUCCESS,,2026-09-25T09:46:57.755521,0.137
S031,R05,QUALITY,SUCCESS,,2026-09-25T09:46:57.985997,0.226
S031,R05,TOTAL,SUCCESS,,2026-09-25T09:46:57.987999,127.538
S031,R06,LOAD,SUCCESS,,2026-09-25T09:46:58.180930,0.063
S031,R06,PREPROCESSING,SUCCESS,,2026-09-25T09:46:58.408917,0.225
S031,R06,ICA,SUCCESS,,2026-09-25T09:47:30.412323,32.0
S031,R06,ICLabel,SUCCESS,,2026-09-25T09:47:33.288044,2.873
S031,R06,PSD,SUCCESS,,2026-09-25T09:47:33.551801,0.223
S031,R06,ALICE,SUCCESS,,2026-09-25T09:47:33.797485,0.24
S031,R06,FEATURES,SUCCESS,,2026-09-25T09:47:34.781767,0.982
S031,R06,FUSION,SUCCESS,,2026-09-25T09:47:37.615702,0.131
S031,R06,NEUROAGENT,SUCCESS,,2026-09-25T09:47:37.700701,0.07
S031,R06,RECONSTRUCTION,SUCCESS,,2026-09-25T09:47:37.889176,0.176
S031,R06,QUALITY,SUCCESS,,2026-09-25T09:47:38.222960,0.329
S031,R06,TOTAL,SUCCESS,,2026-09-25T09:47:38.227594,40.111
S031,R07,LOAD,SUCCESS,,2026-09-25T09:47:38.489062,0.081
S031,R07,PREPROCESSING,SUCCESS,,2026-09-25T09:47:38.776940,0.281
S031,R07,ICA,SUCCESS,,2026-09-25T09:48:06.643028,27.862
S031,R07,ICLabel,SUCCESS,,2026-09-25T09:48:09.559435,2.914
S031,R07,PSD,SUCCESS,,2026-09-25T09:48:09.818726,0.218
S031,R07,ALICE,SUCCESS,,2026-09-25T09:48:10.018683,0.197
S031,R07,FEATURES,SUCCESS,,2026-09-25T09:48:10.812827,0.792
S031,R07,FUSION,SUCCESS,,2026-09-25T09:48:12.488190,0.053
S031,R07,NEUROAGENT,SUCCESS,,2026-09-25T09:48:12.509188,0.017
S031,R07,RECONSTRUCTION,SUCCESS,,2026-09-25T09:48:12.635651,0.121
S031,R07,QUALITY,SUCCESS,,2026-09-25T09:48:12.846348,0.208
S031,R07,TOTAL,SUCCESS,,2026-09-25T09:48:12.849363,34.442
S031,R08,LOAD,SUCCESS,,2026-09-25T09:48:13.077020,0.082
S031,R08,PREPROCESSING,SUCCESS,,2026-09-25T09:48:13.312124,0.22
S031,R08,ICA,SUCCESS,,2026-09-25T09:48:27.679551,14.363
S031,R08,ICLabel,SUCCESS,,2026-09-25T09:48:29.917531,2.236
S031,R08,PSD,SUCCESS,,2026-09-25T09:48:30.129146,0.182
S031,R08,ALICE,SUCCESS,,2026-09-25T09:48:30.283370,0.153
S031,R08,FEATURES,SUCCESS,,2026-09-25T09:48:31.083823,0.798
S031,R08,FUSION,SUCCESS,,2026-09-25T09:48:32.529625,0.042
S031,R08,NEUROAGENT,SUCCESS,,2026-09-25T09:48:32.554928,0.021
S031,R08,RECONSTRUCTION,SUCCESS,,2026-09-25T09:48:32.652933,0.093
S031,R08,QUALITY,SUCCESS,,2026-09-25T09:48:32.844486,0.189
S031,R08,TOTAL,SUCCESS,,2026-09-25T09:48:32.848485,19.854
S031,R09,LOAD,SUCCESS,,2026-09-25T09:48:33.041489,0.058
S031,R09,PREPROCESSING,SUCCESS,,2026-09-25T09:48:33.264591,0.219
S031,R09,ICA,SUCCESS,,2026-09-25T09:48:49.380494,16.114
S031,R09,ICLabel,SUCCESS,,2026-09-25T09:48:51.695978,2.312
S031,R09,PSD,SUCCESS,,2026-09-25T09:48:51.932403,0.202
S031,R09,ALICE,SUCCESS,,2026-09-25T09:48:52.078856,0.142
S031,R09,FEATURES,SUCCESS,,2026-09-25T09:48:52.764634,0.683
S031,R09,FUSION,SUCCESS,,2026-09-25T09:48:54.283217,0.035
S031,R09,NEUROAGENT,SUCCESS,,2026-09-25T09:48:54.308218,0.021
S031,R09,RECONSTRUCTION,SUCCESS,,2026-09-25T09:48:54.433207,0.121
S031,R09,QUALITY,SUCCESS,,2026-09-25T09:48:54.603717,0.166
S031,R09,TOTAL,SUCCESS,,2026-09-25T09:48:54.605719,21.621
S031,R10,LOAD,SUCCESS,,2026-09-25T09:48:54.860018,0.119
S031,R10,PREPROCESSING,SUCCESS,,2026-09-25T09:48:55.106276,0.235
S031,R10,ICA,SUCCESS,,2026-09-25T09:49:13.544818,18.436
S031,R10,ICLabel,SUCCESS,,2026-09-25T09:49:16.522774,2.974
S031,R10,PSD,SUCCESS,,2026-09-25T09:49:16.785207,0.217
S031,R10,ALICE,SUCCESS,,2026-09-25T09:49:16.982377,0.195
S031,R10,FEATURES,SUCCESS,,2026-09-25T09:49:17.776388,0.791
S031,R10,FUSION,SUCCESS,,2026-09-25T09:49:19.218140,0.044
S031,R10,NEUROAGENT,SUCCESS,,2026-09-25T09:49:19.245967,0.022
S031,R10,RECONSTRUCTION,SUCCESS,,2026-09-25T09:49:19.370967,0.12
S031,R10,QUALITY,SUCCESS,,2026-09-25T09:49:19.539962,0.167
S031,R10,TOTAL,SUCCESS,,2026-09-25T09:49:19.543754,24.803
S031,R11,LOAD,SUCCESS,,2026-09-25T09:49:19.734913,0.056
S031,R11,PREPROCESSING,SUCCESS,,2026-09-25T09:49:19.936800,0.199
S031,R11,ICA,SUCCESS,,2026-09-25T09:49:38.604475,18.664
S031,R11,ICLabel,SUCCESS,,2026-09-25T09:49:40.848890,2.242
S031,R11,PSD,SUCCESS,,2026-09-25T09:49:41.003894,0.127
S031,R11,ALICE,SUCCESS,,2026-09-25T09:49:41.207274,0.2
S031,R11,FEATURES,SUCCESS,,2026-09-25T09:49:42.028331,0.819
S031,R11,FUSION,SUCCESS,,2026-09-25T09:49:45.264130,0.091
S031,R11,NEUROAGENT,SUCCESS,,2026-09-25T09:49:45.324674,0.051
S031,R11,RECONSTRUCTION,SUCCESS,,2026-09-25T09:49:45.470094,0.137
S031,R11,QUALITY,SUCCESS,,2026-09-25T09:49:45.751992,0.278
S031,R11,TOTAL,SUCCESS,,2026-09-25T09:49:45.757994,26.079
S031,R12,LOAD,SUCCESS,,2026-09-25T09:49:46.032365,0.075
S031,R12,PREPROCESSING,SUCCESS,,2026-09-25T09:49:46.304570,0.268
S031,R12,ICA,SUCCESS,,2026-09-25T09:50:06.757400,20.45
S031,R12,ICLabel,SUCCESS,,2026-09-25T09:50:09.598455,2.838
S031,R12,PSD,SUCCESS,,2026-09-25T09:50:09.906062,0.264
S031,R12,ALICE,SUCCESS,,2026-09-25T09:50:10.134137,0.225
S031,R12,FEATURES,SUCCESS,,2026-09-25T09:50:10.952654,0.817
S031,R12,FUSION,SUCCESS,,2026-09-25T09:50:12.981126,0.093
S031,R12,NEUROAGENT,SUCCESS,,2026-09-25T09:50:13.036129,0.046
S031,R12,RECONSTRUCTION,SUCCESS,,2026-09-25T09:50:13.168135,0.122
S031,R12,QUALITY,SUCCESS,,2026-09-25T09:50:13.512501,0.34
S031,R12,TOTAL,SUCCESS,,2026-09-25T09:50:13.519502,27.562
S031,R13,LOAD,SUCCESS,,2026-09-25T09:50:13.816232,0.124
S031,R13,PREPROCESSING,SUCCESS,,2026-09-25T09:50:14.359274,0.532
S031,R13,ICA,SUCCESS,,2026-09-25T09:50:36.274969,21.912
S031,R13,ICLabel,SUCCESS,,2026-09-25T09:50:39.228589,2.952
S031,R13,PSD,SUCCESS,,2026-09-25T09:50:39.477452,0.212
S031,R13,ALICE,SUCCESS,,2026-09-25T09:50:39.707778,0.227
S031,R13,FEATURES,SUCCESS,,2026-09-25T09:50:40.568547,0.859
S031,R13,FUSION,SUCCESS,,2026-09-25T09:50:43.255159,0.147
S031,R13,NEUROAGENT,SUCCESS,,2026-09-25T09:50:43.321360,0.055
S031,R13,RECONSTRUCTION,SUCCESS,,2026-09-25T09:50:43.473479,0.14
S031,R13,QUALITY,SUCCESS,,2026-09-25T09:50:43.817739,0.339
S031,R13,TOTAL,SUCCESS,,2026-09-25T09:50:43.820754,30.129
S031,R14,LOAD,SUCCESS,,2026-09-25T09:50:44.070811,0.074
S031,R14,PREPROCESSING,SUCCESS,,2026-09-25T09:50:44.340227,0.264
S031,R14,ICA,SUCCESS,,2026-09-25T09:51:07.155458,22.812
S031,R14,ICLabel,SUCCESS,,2026-09-25T09:51:10.335524,3.177
S031,R14,PSD,SUCCESS,,2026-09-25T09:51:10.604061,0.224
S031,R14,ALICE,SUCCESS,,2026-09-25T09:51:10.968629,0.361
S031,R14,FEATURES,SUCCESS,,2026-09-25T09:51:11.850752,0.879
S031,R14,FUSION,SUCCESS,,2026-09-25T09:51:13.953179,0.108
S031,R14,NEUROAGENT,SUCCESS,,2026-09-25T09:51:14.023176,0.061
S031,R14,RECONSTRUCTION,SUCCESS,,2026-09-25T09:51:14.228474,0.194
S031,R14,QUALITY,SUCCESS,,2026-09-25T09:51:14.624001,0.391
S031,R14,TOTAL,SUCCESS,,2026-09-25T09:51:14.630605,30.634
S032,R01,LOAD,SUCCESS,,2026-09-25T09:51:14.915342,0.07
S032,R01,PREPROCESSING,SUCCESS,,2026-09-25T09:51:15.135625,0.213
S032,R01,ICA,SUCCESS,,2026-09-25T09:51:35.827365,20.689
S032,R01,ICLabel,SUCCESS,,2026-09-25T09:51:38.561580,2.731
S032,R01,PSD,SUCCESS,,2026-09-25T09:51:38.758619,0.171
S032,R01,ALICE,SUCCESS,,2026-09-25T09:51:38.898170,0.138
S032,R01,FEATURES,SUCCESS,,2026-09-25T09:51:39.352097,0.452
S032,R01,FUSION,SUCCESS,,2026-09-25T09:51:40.277649,0.032
S032,R01,NEUROAGENT,SUCCESS,,2026-09-25T09:51:40.304650,0.024
S032,R01,RECONSTRUCTION,SUCCESS,,2026-09-25T09:51:40.382652,0.075
S032,R01,QUALITY,SUCCESS,,2026-09-25T09:51:40.482023,0.095
S032,R01,TOTAL,SUCCESS,,2026-09-25T09:51:40.484023,25.64
S032,R02,LOAD,SUCCESS,,2026-09-25T09:51:40.660085,0.058
S032,R02,PREPROCESSING,SUCCESS,,2026-09-25T09:51:40.794079,0.13
S032,R02,ICA,SUCCESS,,2026-09-25T09:51:53.599112,12.802
S032,R02,ICLabel,SUCCESS,,2026-09-25T09:51:56.487324,2.885
S032,R02,PSD,SUCCESS,,2026-09-25T09:51:56.683052,0.171
S032,R02,ALICE,SUCCESS,,2026-09-25T09:51:56.822153,0.136
S032,R02,FEATURES,SUCCESS,,2026-09-25T09:51:57.307935,0.484
S032,R02,FUSION,SUCCESS,,2026-09-25T09:51:58.169063,0.035
S032,R02,NEUROAGENT,SUCCESS,,2026-09-25T09:51:58.191066,0.02
S032,R02,RECONSTRUCTION,SUCCESS,,2026-09-25T09:51:58.272546,0.077
S032,R02,QUALITY,SUCCESS,,2026-09-25T09:51:58.383547,0.107
S032,R02,TOTAL,SUCCESS,,2026-09-25T09:51:58.385549,17.785
S032,R03,LOAD,SUCCESS,,2026-09-25T09:51:58.540008,0.043
S032,R03,PREPROCESSING,SUCCESS,,2026-09-25T09:51:58.722528,0.179
S032,R03,ICA,SUCCESS,,2026-09-25T09:52:24.727908,26.001
S032,R03,ICLabel,SUCCESS,,2026-09-25T09:52:27.693210,2.962
S032,R03,PSD,SUCCESS,,2026-09-25T09:52:27.895464,0.168
S032,R03,ALICE,SUCCESS,,2026-09-25T09:52:28.088878,0.191
S032,R03,FEATURES,SUCCESS,,2026-09-25T09:52:28.965792,0.875
S032,R03,FUSION,SUCCESS,,2026-09-25T09:52:30.428375,0.033
S032,R03,NEUROAGENT,SUCCESS,,2026-09-25T09:52:30.456375,0.023
S032,R03,RECONSTRUCTION,SUCCESS,,2026-09-25T09:52:30.587486,0.124
S032,R03,QUALITY,SUCCESS,,2026-09-25T09:52:30.821732,0.23
S032,R03,TOTAL,SUCCESS,,2026-09-25T09:52:30.824670,32.327
S032,R04,LOAD,SUCCESS,,2026-09-25T09:52:31.050438,0.083
S032,R04,PREPROCESSING,SUCCESS,,2026-09-25T09:52:31.318698,0.262
S032,R04,ICA,SUCCESS,,2026-09-25T09:52:51.429717,20.109
S032,R04,ICLabel,SUCCESS,,2026-09-25T09:52:54.335528,2.902
S032,R04,PSD,SUCCESS,,2026-09-25T09:52:54.576405,0.208
S032,R04,ALICE,SUCCESS,,2026-09-25T09:52:54.787625,0.208
S032,R04,FEATURES,SUCCESS,,2026-09-25T09:52:55.618040,0.828
S032,R04,FUSION,SUCCESS,,2026-09-25T09:52:57.249849,0.035
S032,R04,NEUROAGENT,SUCCESS,,2026-09-25T09:52:57.269846,0.017
S032,R04,RECONSTRUCTION,SUCCESS,,2026-09-25T09:52:57.370847,0.098
S032,R04,QUALITY,SUCCESS,,2026-09-25T09:52:57.515942,0.141
S032,R04,TOTAL,SUCCESS,,2026-09-25T09:52:57.517942,26.55
S032,R05,LOAD,SUCCESS,,2026-09-25T09:52:57.833802,0.127
S032,R05,PREPROCESSING,SUCCESS,,2026-09-25T09:52:58.490683,0.648
S032,R05,ICA,SUCCESS,,2026-09-25T09:53:23.398788,24.901
S032,R05,ICLabel,SUCCESS,,2026-09-25T09:53:25.802814,2.401
S032,R05,PSD,SUCCESS,,2026-09-25T09:53:26.132993,0.286
S032,R05,ALICE,SUCCESS,,2026-09-25T09:53:26.387425,0.25
S032,R05,FEATURES,SUCCESS,,2026-09-25T09:53:27.488224,1.099
S032,R05,FUSION,SUCCESS,,2026-09-25T09:53:30.266064,0.193
S032,R05,NEUROAGENT,SUCCESS,,2026-09-25T09:53:30.342171,0.07
S032,R05,RECONSTRUCTION,SUCCESS,,2026-09-25T09:53:30.553035,0.2
S032,R05,QUALITY,SUCCESS,,2026-09-25T09:53:30.999737,0.439
S032,R05,TOTAL,SUCCESS,,2026-09-25T09:53:31.006479,33.3
S032,R06,LOAD,SUCCESS,,2026-09-25T09:53:31.321873,0.066
S032,R06,PREPROCESSING,SUCCESS,,2026-09-25T09:53:31.783405,0.457
S032,R06,ICA,SUCCESS,,2026-09-25T09:54:15.138766,43.351
S032,R06,ICLabel,SUCCESS,,2026-09-25T09:54:18.592974,3.451
S032,R06,PSD,SUCCESS,,2026-09-25T09:54:18.849318,0.216
S032,R06,ALICE,SUCCESS,,2026-09-25T09:54:19.082092,0.23
S032,R06,FEATURES,SUCCESS,,2026-09-25T09:54:19.933736,0.849
S032,R06,FUSION,SUCCESS,,2026-09-25T09:54:21.678004,0.041
S032,R06,NEUROAGENT,SUCCESS,,2026-09-25T09:54:21.704193,0.023
S032,R06,RECONSTRUCTION,SUCCESS,,2026-09-25T09:54:21.819193,0.109
S032,R06,QUALITY,SUCCESS,,2026-09-25T09:54:22.028859,0.206
S032,R06,TOTAL,SUCCESS,,2026-09-25T09:54:22.030868,50.775
S032,R07,LOAD,SUCCESS,,2026-09-25T09:54:22.213378,0.053
S032,R07,PREPROCESSING,SUCCESS,,2026-09-25T09:54:22.445739,0.23
S032,R07,ICA,SUCCESS,,2026-09-25T09:54:52.357941,29.91
S032,R07,ICLabel,SUCCESS,,2026-09-25T09:54:55.016805,2.656
S032,R07,PSD,SUCCESS,,2026-09-25T09:54:55.275608,0.217
S032,R07,ALICE,SUCCESS,,2026-09-25T09:54:55.467865,0.189
S032,R07,FEATURES,SUCCESS,,2026-09-25T09:54:56.304342,0.834
S032,R07,FUSION,SUCCESS,,2026-09-25T09:54:57.982605,0.041
S032,R07,NEUROAGENT,SUCCESS,,2026-09-25T09:54:58.008607,0.022
S032,R07,RECONSTRUCTION,SUCCESS,,2026-09-25T09:54:58.111789,0.099
S032,R07,QUALITY,SUCCESS,,2026-09-25T09:54:58.284283,0.168
S032,R07,TOTAL,SUCCESS,,2026-09-25T09:54:58.286277,36.127
S032,R08,LOAD,SUCCESS,,2026-09-25T09:54:58.473558,0.046
S032,R08,PREPROCESSING,SUCCESS,,2026-09-25T09:54:58.885071,0.409
S032,R08,ICA,SUCCESS,,2026-09-25T09:55:29.829819,30.943
S032,R08,ICLabel,SUCCESS,,2026-09-25T09:55:33.425557,3.59
S032,R08,PSD,SUCCESS,,2026-09-25T09:55:33.749479,0.283
S032,R08,ALICE,SUCCESS,,2026-09-25T09:55:34.023114,0.268
S032,R08,FEATURES,SUCCESS,,2026-09-25T09:55:34.900320,0.875
S032,R08,FUSION,SUCCESS,,2026-09-25T09:55:36.887623,0.054
S032,R08,NEUROAGENT,SUCCESS,,2026-09-25T09:55:36.927263,0.033
S032,R08,RECONSTRUCTION,SUCCESS,,2026-09-25T09:55:37.033987,0.102
S032,R08,QUALITY,SUCCESS,,2026-09-25T09:55:37.201519,0.165
S032,R08,TOTAL,SUCCESS,,2026-09-25T09:55:37.204253,38.776
S032,R09,LOAD,SUCCESS,,2026-09-25T09:55:37.387732,0.06
S032,R09,PREPROCESSING,SUCCESS,,2026-09-25T09:55:37.662844,0.269
S032,R09,ICA,SUCCESS,,2026-09-25T09:55:56.488495,18.823
S032,R09,ICLabel,SUCCESS,,2026-09-25T09:55:59.804902,3.315
S032,R09,PSD,SUCCESS,,2026-09-25T09:56:00.187618,0.309
S032,R09,ALICE,SUCCESS,,2026-09-25T09:56:00.470009,0.278
S032,R09,FEATURES,SUCCESS,,2026-09-25T09:56:01.431645,0.958
S032,R09,FUSION,SUCCESS,,2026-09-25T09:56:04.049969,0.081
S032,R09,NEUROAGENT,SUCCESS,,2026-09-25T09:56:04.108689,0.049
S032,R09,RECONSTRUCTION,SUCCESS,,2026-09-25T09:56:04.232984,0.116
S032,R09,QUALITY,SUCCESS,,2026-09-25T09:56:04.482211,0.246
S032,R09,TOTAL,SUCCESS,,2026-09-25T09:56:04.486104,27.159
S032,R10,LOAD,SUCCESS,,2026-09-25T09:56:04.696775,0.071
S032,R10,PREPROCESSING,SUCCESS,,2026-09-25T09:56:04.942060,0.242
S032,R10,ICA,SUCCESS,,2026-09-25T09:56:33.442234,28.497
S032,R10,ICLabel,SUCCESS,,2026-09-25T09:56:36.266691,2.822
S032,R10,PSD,SUCCESS,,2026-09-25T09:56:36.520505,0.213
S032,R10,ALICE,SUCCESS,,2026-09-25T09:56:36.752222,0.23
S032,R10,FEATURES,SUCCESS,,2026-09-25T09:56:37.626983,0.873
S032,R10,FUSION,SUCCESS,,2026-09-25T09:56:39.213845,0.04
S032,R10,NEUROAGENT,SUCCESS,,2026-09-25T09:56:39.236846,0.019
S032,R10,RECONSTRUCTION,SUCCESS,,2026-09-25T09:56:39.318846,0.079
S032,R10,QUALITY,SUCCESS,,2026-09-25T09:56:39.528491,0.207
S032,R10,TOTAL,SUCCESS,,2026-09-25T09:56:39.534477,34.909
S032,R11,LOAD,SUCCESS,,2026-09-25T09:56:39.807513,0.092
S032,R11,PREPROCESSING,SUCCESS,,2026-09-25T09:56:40.126693,0.308
S032,R11,ICA,SUCCESS,,2026-09-25T09:58:16.919718,96.784
S032,R11,ICLabel,SUCCESS,,2026-09-25T09:58:29.706427,12.777
S032,R11,PSD,SUCCESS,,2026-09-25T09:58:30.515592,0.733
S032,R11,ALICE,SUCCESS,,2026-09-25T09:58:31.428060,0.906
S032,R11,FEATURES,SUCCESS,,2026-09-25T09:58:35.782856,4.347
S032,R11,FUSION,SUCCESS,,2026-09-25T09:58:39.625496,0.076
S032,R11,NEUROAGENT,SUCCESS,,2026-09-25T09:58:39.679891,0.044
S032,R11,RECONSTRUCTION,SUCCESS,,2026-09-25T09:58:39.899027,0.21
S032,R11,QUALITY,SUCCESS,,2026-09-25T09:58:40.483432,0.575
S032,R11,TOTAL,SUCCESS,,2026-09-25T09:58:40.490482,120.774
S032,R12,LOAD,SUCCESS,,2026-09-25T09:58:40.873123,0.129
S032,R12,PREPROCESSING,SUCCESS,,2026-09-25T09:58:41.625579,0.739
S032,R12,ICA,SUCCESS,,2026-09-25T09:59:48.161452,66.529
S032,R12,ICLabel,SUCCESS,,2026-09-25T10:00:00.620429,12.452
S032,R12,PSD,SUCCESS,,2026-09-25T10:00:01.311807,0.617
S032,R12,ALICE,SUCCESS,,2026-09-25T10:00:02.163294,0.841
S032,R12,FEATURES,SUCCESS,,2026-09-25T10:00:06.175941,4.005
S032,R12,FUSION,SUCCESS,,2026-09-25T10:00:09.888792,0.085
S032,R12,NEUROAGENT,SUCCESS,,2026-09-25T10:00:09.941316,0.046
S032,R12,RECONSTRUCTION,SUCCESS,,2026-09-25T10:00:10.185136,0.237
S032,R12,QUALITY,SUCCESS,,2026-09-25T10:00:10.747456,0.556
S032,R12,TOTAL,SUCCESS,,2026-09-25T10:00:10.757715,90.013
S032,R13,LOAD,SUCCESS,,2026-09-25T10:00:11.155247,0.125
S032,R13,PREPROCESSING,SUCCESS,,2026-09-25T10:00:11.843320,0.674
S032,R13,ICA,SUCCESS,,2026-09-25T10:01:20.039027,68.186
S032,R13,ICLabel,SUCCESS,,2026-09-25T10:01:32.578180,12.533
S032,R13,PSD,SUCCESS,,2026-09-25T10:01:33.368791,0.688
S032,R13,ALICE,SUCCESS,,2026-09-25T10:01:34.249309,0.87
S032,R13,FEATURES,SUCCESS,,2026-09-25T10:01:38.390431,4.127
S032,R13,FUSION,SUCCESS,,2026-09-25T10:01:42.113498,0.082
S032,R13,NEUROAGENT,SUCCESS,,2026-09-25T10:01:42.164047,0.044
S032,R13,RECONSTRUCTION,SUCCESS,,2026-09-25T10:01:42.380909,0.209
S032,R13,QUALITY,SUCCESS,,2026-09-25T10:01:42.981146,0.593
S032,R13,TOTAL,SUCCESS,,2026-09-25T10:01:42.992156,91.961
S032,R14,LOAD,SUCCESS,,2026-09-25T10:01:43.429708,0.129
S032,R14,PREPROCESSING,SUCCESS,,2026-09-25T10:01:44.196368,0.75
S032,R14,ICA,SUCCESS,,2026-09-25T10:02:48.964789,64.759
S032,R14,ICLabel,SUCCESS,,2026-09-25T10:03:01.260829,12.287
S032,R14,PSD,SUCCESS,,2026-09-25T10:03:02.016044,0.693
S032,R14,ALICE,SUCCESS,,2026-09-25T10:03:02.928902,0.904
S032,R14,FEATURES,SUCCESS,,2026-09-25T10:03:07.285618,4.346
S032,R14,FUSION,SUCCESS,,2026-09-25T10:03:11.125957,0.096
S032,R14,NEUROAGENT,SUCCESS,,2026-09-25T10:03:11.174467,0.041
S032,R14,RECONSTRUCTION,SUCCESS,,2026-09-25T10:03:11.400365,0.216
S032,R14,QUALITY,SUCCESS,,2026-09-25T10:03:11.984956,0.576
S032,R14,TOTAL,SUCCESS,,2026-09-25T10:03:11.992592,88.693
S033,R01,LOAD,SUCCESS,,2026-09-25T10:03:12.388589,0.1
S033,R01,PREPROCESSING,SUCCESS,,2026-09-25T10:03:12.948458,0.538
S033,R01,ICA,SUCCESS,,2026-09-25T10:04:04.429287,51.473
S033,R01,ICLabel,SUCCESS,,2026-09-25T10:04:16.641813,12.204
S033,R01,PSD,SUCCESS,,2026-09-25T10:04:17.153336,0.464
S033,R01,ALICE,SUCCESS,,2026-09-25T10:04:17.967477,0.806
S033,R01,FEATURES,SUCCESS,,2026-09-25T10:04:20.948833,2.971
S033,R01,FUSION,SUCCESS,,2026-09-25T10:04:23.383811,0.091
S033,R01,NEUROAGENT,SUCCESS,,2026-09-25T10:04:23.432616,0.041
S033,R01,RECONSTRUCTION,SUCCESS,,2026-09-25T10:04:23.575725,0.134
S033,R01,QUALITY,SUCCESS,,2026-09-25T10:04:23.872546,0.288
S033,R01,TOTAL,SUCCESS,,2026-09-25T10:04:23.880585,71.59
S033,R02,LOAD,SUCCESS,,2026-09-25T10:04:24.269307,0.09
S033,R02,PREPROCESSING,SUCCESS,,2026-09-25T10:04:24.719072,0.438
S033,R02,ICA,SUCCESS,,2026-09-25T10:06:01.323563,96.597
S033,R02,ICLabel,SUCCESS,,2026-09-25T10:06:13.184316,11.854
S033,R02,PSD,SUCCESS,,2026-09-25T10:06:13.677447,0.444
S033,R02,ALICE,SUCCESS,,2026-09-25T10:06:14.321180,0.634
S033,R02,FEATURES,SUCCESS,,2026-09-25T10:06:16.687230,2.359
S033,R02,FUSION,SUCCESS,,2026-09-25T10:06:19.053240,0.092
S033,R02,NEUROAGENT,SUCCESS,,2026-09-25T10:06:19.113272,0.05
S033,R02,RECONSTRUCTION,SUCCESS,,2026-09-25T10:06:19.277651,0.157
S033,R02,QUALITY,SUCCESS,,2026-09-25T10:06:19.592769,0.305
S033,R02,TOTAL,SUCCESS,,2026-09-25T10:06:19.604293,115.424
S033,R03,LOAD,SUCCESS,,2026-09-25T10:06:20.097559,0.148
S033,R03,PREPROCESSING,SUCCESS,,2026-09-25T10:06:20.842257,0.716
S033,R03,ICA,SUCCESS,,2026-09-25T10:07:46.224790,85.372
S033,R03,ICLabel,SUCCESS,,2026-09-25T10:07:58.628571,12.396
S033,R03,PSD,SUCCESS,,2026-09-25T10:07:59.430447,0.726
S033,R03,ALICE,SUCCESS,,2026-09-25T10:08:00.341886,0.904
S033,R03,FEATURES,SUCCESS,,2026-09-25T10:08:05.070267,4.719
S033,R03,FUSION,SUCCESS,,2026-09-25T10:08:08.891653,0.087
S033,R03,NEUROAGENT,SUCCESS,,2026-09-25T10:08:08.940815,0.041
S033,R03,RECONSTRUCTION,SUCCESS,,2026-09-25T10:08:09.183994,0.23
S033,R03,QUALITY,SUCCESS,,2026-09-25T10:08:09.853064,0.657
S033,R03,TOTAL,SUCCESS,,2026-09-25T10:08:09.864190,109.915
S033,R04,LOAD,SUCCESS,,2026-09-25T10:08:10.352992,0.18
S033,R04,PREPROCESSING,SUCCESS,,2026-09-25T10:08:11.266450,0.893
S033,R04,ICA,SUCCESS,,2026-09-25T10:09:54.810553,103.538
S033,R04,ICLabel,SUCCESS,,2026-09-25T10:10:07.880046,13.061
S033,R04,PSD,SUCCESS,,2026-09-25T10:10:08.758863,0.797
S033,R04,ALICE,SUCCESS,,2026-09-25T10:10:11.568629,2.795
S033,R04,FEATURES,SUCCESS,,2026-09-25T10:10:28.137094,16.521
S033,R04,FUSION,SUCCESS,,2026-09-25T10:10:39.785839,0.191
S033,R04,NEUROAGENT,SUCCESS,,2026-09-25T10:10:39.884627,0.09
S033,R04,RECONSTRUCTION,SUCCESS,,2026-09-25T10:10:40.263371,0.366
S033,R04,QUALITY,SUCCESS,,2026-09-25T10:10:41.411812,1.133
S033,R04,TOTAL,SUCCESS,,2026-09-25T10:10:41.427046,151.254
S033,R05,LOAD,SUCCESS,,2026-09-25T10:10:42.381707,0.509
S033,R05,PREPROCESSING,SUCCESS,,2026-09-25T10:10:43.265603,0.865
S033,R05,ICA,SUCCESS,,2026-09-25T10:12:09.042159,85.769
S033,R05,ICLabel,SUCCESS,,2026-09-25T10:12:21.207518,12.156
S033,R05,PSD,SUCCESS,,2026-09-25T10:12:21.915341,0.639
S033,R05,ALICE,SUCCESS,,2026-09-25T10:12:22.921583,0.994
S033,R05,FEATURES,SUCCESS,,2026-09-25T10:12:27.038527,4.109
S033,R05,FUSION,SUCCESS,,2026-09-25T10:12:30.837361,0.085
S033,R05,NEUROAGENT,SUCCESS,,2026-09-25T10:12:30.884826,0.04
S033,R05,RECONSTRUCTION,SUCCESS,,2026-09-25T10:12:31.098782,0.205
S033,R05,QUALITY,SUCCESS,,2026-09-25T10:12:31.623762,0.517
S033,R05,TOTAL,SUCCESS,,2026-09-25T10:12:31.633746,109.763
S033,R06,LOAD,SUCCESS,,2026-09-25T10:12:32.033731,0.113
S033,R06,PREPROCESSING,SUCCESS,,2026-09-25T10:12:32.725024,0.681
S033,R06,ICA,SUCCESS,,2026-09-25T10:13:07.149712,34.418
S033,R06,ICLabel,SUCCESS,,2026-09-25T10:13:12.141936,4.981
S033,R06,PSD,SUCCESS,,2026-09-25T10:13:12.482448,0.275
S033,R06,ALICE,SUCCESS,,2026-09-25T10:13:12.785728,0.298
S033,R06,FEATURES,SUCCESS,,2026-09-25T10:13:14.408484,1.621
S033,R06,FUSION,SUCCESS,,2026-09-25T10:13:22.189138,0.093
S033,R06,NEUROAGENT,SUCCESS,,2026-09-25T10:13:22.242155,0.044
S033,R06,RECONSTRUCTION,SUCCESS,,2026-09-25T10:13:22.508099,0.256
S033,R06,QUALITY,SUCCESS,,2026-09-25T10:13:23.233281,0.716
S033,R06,TOTAL,SUCCESS,,2026-09-25T10:13:23.246390,51.326
S033,R07,LOAD,SUCCESS,,2026-09-25T10:13:23.739600,0.167
S033,R07,PREPROCESSING,SUCCESS,,2026-09-25T10:13:24.635381,0.88
S033,R07,ICA,SUCCESS,,2026-09-25T10:14:26.890622,62.248
S033,R07,ICLabel,SUCCESS,,2026-09-25T10:14:39.578213,12.68
S033,R07,PSD,SUCCESS,,2026-09-25T10:14:40.276560,0.625
S033,R07,ALICE,SUCCESS,,2026-09-25T10:14:41.196347,0.913
S033,R07,FEATURES,SUCCESS,,2026-09-25T10:14:45.387938,4.185
S033,R07,FUSION,SUCCESS,,2026-09-25T10:14:49.165972,0.088
S033,R07,NEUROAGENT,SUCCESS,,2026-09-25T10:14:49.214950,0.041
S033,R07,RECONSTRUCTION,SUCCESS,,2026-09-25T10:14:49.429783,0.207
S033,R07,QUALITY,SUCCESS,,2026-09-25T10:14:50.043462,0.606
S033,R07,TOTAL,SUCCESS,,2026-09-25T10:14:50.059446,86.488
S033,R08,LOAD,SUCCESS,,2026-09-25T10:14:50.479398,0.134
S033,R08,PREPROCESSING,SUCCESS,,2026-09-25T10:14:51.162365,0.672
S033,R08,ICA,SUCCESS,,2026-09-25T10:15:43.719236,52.548
S033,R08,ICLabel,SUCCESS,,2026-09-25T10:15:56.758064,13.03
S033,R08,PSD,SUCCESS,,2026-09-25T10:15:57.499272,0.653
S033,R08,ALICE,SUCCESS,,2026-09-25T10:15:58.448237,0.941
S033,R08,FEATURES,SUCCESS,,2026-09-25T10:16:03.016642,4.565
S033,R08,FUSION,SUCCESS,,2026-09-25T10:16:06.814615,0.081
S033,R08,NEUROAGENT,SUCCESS,,2026-09-25T10:16:06.867208,0.046
S033,R08,RECONSTRUCTION,SUCCESS,,2026-09-25T10:16:07.083927,0.209
S033,R08,QUALITY,SUCCESS,,2026-09-25T10:16:07.653898,0.562
S033,R08,TOTAL,SUCCESS,,2026-09-25T10:16:07.664885,77.32
S033,R09,LOAD,SUCCESS,,2026-09-25T10:16:08.133751,0.118
S033,R09,PREPROCESSING,SUCCESS,,2026-09-25T10:16:08.941945,0.773
S033,R09,ICA,SUCCESS,,2026-09-25T10:17:11.751002,62.8
S033,R09,ICLabel,SUCCESS,,2026-09-25T10:17:23.408672,11.647
S033,R09,PSD,SUCCESS,,2026-09-25T10:17:23.672223,0.228
S033,R09,ALICE,SUCCESS,,2026-09-25T10:17:23.915117,0.239
S033,R09,FEATURES,SUCCESS,,2026-09-25T10:17:24.846298,0.925
S033,R09,FUSION,SUCCESS,,2026-09-25T10:17:26.133427,0.029
S033,R09,NEUROAGENT,SUCCESS,,2026-09-25T10:17:26.150436,0.014
S033,R09,RECONSTRUCTION,SUCCESS,,2026-09-25T10:17:26.237429,0.084
S033,R09,QUALITY,SUCCESS,,2026-09-25T10:17:26.377278,0.137
S033,R09,TOTAL,SUCCESS,,2026-09-25T10:17:26.379280,78.369
S033,R10,LOAD,SUCCESS,,2026-09-25T10:17:26.502970,0.031
S033,R10,PREPROCESSING,SUCCESS,,2026-09-25T10:17:26.644618,0.138
S033,R10,ICA,SUCCESS,,2026-09-25T10:18:38.079447,71.433
S033,R10,ICLabel,SUCCESS,,2026-09-25T10:18:50.621357,12.533
S033,R10,PSD,SUCCESS,,2026-09-25T10:18:51.303865,0.608
S033,R10,ALICE,SUCCESS,,2026-09-25T10:18:52.221128,0.908
S033,R10,FEATURES,SUCCESS,,2026-09-25T10:18:56.383515,4.155
S033,R10,FUSION,SUCCESS,,2026-09-25T10:19:00.319126,0.088
S033,R10,NEUROAGENT,SUCCESS,,2026-09-25T10:19:00.370283,0.044
S033,R10,RECONSTRUCTION,SUCCESS,,2026-09-25T10:19:00.577998,0.2
S033,R10,QUALITY,SUCCESS,,2026-09-25T10:19:01.138134,0.551
S033,R10,TOTAL,SUCCESS,,2026-09-25T10:19:01.144226,94.672
S033,R11,LOAD,SUCCESS,,2026-09-25T10:19:01.581217,0.108
S033,R11,PREPROCESSING,SUCCESS,,2026-09-25T10:19:02.259785,0.668
S033,R11,ICA,SUCCESS,,2026-09-25T10:20:04.200968,61.934
S033,R11,ICLabel,SUCCESS,,2026-09-25T10:20:16.640708,12.432
S033,R11,PSD,SUCCESS,,2026-09-25T10:20:17.398758,0.674
S033,R11,ALICE,SUCCESS,,2026-09-25T10:20:18.276897,0.87
S033,R11,FEATURES,SUCCESS,,2026-09-25T10:20:22.375454,4.091
S033,R11,FUSION,SUCCESS,,2026-09-25T10:20:26.131493,0.081
S033,R11,NEUROAGENT,SUCCESS,,2026-09-25T10:20:26.178253,0.041
S033,R11,RECONSTRUCTION,SUCCESS,,2026-09-25T10:20:26.401048,0.215
S033,R11,QUALITY,SUCCESS,,2026-09-25T10:20:26.941094,0.532
S033,R11,TOTAL,SUCCESS,,2026-09-25T10:20:26.953962,85.481
S033,R12,LOAD,SUCCESS,,2026-09-25T10:20:27.358610,0.114
S033,R12,PREPROCESSING,SUCCESS,,2026-09-25T10:20:28.059049,0.688
S033,R12,ICA,SUCCESS,,2026-09-25T10:21:29.384867,61.319
S033,R12,ICLabel,SUCCESS,,2026-09-25T10:21:42.211254,12.818
S033,R12,PSD,SUCCESS,,2026-09-25T10:21:42.944569,0.66
S033,R12,ALICE,SUCCESS,,2026-09-25T10:21:43.829253,0.877
S033,R12,FEATURES,SUCCESS,,2026-09-25T10:21:47.839347,4.002
S033,R12,FUSION,SUCCESS,,2026-09-25T10:21:51.511836,0.087
S033,R12,NEUROAGENT,SUCCESS,,2026-09-25T10:21:51.565650,0.045
S033,R12,RECONSTRUCTION,SUCCESS,,2026-09-25T10:21:51.771848,0.199
S033,R12,QUALITY,SUCCESS,,2026-09-25T10:21:52.332185,0.554
S033,R12,TOTAL,SUCCESS,,2026-09-25T10:21:52.345461,85.101
S033,R13,LOAD,SUCCESS,,2026-09-25T10:21:52.733114,0.125
S033,R13,PREPROCESSING,SUCCESS,,2026-09-25T10:21:53.455146,0.71
S033,R13,ICA,SUCCESS,,2026-09-25T10:22:52.567751,59.104
S033,R13,ICLabel,SUCCESS,,2026-09-25T10:23:05.593336,13.017
S033,R13,PSD,SUCCESS,,2026-09-25T10:23:06.326989,0.641
S033,R13,ALICE,SUCCESS,,2026-09-25T10:23:07.248027,0.908
S033,R13,FEATURES,SUCCESS,,2026-09-25T10:23:11.504505,4.25
S033,R13,FUSION,SUCCESS,,2026-09-25T10:23:15.303116,0.088
S033,R13,NEUROAGENT,SUCCESS,,2026-09-25T10:23:15.352545,0.042
S033,R13,RECONSTRUCTION,SUCCESS,,2026-09-25T10:23:15.636223,0.275
S033,R13,QUALITY,SUCCESS,,2026-09-25T10:23:16.276632,0.627
S033,R13,TOTAL,SUCCESS,,2026-09-25T10:23:16.282728,83.675
S033,R14,LOAD,SUCCESS,,2026-09-25T10:23:16.678966,0.124
S033,R14,PREPROCESSING,SUCCESS,,2026-09-25T10:23:17.456059,0.762
S033,R14,ICA,SUCCESS,,2026-09-25T10:24:31.397056,73.933
S033,R14,ICLabel,SUCCESS,,2026-09-25T10:24:44.367884,12.963
S033,R14,PSD,SUCCESS,,2026-09-25T10:24:45.063466,0.622
S033,R14,ALICE,SUCCESS,,2026-09-25T10:24:45.933969,0.861
S033,R14,FEATURES,SUCCESS,,2026-09-25T10:24:50.108482,4.168
S033,R14,FUSION,SUCCESS,,2026-09-25T10:24:53.793981,0.079
S033,R14,NEUROAGENT,SUCCESS,,2026-09-25T10:24:53.841121,0.04
S033,R14,RECONSTRUCTION,SUCCESS,,2026-09-25T10:24:54.061154,0.211
S033,R14,QUALITY,SUCCESS,,2026-09-25T10:24:54.685882,0.617
S033,R14,TOTAL,SUCCESS,,2026-09-25T10:24:54.699578,98.145
S034,R01,LOAD,SUCCESS,,2026-09-25T10:24:55.181622,0.087
S034,R01,PREPROCESSING,SUCCESS,,2026-09-25T10:24:55.728259,0.534
S034,R01,ICA,SUCCESS,,2026-09-25T10:25:36.652653,40.917
S034,R01,ICLabel,SUCCESS,,2026-09-25T10:25:48.882641,12.221
S034,R01,PSD,SUCCESS,,2026-09-25T10:25:49.350227,0.418
S034,R01,ALICE,SUCCESS,,2026-09-25T10:25:50.088052,0.727
S034,R01,FEATURES,SUCCESS,,2026-09-25T10:25:52.531816,2.433
S034,R01,FUSION,SUCCESS,,2026-09-25T10:25:54.764586,0.083
S034,R01,NEUROAGENT,SUCCESS,,2026-09-25T10:25:54.811566,0.04
S034,R01,RECONSTRUCTION,SUCCESS,,2026-09-25T10:25:54.961944,0.143
S034,R01,QUALITY,SUCCESS,,2026-09-25T10:25:55.264140,0.293
S034,R01,TOTAL,SUCCESS,,2026-09-25T10:25:55.280251,60.185
S034,R02,LOAD,SUCCESS,,2026-09-25T10:25:55.656277,0.094
S034,R02,PREPROCESSING,SUCCESS,,2026-09-25T10:25:56.148322,0.481
S034,R02,ICA,SUCCESS,,2026-09-25T10:27:16.166124,80.009
S034,R02,ICLabel,SUCCESS,,2026-09-25T10:27:28.201046,12.029
S034,R02,PSD,SUCCESS,,2026-09-25T10:27:28.634627,0.385
S034,R02,ALICE,SUCCESS,,2026-09-25T10:27:29.249274,0.608
S034,R02,FEATURES,SUCCESS,,2026-09-25T10:27:31.505810,2.249
S034,R02,FUSION,SUCCESS,,2026-09-25T10:27:33.729627,0.085
S034,R02,NEUROAGENT,SUCCESS,,2026-09-25T10:27:33.780619,0.043
S034,R02,RECONSTRUCTION,SUCCESS,,2026-09-25T10:27:33.914344,0.127
S034,R02,QUALITY,SUCCESS,,2026-09-25T10:27:34.187952,0.266
S034,R02,TOTAL,SUCCESS,,2026-09-25T10:27:34.197927,98.635
S034,R03,LOAD,SUCCESS,,2026-09-25T10:27:34.566868,0.102
S034,R03,PREPROCESSING,SUCCESS,,2026-09-25T10:27:35.239790,0.661
S034,R03,ICA,SUCCESS,,2026-09-25T10:28:31.658821,56.412
S034,R03,ICLabel,SUCCESS,,2026-09-25T10:28:43.844654,12.178
S034,R03,PSD,SUCCESS,,2026-09-25T10:28:44.549372,0.632
S034,R03,ALICE,SUCCESS,,2026-09-25T10:28:45.510455,0.954
S034,R03,FEATURES,SUCCESS,,2026-09-25T10:28:49.542751,4.022
S034,R03,FUSION,SUCCESS,,2026-09-25T10:28:53.222379,0.095
S034,R03,NEUROAGENT,SUCCESS,,2026-09-25T10:28:53.280274,0.05
S034,R03,RECONSTRUCTION,SUCCESS,,2026-09-25T10:28:53.504006,0.215
S034,R03,QUALITY,SUCCESS,,2026-09-25T10:28:54.214407,0.703
S034,R03,TOTAL,SUCCESS,,2026-09-25T10:28:54.230177,79.764
S034,R04,LOAD,SUCCESS,,2026-09-25T10:28:54.774076,0.212
S034,R04,PREPROCESSING,SUCCESS,,2026-09-25T10:28:55.601914,0.811
S034,R04,ICA,SUCCESS,,2026-09-25T10:30:29.488991,93.878
S034,R04,ICLabel,SUCCESS,,2026-09-25T10:30:42.269531,12.773
S034,R04,PSD,SUCCESS,,2026-09-25T10:30:42.983120,0.64
S034,R04,ALICE,SUCCESS,,2026-09-25T10:30:43.882197,0.892
S034,R04,FEATURES,SUCCESS,,2026-09-25T10:30:47.955907,4.067
S034,R04,FUSION,SUCCESS,,2026-09-25T10:30:51.700365,0.084
S034,R04,NEUROAGENT,SUCCESS,,2026-09-25T10:30:51.752380,0.044
S034,R04,RECONSTRUCTION,SUCCESS,,2026-09-25T10:30:52.042588,0.282
S034,R04,QUALITY,SUCCESS,,2026-09-25T10:30:52.594377,0.544
S034,R04,TOTAL,SUCCESS,,2026-09-25T10:30:52.608181,118.047
S034,R05,LOAD,SUCCESS,,2026-09-25T10:30:52.984993,0.128
S034,R05,PREPROCESSING,SUCCESS,,2026-09-25T10:30:53.774915,0.775
S034,R05,ICA,SUCCESS,,2026-09-25T10:31:59.924244,66.139
S034,R05,ICLabel,SUCCESS,,2026-09-25T10:32:12.195026,12.264
S034,R05,PSD,SUCCESS,,2026-09-25T10:32:12.905961,0.632
S034,R05,ALICE,SUCCESS,,2026-09-25T10:32:13.825870,0.911
S034,R05,FEATURES,SUCCESS,,2026-09-25T10:32:18.122914,4.289
S034,R05,FUSION,SUCCESS,,2026-09-25T10:32:21.818113,0.079
S034,R05,NEUROAGENT,SUCCESS,,2026-09-25T10:32:21.873243,0.046
S034,R05,RECONSTRUCTION,SUCCESS,,2026-09-25T10:32:22.081983,0.203
S034,R05,QUALITY,SUCCESS,,2026-09-25T10:32:22.736032,0.649
S034,R05,TOTAL,SUCCESS,,2026-09-25T10:32:22.751575,89.896
S034,R06,LOAD,SUCCESS,,2026-09-25T10:32:23.163447,0.118
S034,R06,PREPROCESSING,SUCCESS,,2026-09-25T10:32:23.969649,0.789
S034,R06,ICA,SUCCESS,,2026-09-25T10:33:17.627069,53.647
S034,R06,ICLabel,SUCCESS,,2026-09-25T10:33:30.258796,12.623
S034,R06,PSD,SUCCESS,,2026-09-25T10:33:30.954030,0.622
S034,R06,ALICE,SUCCESS,,2026-09-25T10:33:31.877111,0.916
S034,R06,FEATURES,SUCCESS,,2026-09-25T10:33:36.128165,4.244
S034,R06,FUSION,SUCCESS,,2026-09-25T10:33:39.734981,0.075
S034,R06,NEUROAGENT,SUCCESS,,2026-09-25T10:33:39.784552,0.041
S034,R06,RECONSTRUCTION,SUCCESS,,2026-09-25T10:33:40.009372,0.216
S034,R06,QUALITY,SUCCESS,,2026-09-25T10:33:40.705343,0.68
S034,R06,TOTAL,SUCCESS,,2026-09-25T10:33:40.722887,77.677
S034,R07,LOAD,SUCCESS,,2026-09-25T10:33:41.157739,0.112
S034,R07,PREPROCESSING,SUCCESS,,2026-09-25T10:33:42.001334,0.816
S034,R07,ICA,SUCCESS,,2026-09-25T10:34:06.710236,24.7
S034,R07,ICLabel,SUCCESS,,2026-09-25T10:34:09.322416,2.61
S034,R07,PSD,SUCCESS,,2026-09-25T10:34:09.566256,0.211
S034,R07,ALICE,SUCCESS,,2026-09-25T10:34:09.799862,0.23
S034,R07,FEATURES,SUCCESS,,2026-09-25T10:34:10.706674,0.905
S034,R07,FUSION,SUCCESS,,2026-09-25T10:34:12.322668,0.022
S034,R07,NEUROAGENT,SUCCESS,,2026-09-25T10:34:12.349673,0.024
S034,R07,RECONSTRUCTION,SUCCESS,,2026-09-25T10:34:12.471421,0.117
S034,R07,QUALITY,SUCCESS,,2026-09-25T10:34:12.648822,0.174
S034,R07,TOTAL,SUCCESS,,2026-09-25T10:34:12.651830,31.607
S034,R08,LOAD,SUCCESS,,2026-09-25T10:34:12.850595,0.049
S034,R08,PREPROCESSING,SUCCESS,,2026-09-25T10:34:13.041520,0.187
S034,R08,ICA,SUCCESS,,2026-09-25T10:34:37.492289,24.449
S034,R08,ICLabel,SUCCESS,,2026-09-25T10:34:39.664191,2.17
S034,R08,PSD,SUCCESS,,2026-09-25T10:34:39.884226,0.188
S034,R08,ALICE,SUCCESS,,2026-09-25T10:34:40.055344,0.169
S034,R08,FEATURES,SUCCESS,,2026-09-25T10:34:40.682973,0.627
S034,R08,FUSION,SUCCESS,,2026-09-25T10:34:41.819002,0.033
S034,R08,NEUROAGENT,SUCCESS,,2026-09-25T10:34:41.838998,0.017
S034,R08,RECONSTRUCTION,SUCCESS,,2026-09-25T10:34:41.943144,0.101
S034,R08,QUALITY,SUCCESS,,2026-09-25T10:34:42.108037,0.163
S034,R08,TOTAL,SUCCESS,,2026-09-25T10:34:42.110037,29.308
S034,R09,LOAD,SUCCESS,,2026-09-25T10:34:42.308072,0.065
S034,R09,PREPROCESSING,SUCCESS,,2026-09-25T10:34:42.586324,0.275
S034,R09,ICA,SUCCESS,,2026-09-25T10:34:58.527610,15.938
S034,R09,ICLabel,SUCCESS,,2026-09-25T10:35:01.064723,2.535
S034,R09,PSD,SUCCESS,,2026-09-25T10:35:01.310511,0.205
S034,R09,ALICE,SUCCESS,,2026-09-25T10:35:01.498957,0.186
S034,R09,FEATURES,SUCCESS,,2026-09-25T10:35:02.251528,0.751
S034,R09,FUSION,SUCCESS,,2026-09-25T10:35:03.750106,0.032
S034,R09,NEUROAGENT,SUCCESS,,2026-09-25T10:35:03.775106,0.023
S034,R09,RECONSTRUCTION,SUCCESS,,2026-09-25T10:35:03.897105,0.118
S034,R09,QUALITY,SUCCESS,,2026-09-25T10:35:04.070357,0.17
S034,R09,TOTAL,SUCCESS,,2026-09-25T10:35:04.074994,21.832
S034,R10,LOAD,SUCCESS,,2026-09-25T10:35:04.265721,0.062
S034,R10,PREPROCESSING,SUCCESS,,2026-09-25T10:35:04.467251,0.198
S034,R10,ICA,SUCCESS,,2026-09-25T10:35:21.065848,16.597
S034,R10,ICLabel,SUCCESS,,2026-09-25T10:35:23.662309,2.594
S034,R10,PSD,SUCCESS,,2026-09-25T10:35:23.876516,0.182
S034,R10,ALICE,SUCCESS,,2026-09-25T10:35:24.056574,0.179
S034,R10,FEATURES,SUCCESS,,2026-09-25T10:35:24.805535,0.747
S034,R10,FUSION,SUCCESS,,2026-09-25T10:35:26.249128,0.044
S034,R10,NEUROAGENT,SUCCESS,,2026-09-25T10:35:26.273985,0.021
S034,R10,RECONSTRUCTION,SUCCESS,,2026-09-25T10:35:26.377987,0.1
S034,R10,QUALITY,SUCCESS,,2026-09-25T10:35:26.555018,0.174
S034,R10,TOTAL,SUCCESS,,2026-09-25T10:35:26.558421,22.355
S034,R11,LOAD,SUCCESS,,2026-09-25T10:35:26.742444,0.057
S034,R11,PREPROCESSING,SUCCESS,,2026-09-25T10:35:26.938661,0.193
S034,R11,ICA,SUCCESS,,2026-09-25T10:35:44.749859,17.805
S034,R11,ICLabel,SUCCESS,,2026-09-25T10:35:47.655865,2.902
S034,R11,PSD,SUCCESS,,2026-09-25T10:35:47.848389,0.156
S034,R11,ALICE,SUCCESS,,2026-09-25T10:35:48.033459,0.182
S034,R11,FEATURES,SUCCESS,,2026-09-25T10:35:48.841718,0.805
S034,R11,FUSION,SUCCESS,,2026-09-25T10:35:50.567688,0.068
S034,R11,NEUROAGENT,SUCCESS,,2026-09-25T10:35:50.599828,0.026
S034,R11,RECONSTRUCTION,SUCCESS,,2026-09-25T10:35:50.724833,0.118
S034,R11,QUALITY,SUCCESS,,2026-09-25T10:35:50.956839,0.229
S034,R11,TOTAL,SUCCESS,,2026-09-25T10:35:50.959905,24.274
S034,R12,LOAD,SUCCESS,,2026-09-25T10:35:51.175724,0.073
S034,R12,PREPROCESSING,SUCCESS,,2026-09-25T10:35:51.449891,0.267
S034,R12,ICA,SUCCESS,,2026-09-25T10:36:12.647271,21.193
S034,R12,ICLabel,SUCCESS,,2026-09-25T10:36:14.929731,2.279
S034,R12,PSD,SUCCESS,,2026-09-25T10:36:15.165530,0.2
S034,R12,ALICE,SUCCESS,,2026-09-25T10:36:15.362379,0.195
S034,R12,FEATURES,SUCCESS,,2026-09-25T10:36:16.220050,0.856
S034,R12,FUSION,SUCCESS,,2026-09-25T10:36:17.930144,0.076
S034,R12,NEUROAGENT,SUCCESS,,2026-09-25T10:36:17.965329,0.029
S034,R12,RECONSTRUCTION,SUCCESS,,2026-09-25T10:36:18.086930,0.117
S034,R12,QUALITY,SUCCESS,,2026-09-25T10:36:18.317263,0.226
S034,R12,TOTAL,SUCCESS,,2026-09-25T10:36:18.320264,27.219
S034,R13,LOAD,SUCCESS,,2026-09-25T10:36:18.519476,0.062
S034,R13,PREPROCESSING,SUCCESS,,2026-09-25T10:36:18.748625,0.226
S034,R13,ICA,SUCCESS,,2026-09-25T10:36:34.376523,15.624
S034,R13,ICLabel,SUCCESS,,2026-09-25T10:36:37.291166,2.911
S034,R13,PSD,SUCCESS,,2026-09-25T10:36:37.516809,0.186
S034,R13,ALICE,SUCCESS,,2026-09-25T10:36:37.698338,0.181
S034,R13,FEATURES,SUCCESS,,2026-09-25T10:36:38.488190,0.787
S034,R13,FUSION,SUCCESS,,2026-09-25T10:36:40.306390,0.078
S034,R13,NEUROAGENT,SUCCESS,,2026-09-25T10:36:40.343733,0.031
S034,R13,RECONSTRUCTION,SUCCESS,,2026-09-25T10:36:40.459736,0.112
S034,R13,QUALITY,SUCCESS,,2026-09-25T10:36:40.689880,0.227
S034,R13,TOTAL,SUCCESS,,2026-09-25T10:36:40.692883,22.236
S034,R14,LOAD,SUCCESS,,2026-09-25T10:36:40.884951,0.065
S034,R14,PREPROCESSING,SUCCESS,,2026-09-25T10:36:41.130433,0.24
S034,R14,ICA,SUCCESS,,2026-09-25T10:37:01.601751,20.469
S034,R14,ICLabel,SUCCESS,,2026-09-25T10:37:04.411572,2.808
S034,R14,PSD,SUCCESS,,2026-09-25T10:37:04.655468,0.204
S034,R14,ALICE,SUCCESS,,2026-09-25T10:37:04.881070,0.224
S034,R14,FEATURES,SUCCESS,,2026-09-25T10:37:05.652382,0.77
S034,R14,FUSION,SUCCESS,,2026-09-25T10:37:07.031837,0.025
S034,R14,NEUROAGENT,SUCCESS,,2026-09-25T10:37:07.055837,0.021
S034,R14,RECONSTRUCTION,SUCCESS,,2026-09-25T10:37:07.168839,0.109
S034,R14,QUALITY,SUCCESS,,2026-09-25T10:37:07.350157,0.177
S034,R14,TOTAL,SUCCESS,,2026-09-25T10:37:07.352157,26.532
S035,R01,LOAD,SUCCESS,,2026-09-25T10:37:07.530499,0.046
S035,R01,PREPROCESSING,SUCCESS,,2026-09-25T10:37:07.668602,0.132
S035,R01,ICA,SUCCESS,,2026-09-25T10:37:24.539763,16.868
S035,R01,ICLabel,SUCCESS,,2026-09-25T10:37:27.285669,2.744
S035,R01,PSD,SUCCESS,,2026-09-25T10:37:27.443256,0.131
S035,R01,ALICE,SUCCESS,,2026-09-25T10:37:27.579395,0.131
S035,R01,FEATURES,SUCCESS,,2026-09-25T10:37:28.036872,0.455
S035,R01,FUSION,SUCCESS,,2026-09-25T10:37:28.909656,0.044
S035,R01,NEUROAGENT,SUCCESS,,2026-09-25T10:37:28.935708,0.023
S035,R01,RECONSTRUCTION,SUCCESS,,2026-09-25T10:37:29.005406,0.066
S035,R01,QUALITY,SUCCESS,,2026-09-25T10:37:29.116617,0.106
S035,R01,TOTAL,SUCCESS,,2026-09-25T10:37:29.119621,21.636
S035,R02,LOAD,SUCCESS,,2026-09-25T10:37:29.301974,0.047
S035,R02,PREPROCESSING,SUCCESS,,2026-09-25T10:37:29.431838,0.127
S035,R02,ICA,SUCCESS,,2026-09-25T10:37:47.980708,18.546
S035,R02,ICLabel,SUCCESS,,2026-09-25T10:37:50.882231,2.895
S035,R02,PSD,SUCCESS,,2026-09-25T10:37:51.049011,0.141
S035,R02,ALICE,SUCCESS,,2026-09-25T10:37:51.190045,0.137
S035,R02,FEATURES,SUCCESS,,2026-09-25T10:37:51.684903,0.492
S035,R02,FUSION,SUCCESS,,2026-09-25T10:37:52.633859,0.04
S035,R02,NEUROAGENT,SUCCESS,,2026-09-25T10:37:52.662857,0.025
S035,R02,RECONSTRUCTION,SUCCESS,,2026-09-25T10:37:52.736858,0.071
S035,R02,QUALITY,SUCCESS,,2026-09-25T10:37:52.839916,0.099
S035,R02,TOTAL,SUCCESS,,2026-09-25T10:37:52.841917,23.587
S035,R03,LOAD,SUCCESS,,2026-09-25T10:37:53.031501,0.063
S035,R03,PREPROCESSING,SUCCESS,,2026-09-25T10:37:53.240988,0.204
S035,R03,ICA,SUCCESS,,2026-09-25T10:38:20.841046,27.598
S035,R03,ICLabel,SUCCESS,,2026-09-25T10:38:23.304540,2.461
S035,R03,PSD,SUCCESS,,2026-09-25T10:38:23.563538,0.221
S035,R03,ALICE,SUCCESS,,2026-09-25T10:38:23.760795,0.195
S035,R03,FEATURES,SUCCESS,,2026-09-25T10:38:24.620781,0.858
S035,R03,FUSION,SUCCESS,,2026-09-25T10:38:26.245771,0.04
S035,R03,NEUROAGENT,SUCCESS,,2026-09-25T10:38:26.263771,0.014
S035,R03,RECONSTRUCTION,SUCCESS,,2026-09-25T10:38:26.383770,0.116
S035,R03,QUALITY,SUCCESS,,2026-09-25T10:38:26.542329,0.155
S035,R03,TOTAL,SUCCESS,,2026-09-25T10:38:26.544325,33.576
S035,R04,LOAD,SUCCESS,,2026-09-25T10:38:26.692058,0.04
S035,R04,PREPROCESSING,SUCCESS,,2026-09-25T10:38:26.882556,0.184
S035,R04,ICA,SUCCESS,,2026-09-25T10:39:15.578891,48.694
S035,R04,ICLabel,SUCCESS,,2026-09-25T10:39:17.808474,2.228
S035,R04,PSD,SUCCESS,,2026-09-25T10:39:18.030738,0.189
S035,R04,ALICE,SUCCESS,,2026-09-25T10:39:18.335240,0.303
S035,R04,FEATURES,SUCCESS,,2026-09-25T10:39:19.221843,0.884
S035,R04,FUSION,SUCCESS,,2026-09-25T10:39:20.739732,0.031
S035,R04,NEUROAGENT,SUCCESS,,2026-09-25T10:39:20.767733,0.024
S035,R04,RECONSTRUCTION,SUCCESS,,2026-09-25T10:39:20.874732,0.103
S035,R04,QUALITY,SUCCESS,,2026-09-25T10:39:21.060602,0.184
S035,R04,TOTAL,SUCCESS,,2026-09-25T10:39:21.062605,54.411
S035,R05,LOAD,SUCCESS,,2026-09-25T10:39:21.186075,0.031
S035,R05,PREPROCESSING,SUCCESS,,2026-09-25T10:39:21.391104,0.203
S035,R05,ICA,SUCCESS,,2026-09-25T10:39:53.152524,31.759
S035,R05,ICLabel,SUCCESS,,2026-09-25T10:39:55.733706,2.577
S035,R05,PSD,SUCCESS,,2026-09-25T10:39:56.088480,0.309
S035,R05,ALICE,SUCCESS,,2026-09-25T10:39:56.312924,0.222
S035,R05,FEATURES,SUCCESS,,2026-09-25T10:39:57.199212,0.882
S035,R05,FUSION,SUCCESS,,2026-09-25T10:39:59.763846,0.064
S035,R05,NEUROAGENT,SUCCESS,,2026-09-25T10:39:59.808853,0.038
S035,R05,RECONSTRUCTION,SUCCESS,,2026-09-25T10:39:59.956652,0.142
S035,R05,QUALITY,SUCCESS,,2026-09-25T10:40:00.224024,0.262
S035,R05,TOTAL,SUCCESS,,2026-09-25T10:40:00.226048,39.072
S035,R06,LOAD,SUCCESS,,2026-09-25T10:40:00.448585,0.046
S035,R06,PREPROCESSING,SUCCESS,,2026-09-25T10:40:00.661993,0.211
S035,R06,ICA,SUCCESS,,2026-09-25T10:40:41.571891,40.908
S035,R06,ICLabel,SUCCESS,,2026-09-25T10:40:43.929423,2.355
S035,R06,PSD,SUCCESS,,2026-09-25T10:40:44.255658,0.271
S035,R06,ALICE,SUCCESS,,2026-09-25T10:40:44.730597,0.471
S035,R06,FEATURES,SUCCESS,,2026-09-25T10:40:45.670496,0.936
S035,R06,FUSION,SUCCESS,,2026-09-25T10:40:48.332627,0.087
S035,R06,NEUROAGENT,SUCCESS,,2026-09-25T10:40:48.385939,0.045
S035,R06,RECONSTRUCTION,SUCCESS,,2026-09-25T10:40:48.528276,0.135
S035,R06,QUALITY,SUCCESS,,2026-09-25T10:40:48.783237,0.251
S035,R06,TOTAL,SUCCESS,,2026-09-25T10:40:48.787140,48.385
S035,R07,LOAD,SUCCESS,,2026-09-25T10:40:48.974054,0.055
S035,R07,PREPROCESSING,SUCCESS,,2026-09-25T10:40:49.275405,0.296
S035,R07,ICA,SUCCESS,,2026-09-25T10:41:26.544530,37.265
S035,R07,ICLabel,SUCCESS,,2026-09-25T10:41:28.933707,2.385
S035,R07,PSD,SUCCESS,,2026-09-25T10:41:29.165615,0.192
S035,R07,ALICE,SUCCESS,,2026-09-25T10:41:29.329306,0.162
S035,R07,FEATURES,SUCCESS,,2026-09-25T10:41:29.965522,0.634
S035,R07,FUSION,SUCCESS,,2026-09-25T10:41:31.489706,0.022
S035,R07,NEUROAGENT,SUCCESS,,2026-09-25T10:41:31.513752,0.022
S035,R07,RECONSTRUCTION,SUCCESS,,2026-09-25T10:41:31.639039,0.119
S035,R07,QUALITY,SUCCESS,,2026-09-25T10:41:31.809645,0.168
S035,R07,TOTAL,SUCCESS,,2026-09-25T10:41:31.811653,42.893
S035,R08,LOAD,SUCCESS,,2026-09-25T10:41:32.044872,0.067
S035,R08,PREPROCESSING,SUCCESS,,2026-09-25T10:41:32.267722,0.218
S035,R08,ICA,SUCCESS,,2026-09-25T10:42:10.061254,37.79
S035,R08,ICLabel,SUCCESS,,2026-09-25T10:42:12.505435,2.442
S035,R08,PSD,SUCCESS,,2026-09-25T10:42:12.838901,0.29
S035,R08,ALICE,SUCCESS,,2026-09-25T10:42:13.050099,0.207
S035,R08,FEATURES,SUCCESS,,2026-09-25T10:42:13.853151,0.801
S035,R08,FUSION,SUCCESS,,2026-09-25T10:42:15.783364,0.066
S035,R08,NEUROAGENT,SUCCESS,,2026-09-25T10:42:15.819364,0.029
S035,R08,RECONSTRUCTION,SUCCESS,,2026-09-25T10:42:15.981999,0.148
S035,R08,QUALITY,SUCCESS,,2026-09-25T10:42:16.219403,0.234
S035,R08,TOTAL,SUCCESS,,2026-09-25T10:42:16.222409,44.245
S035,R09,LOAD,SUCCESS,,2026-09-25T10:42:16.395217,0.052
S035,R09,PREPROCESSING,SUCCESS,,2026-09-25T10:42:16.593455,0.193
S035,R09,ICA,SUCCESS,,2026-09-25T10:42:48.510480,31.914
S035,R09,ICLabel,SUCCESS,,2026-09-25T10:42:50.791158,2.279
S035,R09,PSD,SUCCESS,,2026-09-25T10:42:51.030167,0.202
S035,R09,ALICE,SUCCESS,,2026-09-25T10:42:51.302683,0.27
S035,R09,FEATURES,SUCCESS,,2026-09-25T10:42:52.084366,0.78
S035,R09,FUSION,SUCCESS,,2026-09-25T10:42:53.728722,0.042
S035,R09,NEUROAGENT,SUCCESS,,2026-09-25T10:42:53.756717,0.025
S035,R09,RECONSTRUCTION,SUCCESS,,2026-09-25T10:42:53.880744,0.12
S035,R09,QUALITY,SUCCESS,,2026-09-25T10:42:54.084767,0.2
S035,R09,TOTAL,SUCCESS,,2026-09-25T10:42:54.086766,37.745
S035,R10,LOAD,SUCCESS,,2026-09-25T10:42:54.288687,0.059
S035,R10,PREPROCESSING,SUCCESS,,2026-09-25T10:42:54.500122,0.206
S035,R10,ICA,SUCCESS,,2026-09-25T10:44:23.673493,89.171
S035,R10,ICLabel,SUCCESS,,2026-09-25T10:44:33.588157,9.907
S035,R10,PSD,SUCCESS,,2026-09-25T10:44:34.347023,0.691
S035,R10,ALICE,SUCCESS,,2026-09-25T10:44:35.250947,0.893
S035,R10,FEATURES,SUCCESS,,2026-09-25T10:44:39.197013,3.943
S035,R10,FUSION,SUCCESS,,2026-09-25T10:44:42.938185,0.082
S035,R10,NEUROAGENT,SUCCESS,,2026-09-25T10:44:42.990889,0.045
S035,R10,RECONSTRUCTION,SUCCESS,,2026-09-25T10:44:43.195891,0.199
S035,R10,QUALITY,SUCCESS,,2026-09-25T10:44:43.952549,0.75
S035,R10,TOTAL,SUCCESS,,2026-09-25T10:44:43.963649,109.734
S035,R11,LOAD,SUCCESS,,2026-09-25T10:44:44.356423,0.116
S035,R11,PREPROCESSING,SUCCESS,,2026-09-25T10:44:45.023643,0.658
S035,R11,ICA,SUCCESS,,2026-09-25T10:46:26.199732,101.168
S035,R11,ICLabel,SUCCESS,,2026-09-25T10:46:30.211068,4.007
S035,R11,PSD,SUCCESS,,2026-09-25T10:46:30.503444,0.251
S035,R11,ALICE,SUCCESS,,2026-09-25T10:46:30.716545,0.209
S035,R11,FEATURES,SUCCESS,,2026-09-25T10:46:31.499059,0.78
S035,R11,FUSION,SUCCESS,,2026-09-25T10:46:32.880514,0.033
S035,R11,NEUROAGENT,SUCCESS,,2026-09-25T10:46:32.899512,0.016
S035,R11,RECONSTRUCTION,SUCCESS,,2026-09-25T10:46:32.999359,0.097
S035,R11,QUALITY,SUCCESS,,2026-09-25T10:46:33.301230,0.299
S035,R11,TOTAL,SUCCESS,,2026-09-25T10:46:33.304236,109.065
S035,R12,LOAD,SUCCESS,,2026-09-25T10:46:33.520188,0.055
S035,R12,PREPROCESSING,SUCCESS,,2026-09-25T10:46:33.700939,0.178
S035,R12,ICA,SUCCESS,,2026-09-25T10:47:17.702684,43.998
S035,R12,ICLabel,SUCCESS,,2026-09-25T10:47:29.616965,11.906
S035,R12,PSD,SUCCESS,,2026-09-25T10:47:30.335871,0.65
S035,R12,ALICE,SUCCESS,,2026-09-25T10:47:31.262004,0.918
S035,R12,FEATURES,SUCCESS,,2026-09-25T10:47:35.560828,4.288
S035,R12,FUSION,SUCCESS,,2026-09-25T10:47:39.558677,0.078
S035,R12,NEUROAGENT,SUCCESS,,2026-09-25T10:47:39.603673,0.038
S035,R12,RECONSTRUCTION,SUCCESS,,2026-09-25T10:47:39.803717,0.192
S035,R12,QUALITY,SUCCESS,,2026-09-25T10:47:40.262937,0.452
S035,R12,TOTAL,SUCCESS,,2026-09-25T10:47:40.271105,66.806
S035,R13,LOAD,SUCCESS,,2026-09-25T10:47:40.648610,0.113
S035,R13,PREPROCESSING,SUCCESS,,2026-09-25T10:47:41.205389,0.549
S035,R13,ICA,SUCCESS,,2026-09-25T10:49:00.420984,79.209
S035,R13,ICLabel,SUCCESS,,2026-09-25T10:49:11.970077,11.541
S035,R13,PSD,SUCCESS,,2026-09-25T10:49:12.730979,0.691
S035,R13,ALICE,SUCCESS,,2026-09-25T10:49:13.625970,0.874
S035,R13,FEATURES,SUCCESS,,2026-09-25T10:49:17.480329,3.843
S035,R13,FUSION,SUCCESS,,2026-09-25T10:49:19.490176,0.048
S035,R13,NEUROAGENT,SUCCESS,,2026-09-25T10:49:19.518178,0.023
S035,R13,RECONSTRUCTION,SUCCESS,,2026-09-25T10:49:19.690516,0.165
S035,R13,QUALITY,SUCCESS,,2026-09-25T10:49:20.005223,0.304
S035,R13,TOTAL,SUCCESS,,2026-09-25T10:49:20.008222,99.473
S035,R14,LOAD,SUCCESS,,2026-09-25T10:49:20.216391,0.043
S035,R14,PREPROCESSING,SUCCESS,,2026-09-25T10:49:20.524391,0.303
S035,R14,ICA,SUCCESS,,2026-09-25T10:51:54.216216,153.688
S035,R14,ICLabel,SUCCESS,,2026-09-25T10:52:06.007572,11.784
S035,R14,PSD,SUCCESS,,2026-09-25T10:52:06.685302,0.609
S035,R14,ALICE,SUCCESS,,2026-09-25T10:52:07.617723,0.925
S035,R14,FEATURES,SUCCESS,,2026-09-25T10:52:11.499810,3.874
S035,R14,FUSION,SUCCESS,,2026-09-25T10:52:15.315609,0.075
S035,R14,NEUROAGENT,SUCCESS,,2026-09-25T10:52:15.363545,0.04
S035,R14,RECONSTRUCTION,SUCCESS,,2026-09-25T10:52:15.576515,0.206
S035,R14,QUALITY,SUCCESS,,2026-09-25T10:52:16.142445,0.559
S035,R14,TOTAL,SUCCESS,,2026-09-25T10:52:16.150435,175.976
S036,R01,LOAD,SUCCESS,,2026-09-25T10:52:16.474463,0.076
S036,R01,PREPROCESSING,SUCCESS,,2026-09-25T10:52:16.889801,0.408
S036,R01,ICA,SUCCESS,,2026-09-25T10:52:57.105179,40.208
S036,R01,ICLabel,SUCCESS,,2026-09-25T10:53:09.255352,12.144
S036,R01,PSD,SUCCESS,,2026-09-25T10:53:09.667832,0.366
S036,R01,ALICE,SUCCESS,,2026-09-25T10:53:10.217237,0.54
S036,R01,FEATURES,SUCCESS,,2026-09-25T10:53:12.364598,2.139
S036,R01,FUSION,SUCCESS,,2026-09-25T10:53:14.598142,0.078
S036,R01,NEUROAGENT,SUCCESS,,2026-09-25T10:53:14.644200,0.039
S036,R01,RECONSTRUCTION,SUCCESS,,2026-09-25T10:53:14.774180,0.122
S036,R01,QUALITY,SUCCESS,,2026-09-25T10:53:14.975636,0.194
S036,R01,TOTAL,SUCCESS,,2026-09-25T10:53:14.984743,58.587
S036,R02,LOAD,SUCCESS,,2026-09-25T10:53:15.304800,0.071
S036,R02,PREPROCESSING,SUCCESS,,2026-09-25T10:53:15.709593,0.397
S036,R02,ICA,SUCCESS,,2026-09-25T10:54:08.469953,52.752
S036,R02,ICLabel,SUCCESS,,2026-09-25T10:54:15.166908,6.689
S036,R02,PSD,SUCCESS,,2026-09-25T10:54:15.335202,0.148
S036,R02,ALICE,SUCCESS,,2026-09-25T10:54:15.492762,0.155
S036,R02,FEATURES,SUCCESS,,2026-09-25T10:54:16.327696,0.832
S036,R02,FUSION,SUCCESS,,2026-09-25T10:54:17.552785,0.076
S036,R02,NEUROAGENT,SUCCESS,,2026-09-25T10:54:17.596272,0.036
S036,R02,RECONSTRUCTION,SUCCESS,,2026-09-25T10:54:17.728357,0.124
S036,R02,QUALITY,SUCCESS,,2026-09-25T10:54:17.913359,0.18
S036,R02,TOTAL,SUCCESS,,2026-09-25T10:54:17.919371,62.687
S036,R03,LOAD,SUCCESS,,2026-09-25T10:54:18.264234,0.109
S036,R03,PREPROCESSING,SUCCESS,,2026-09-25T10:54:18.841676,0.569
S036,R03,ICA,SUCCESS,,2026-09-25T10:55:22.026510,63.179
S036,R03,ICLabel,SUCCESS,,2026-09-25T10:55:33.299675,11.265
S036,R03,PSD,SUCCESS,,2026-09-25T10:55:34.005346,0.636
S036,R03,ALICE,SUCCESS,,2026-09-25T10:55:34.910873,0.898
S036,R03,FEATURES,SUCCESS,,2026-09-25T10:55:38.965223,4.044
S036,R03,FUSION,SUCCESS,,2026-09-25T10:55:43.030036,0.077
S036,R03,NEUROAGENT,SUCCESS,,2026-09-25T10:55:43.070996,0.034
S036,R03,RECONSTRUCTION,SUCCESS,,2026-09-25T10:55:43.247526,0.17
S036,R03,QUALITY,SUCCESS,,2026-09-25T10:55:43.821559,0.568
S036,R03,TOTAL,SUCCESS,,2026-09-25T10:55:43.827563,85.672
S036,R04,LOAD,SUCCESS,,2026-09-25T10:55:44.095599,0.074
S036,R04,PREPROCESSING,SUCCESS,,2026-09-25T10:55:44.794881,0.692
S036,R04,ICA,SUCCESS,,2026-09-25T10:57:06.073918,81.267
S036,R04,ICLabel,SUCCESS,,2026-09-25T10:57:17.885958,11.803
S036,R04,PSD,SUCCESS,,2026-09-25T10:57:18.605770,0.653
S036,R04,ALICE,SUCCESS,,2026-09-25T10:57:19.475559,0.863
S036,R04,FEATURES,SUCCESS,,2026-09-25T10:57:23.449613,3.967
S036,R04,FUSION,SUCCESS,,2026-09-25T10:57:27.730104,0.084
S036,R04,NEUROAGENT,SUCCESS,,2026-09-25T10:57:27.780105,0.042
S036,R04,RECONSTRUCTION,SUCCESS,,2026-09-25T10:57:28.015765,0.228
S036,R04,QUALITY,SUCCESS,,2026-09-25T10:57:28.648858,0.626
S036,R04,TOTAL,SUCCESS,,2026-09-25T10:57:28.657960,104.635
S036,R05,LOAD,SUCCESS,,2026-09-25T10:57:29.018684,0.1
S036,R05,PREPROCESSING,SUCCESS,,2026-09-25T10:57:29.795723,0.768
S036,R05,ICA,SUCCESS,,2026-09-25T10:58:27.907307,58.105
S036,R05,ICLabel,SUCCESS,,2026-09-25T10:58:39.432903,11.518
S036,R05,PSD,SUCCESS,,2026-09-25T10:58:40.117383,0.613
S036,R05,ALICE,SUCCESS,,2026-09-25T10:58:40.970765,0.846
S036,R05,FEATURES,SUCCESS,,2026-09-25T10:58:44.838281,3.862
S036,R05,FUSION,SUCCESS,,2026-09-25T10:58:48.864959,0.072
S036,R05,NEUROAGENT,SUCCESS,,2026-09-25T10:58:48.912959,0.041
S036,R05,RECONSTRUCTION,SUCCESS,,2026-09-25T10:58:49.130266,0.21
S036,R05,QUALITY,SUCCESS,,2026-09-25T10:58:49.614958,0.477
S036,R05,TOTAL,SUCCESS,,2026-09-25T10:58:49.623962,80.705
S036,R06,LOAD,SUCCESS,,2026-09-25T10:58:49.969041,0.096
S036,R06,PREPROCESSING,SUCCESS,,2026-09-25T10:58:50.588240,0.61
S036,R06,ICA,SUCCESS,,2026-09-25T11:00:11.673580,81.078
S036,R06,ICLabel,SUCCESS,,2026-09-25T11:00:23.318629,11.639
S036,R06,PSD,SUCCESS,,2026-09-25T11:00:24.095854,0.708
S036,R06,ALICE,SUCCESS,,2026-09-25T11:00:24.922748,0.821
S036,R06,FEATURES,SUCCESS,,2026-09-25T11:00:28.762373,3.832
S036,R06,FUSION,SUCCESS,,2026-09-25T11:00:32.827715,0.071
S036,R06,NEUROAGENT,SUCCESS,,2026-09-25T11:00:32.869708,0.035
S036,R06,RECONSTRUCTION,SUCCESS,,2026-09-25T11:00:33.045355,0.168
S036,R06,QUALITY,SUCCESS,,2026-09-25T11:00:33.585831,0.533
S036,R06,TOTAL,SUCCESS,,2026-09-25T11:00:33.593821,103.721
S036,R07,LOAD,SUCCESS,,2026-09-25T11:00:33.957639,0.109
S036,R07,PREPROCESSING,SUCCESS,,2026-09-25T11:00:34.578292,0.612
S036,R07,ICA,SUCCESS,,2026-09-25T11:01:29.174497,54.587
S036,R07,ICLabel,SUCCESS,,2026-09-25T11:01:41.133087,11.949
S036,R07,PSD,SUCCESS,,2026-09-25T11:01:41.749027,0.548
S036,R07,ALICE,SUCCESS,,2026-09-25T11:01:42.618509,0.861
S036,R07,FEATURES,SUCCESS,,2026-09-25T11:01:46.668668,4.042
S036,R07,FUSION,SUCCESS,,2026-09-25T11:01:50.414850,0.076
S036,R07,NEUROAGENT,SUCCESS,,2026-09-25T11:01:50.459852,0.038
S036,R07,RECONSTRUCTION,SUCCESS,,2026-09-25T11:01:50.658565,0.191
S036,R07,QUALITY,SUCCESS,,2026-09-25T11:01:51.385716,0.718
S036,R07,TOTAL,SUCCESS,,2026-09-25T11:01:51.408717,77.56
S036,R08,LOAD,SUCCESS,,2026-09-25T11:01:51.833389,0.097
S036,R08,PREPROCESSING,SUCCESS,,2026-09-25T11:01:52.493347,0.65
S036,R08,ICA,SUCCESS,,2026-09-25T11:02:53.167446,60.665
S036,R08,ICLabel,SUCCESS,,2026-09-25T11:03:05.055084,11.879
S036,R08,PSD,SUCCESS,,2026-09-25T11:03:05.715643,0.592
S036,R08,ALICE,SUCCESS,,2026-09-25T11:03:06.494351,0.767
S036,R08,FEATURES,SUCCESS,,2026-09-25T11:03:10.537624,4.033
S036,R08,FUSION,SUCCESS,,2026-09-25T11:03:14.212076,0.084
S036,R08,NEUROAGENT,SUCCESS,,2026-09-25T11:03:14.260038,0.04
S036,R08,RECONSTRUCTION,SUCCESS,,2026-09-25T11:03:14.476390,0.207
S036,R08,QUALITY,SUCCESS,,2026-09-25T11:03:14.898134,0.414
S036,R08,TOTAL,SUCCESS,,2026-09-25T11:03:14.908882,83.172
S036,R09,LOAD,SUCCESS,,2026-09-25T11:03:15.218501,0.091
S036,R09,PREPROCESSING,SUCCESS,,2026-09-25T11:03:15.765692,0.539
S036,R09,ICA,SUCCESS,,2026-09-25T11:04:14.421599,58.649
S036,R09,ICLabel,SUCCESS,,2026-09-25T11:04:27.783854,13.356
S036,R09,PSD,SUCCESS,,2026-09-25T11:04:28.369058,0.518
S036,R09,ALICE,SUCCESS,,2026-09-25T11:04:29.189182,0.813
S036,R09,FEATURES,SUCCESS,,2026-09-25T11:04:33.194231,4.0
S036,R09,FUSION,SUCCESS,,2026-09-25T11:04:36.919161,0.082
S036,R09,NEUROAGENT,SUCCESS,,2026-09-25T11:04:36.966829,0.041
S036,R09,RECONSTRUCTION,SUCCESS,,2026-09-25T11:04:37.162265,0.187
S036,R09,QUALITY,SUCCESS,,2026-09-25T11:04:37.753495,0.583
S036,R09,TOTAL,SUCCESS,,2026-09-25T11:04:37.760497,82.632
S036,R10,LOAD,SUCCESS,,2026-09-25T11:04:38.123454,0.102
S036,R10,PREPROCESSING,SUCCESS,,2026-09-25T11:04:38.688703,0.557
S036,R10,ICA,SUCCESS,,2026-09-25T11:05:41.824545,63.13
S036,R10,ICLabel,SUCCESS,,2026-09-25T11:05:52.471833,10.639
S036,R10,PSD,SUCCESS,,2026-09-25T11:05:53.073985,0.536
S036,R10,ALICE,SUCCESS,,2026-09-25T11:05:53.753681,0.671
S036,R10,FEATURES,SUCCESS,,2026-09-25T11:05:55.194810,1.437
S036,R10,FUSION,SUCCESS,,2026-09-25T11:05:56.976897,0.03
S036,R10,NEUROAGENT,SUCCESS,,2026-09-25T11:05:56.996821,0.017
S036,R10,RECONSTRUCTION,SUCCESS,,2026-09-25T11:05:57.087772,0.088
S036,R10,QUALITY,SUCCESS,,2026-09-25T11:05:57.393820,0.299
S036,R10,TOTAL,SUCCESS,,2026-09-25T11:05:57.399816,79.378
S036,R11,LOAD,SUCCESS,,2026-09-25T11:05:57.875728,0.124
S036,R11,PREPROCESSING,SUCCESS,,2026-09-25T11:05:59.403485,1.513
S036,R11,ICA,SUCCESS,,2026-09-25T11:07:39.490778,100.07
S036,R11,ICLabel,SUCCESS,,2026-09-25T11:07:52.041627,12.546
S036,R11,PSD,SUCCESS,,2026-09-25T11:07:52.750928,0.64
S036,R11,ALICE,SUCCESS,,2026-09-25T11:07:53.680909,0.923
S036,R11,FEATURES,SUCCESS,,2026-09-25T11:07:57.819719,4.129
S036,R11,FUSION,SUCCESS,,2026-09-25T11:08:01.647594,0.075
S036,R11,NEUROAGENT,SUCCESS,,2026-09-25T11:08:01.689774,0.035
S036,R11,RECONSTRUCTION,SUCCESS,,2026-09-25T11:08:01.881544,0.186
S036,R11,QUALITY,SUCCESS,,2026-09-25T11:08:02.396802,0.508
S036,R11,TOTAL,SUCCESS,,2026-09-25T11:08:02.404293,124.654
S036,R12,LOAD,SUCCESS,,2026-09-25T11:08:02.749679,0.098
S036,R12,PREPROCESSING,SUCCESS,,2026-09-25T11:08:03.409017,0.649
S036,R12,ICA,SUCCESS,,2026-09-25T11:09:28.613175,85.194
S036,R12,ICLabel,SUCCESS,,2026-09-25T11:09:45.803209,17.181
S036,R12,PSD,SUCCESS,,2026-09-25T11:09:47.082834,1.059
S036,R12,ALICE,SUCCESS,,2026-09-25T11:09:49.335092,2.233
S036,R12,FEATURES,SUCCESS,,2026-09-25T11:09:54.364879,5.012
S036,R12,FUSION,SUCCESS,,2026-09-25T11:09:58.192156,0.083
S036,R12,NEUROAGENT,SUCCESS,,2026-09-25T11:09:58.238171,0.038
S036,R12,RECONSTRUCTION,SUCCESS,,2026-09-25T11:09:58.466406,0.221
S036,R12,QUALITY,SUCCESS,,2026-09-25T11:09:59.066310,0.589
S036,R12,TOTAL,SUCCESS,,2026-09-25T11:09:59.073314,116.423
S036,R13,LOAD,SUCCESS,,2026-09-25T11:09:59.374038,0.076
S036,R13,PREPROCESSING,SUCCESS,,2026-09-25T11:10:00.142194,0.763
S036,R13,ICA,SUCCESS,,2026-09-25T11:11:13.688120,73.538
S036,R13,ICLabel,SUCCESS,,2026-09-25T11:11:25.335365,11.638
S036,R13,PSD,SUCCESS,,2026-09-25T11:11:26.007929,0.603
S036,R13,ALICE,SUCCESS,,2026-09-25T11:11:26.875909,0.859
S036,R13,FEATURES,SUCCESS,,2026-09-25T11:11:30.761297,3.878
S036,R13,FUSION,SUCCESS,,2026-09-25T11:11:34.514959,0.076
S036,R13,NEUROAGENT,SUCCESS,,2026-09-25T11:11:34.558636,0.038
S036,R13,RECONSTRUCTION,SUCCESS,,2026-09-25T11:11:34.751994,0.186
S036,R13,QUALITY,SUCCESS,,2026-09-25T11:11:35.277562,0.519
S036,R13,TOTAL,SUCCESS,,2026-09-25T11:11:35.287562,95.989
S036,R14,LOAD,SUCCESS,,2026-09-25T11:11:35.643447,0.106
S036,R14,PREPROCESSING,SUCCESS,,2026-09-25T11:11:36.242879,0.593
S036,R14,ICA,SUCCESS,,2026-09-25T11:12:25.758648,49.508
S036,R14,ICLabel,SUCCESS,,2026-09-25T11:12:37.420265,11.654
S036,R14,PSD,SUCCESS,,2026-09-25T11:12:37.966295,0.479
S036,R14,ALICE,SUCCESS,,2026-09-25T11:12:38.788418,0.814
S036,R14,FEATURES,SUCCESS,,2026-09-25T11:12:42.644595,3.849
S036,R14,FUSION,SUCCESS,,2026-09-25T11:12:46.475757,0.076
S036,R14,NEUROAGENT,SUCCESS,,2026-09-25T11:12:46.519863,0.037
S036,R14,RECONSTRUCTION,SUCCESS,,2026-09-25T11:12:46.723559,0.196
S036,R14,QUALITY,SUCCESS,,2026-09-25T11:12:47.188803,0.458
S036,R14,TOTAL,SUCCESS,,2026-09-25T11:12:47.196767,71.659
S037,R01,LOAD,SUCCESS,,2026-09-25T11:12:47.518728,0.071
S037,R01,PREPROCESSING,SUCCESS,,2026-09-25T11:12:47.926667,0.4
S037,R01,ICA,SUCCESS,,2026-09-25T11:13:26.284387,38.35
S037,R01,ICLabel,SUCCESS,,2026-09-25T11:13:35.090592,8.798
S037,R01,PSD,SUCCESS,,2026-09-25T11:13:35.713467,0.567
S037,R01,ALICE,SUCCESS,,2026-09-25T11:13:36.500848,0.778
S037,R01,FEATURES,SUCCESS,,2026-09-25T11:13:39.229275,2.717
S037,R01,FUSION,SUCCESS,,2026-09-25T11:13:41.815080,0.097
S037,R01,NEUROAGENT,SUCCESS,,2026-09-25T11:13:41.867075,0.044
S037,R01,RECONSTRUCTION,SUCCESS,,2026-09-25T11:13:42.024994,0.15
S037,R01,QUALITY,SUCCESS,,2026-09-25T11:13:42.363093,0.33
S037,R01,TOTAL,SUCCESS,,2026-09-25T11:13:42.375000,54.927
S037,R02,LOAD,SUCCESS,,2026-09-25T11:13:42.822938,0.101
S037,R02,PREPROCESSING,SUCCESS,,2026-09-25T11:13:43.344394,0.51
S037,R02,ICA,SUCCESS,,2026-09-25T11:14:38.900767,55.549
S037,R02,ICLabel,SUCCESS,,2026-09-25T11:14:47.266002,8.358
S037,R02,PSD,SUCCESS,,2026-09-25T11:14:47.705644,0.39
S037,R02,ALICE,SUCCESS,,2026-09-25T11:14:48.489435,0.775
S037,R02,FEATURES,SUCCESS,,2026-09-25T11:14:52.482123,3.976
S037,R02,FUSION,SUCCESS,,2026-09-25T11:14:54.857130,0.079
S037,R02,NEUROAGENT,SUCCESS,,2026-09-25T11:14:54.903777,0.04
S037,R02,RECONSTRUCTION,SUCCESS,,2026-09-25T11:14:55.095782,0.183
S037,R02,QUALITY,SUCCESS,,2026-09-25T11:14:55.397557,0.288
S037,R02,TOTAL,SUCCESS,,2026-09-25T11:14:55.404548,72.683
S037,R03,LOAD,SUCCESS,,2026-09-25T11:14:55.787564,0.1
S037,R03,PREPROCESSING,SUCCESS,,2026-09-25T11:14:56.614550,0.819
S037,R03,ICA,SUCCESS,,2026-09-25T11:16:06.864483,70.24
S037,R03,ICLabel,SUCCESS,,2026-09-25T11:16:17.831290,10.959
S037,R03,PSD,SUCCESS,,2026-09-25T11:16:18.486869,0.588
S037,R03,ALICE,SUCCESS,,2026-09-25T11:16:19.320649,0.826
S037,R03,FEATURES,SUCCESS,,2026-09-25T11:16:23.080623,3.751
S037,R03,FUSION,SUCCESS,,2026-09-25T11:16:26.687885,0.076
S037,R03,NEUROAGENT,SUCCESS,,2026-09-25T11:16:26.729898,0.035
S037,R03,RECONSTRUCTION,SUCCESS,,2026-09-25T11:16:26.920334,0.182
S037,R03,QUALITY,SUCCESS,,2026-09-25T11:16:27.391406,0.464
S037,R03,TOTAL,SUCCESS,,2026-09-25T11:16:27.401927,91.714
S037,R04,LOAD,SUCCESS,,2026-09-25T11:16:27.764470,0.1
S037,R04,PREPROCESSING,SUCCESS,,2026-09-25T11:16:28.394929,0.622
S037,R04,ICA,SUCCESS,,2026-09-25T11:17:47.425896,79.023
S037,R04,ICLabel,SUCCESS,,2026-09-25T11:17:59.458150,12.025
S037,R04,PSD,SUCCESS,,2026-09-25T11:18:00.112243,0.584
S037,R04,ALICE,SUCCESS,,2026-09-25T11:18:00.907921,0.789
S037,R04,FEATURES,SUCCESS,,2026-09-25T11:18:05.180697,4.266
S037,R04,FUSION,SUCCESS,,2026-09-25T11:18:08.900561,0.072
S037,R04,NEUROAGENT,SUCCESS,,2026-09-25T11:18:08.951620,0.044
S037,R04,RECONSTRUCTION,SUCCESS,,2026-09-25T11:18:09.167385,0.209
S037,R04,QUALITY,SUCCESS,,2026-09-25T11:18:09.720599,0.546
S037,R04,TOTAL,SUCCESS,,2026-09-25T11:18:09.728891,102.064
S037,R05,LOAD,SUCCESS,,2026-09-25T11:18:10.117382,0.116
S037,R05,PREPROCESSING,SUCCESS,,2026-09-25T11:18:10.759844,0.632
S037,R05,ICA,SUCCESS,,2026-09-25T11:19:14.316229,63.55
S037,R05,ICLabel,SUCCESS,,2026-09-25T11:19:17.480325,3.155
S037,R05,PSD,SUCCESS,,2026-09-25T11:19:17.756037,0.232
S037,R05,ALICE,SUCCESS,,2026-09-25T11:19:18.000402,0.24
S037,R05,FEATURES,SUCCESS,,2026-09-25T11:19:18.855646,0.852
S037,R05,FUSION,SUCCESS,,2026-09-25T11:19:21.174628,0.076
S037,R05,NEUROAGENT,SUCCESS,,2026-09-25T11:19:21.221587,0.039
S037,R05,RECONSTRUCTION,SUCCESS,,2026-09-25T11:19:21.361594,0.133
S037,R05,QUALITY,SUCCESS,,2026-09-25T11:19:21.628741,0.263
S037,R05,TOTAL,SUCCESS,,2026-09-25T11:19:21.630749,71.63
S037,R06,LOAD,SUCCESS,,2026-09-25T11:19:21.833154,0.061
S037,R06,PREPROCESSING,SUCCESS,,2026-09-25T11:19:22.052366,0.214
S037,R06,ICA,SUCCESS,,2026-09-25T11:21:03.436222,101.38
S037,R06,ICLabel,SUCCESS,,2026-09-25T11:21:11.506009,8.067
S037,R06,PSD,SUCCESS,,2026-09-25T11:21:12.192441,0.62
S037,R06,ALICE,SUCCESS,,2026-09-25T11:21:13.009696,0.81
S037,R06,FEATURES,SUCCESS,,2026-09-25T11:21:17.005920,3.989
S037,R06,FUSION,SUCCESS,,2026-09-25T11:21:20.834023,0.079
S037,R06,NEUROAGENT,SUCCESS,,2026-09-25T11:21:20.882013,0.041
S037,R06,RECONSTRUCTION,SUCCESS,,2026-09-25T11:21:21.090166,0.201
S037,R06,QUALITY,SUCCESS,,2026-09-25T11:21:21.722014,0.625
S037,R06,TOTAL,SUCCESS,,2026-09-25T11:21:21.733013,119.96
S037,R07,LOAD,SUCCESS,,2026-09-25T11:21:22.162452,0.108
S037,R07,PREPROCESSING,SUCCESS,,2026-09-25T11:21:22.800082,0.628
S037,R07,ICA,SUCCESS,,2026-09-25T11:22:12.151440,49.343
S037,R07,ICLabel,SUCCESS,,2026-09-25T11:22:23.673964,11.515
S037,R07,PSD,SUCCESS,,2026-09-25T11:22:24.330259,0.589
S037,R07,ALICE,SUCCESS,,2026-09-25T11:22:25.231620,0.891
S037,R07,FEATURES,SUCCESS,,2026-09-25T11:22:29.030522,3.79
S037,R07,FUSION,SUCCESS,,2026-09-25T11:22:32.811489,0.073
S037,R07,NEUROAGENT,SUCCESS,,2026-09-25T11:22:32.855079,0.037
S037,R07,RECONSTRUCTION,SUCCESS,,2026-09-25T11:22:33.069579,0.207
S037,R07,QUALITY,SUCCESS,,2026-09-25T11:22:33.666926,0.589
S037,R07,TOTAL,SUCCESS,,2026-09-25T11:22:33.674480,71.62
S037,R08,LOAD,SUCCESS,,2026-09-25T11:22:34.032403,0.097
S037,R08,PREPROCESSING,SUCCESS,,2026-09-25T11:22:34.644325,0.604
S037,R08,ICA,SUCCESS,,2026-09-25T11:23:56.811526,82.161
S037,R08,ICLabel,SUCCESS,,2026-09-25T11:24:08.566108,11.747
S037,R08,PSD,SUCCESS,,2026-09-25T11:24:09.224891,0.587
S037,R08,ALICE,SUCCESS,,2026-09-25T11:24:10.134392,0.901
S037,R08,FEATURES,SUCCESS,,2026-09-25T11:24:14.080574,3.937
S037,R08,FUSION,SUCCESS,,2026-09-25T11:24:17.840352,0.076
S037,R08,NEUROAGENT,SUCCESS,,2026-09-25T11:24:17.887349,0.039
S037,R08,RECONSTRUCTION,SUCCESS,,2026-09-25T11:24:18.071118,0.177
S037,R08,QUALITY,SUCCESS,,2026-09-25T11:24:18.608411,0.527
S037,R08,TOTAL,SUCCESS,,2026-09-25T11:24:18.617834,104.683
S037,R09,LOAD,SUCCESS,,2026-09-25T11:24:18.926714,0.097
S037,R09,PREPROCESSING,SUCCESS,,2026-09-25T11:24:19.502155,0.566
S037,R09,ICA,SUCCESS,,2026-09-25T11:25:58.735523,99.225
S037,R09,ICLabel,SUCCESS,,2026-09-25T11:26:10.677707,11.933
S037,R09,PSD,SUCCESS,,2026-09-25T11:26:11.352774,0.59
S037,R09,ALICE,SUCCESS,,2026-09-25T11:26:12.180122,0.82
S037,R09,FEATURES,SUCCESS,,2026-09-25T11:26:16.402602,4.215
S037,R09,FUSION,SUCCESS,,2026-09-25T11:26:20.068697,0.079
S037,R09,NEUROAGENT,SUCCESS,,2026-09-25T11:26:20.115136,0.039
S037,R09,RECONSTRUCTION,SUCCESS,,2026-09-25T11:26:20.324788,0.203
S037,R09,QUALITY,SUCCESS,,2026-09-25T11:26:20.947959,0.617
S037,R09,TOTAL,SUCCESS,,2026-09-25T11:26:20.958430,122.129
S037,R10,LOAD,SUCCESS,,2026-09-25T11:26:21.303947,0.101
S037,R10,PREPROCESSING,SUCCESS,,2026-09-25T11:26:21.966404,0.654
S037,R10,ICA,SUCCESS,,2026-09-25T11:27:09.258640,47.285
S037,R10,ICLabel,SUCCESS,,2026-09-25T11:27:12.271019,3.008
S037,R10,PSD,SUCCESS,,2026-09-25T11:27:12.548002,0.221
S037,R10,ALICE,SUCCESS,,2026-09-25T11:27:12.756666,0.201
S037,R10,FEATURES,SUCCESS,,2026-09-25T11:27:13.624728,0.866
S037,R10,FUSION,SUCCESS,,2026-09-25T11:27:15.357658,0.045
S037,R10,NEUROAGENT,SUCCESS,,2026-09-25T11:27:15.382659,0.02
S037,R10,RECONSTRUCTION,SUCCESS,,2026-09-25T11:27:15.511014,0.125
S037,R10,QUALITY,SUCCESS,,2026-09-25T11:27:15.718747,0.206
S037,R10,TOTAL,SUCCESS,,2026-09-25T11:27:15.723751,54.522
S037,R11,LOAD,SUCCESS,,2026-09-25T11:27:15.962787,0.076
S037,R11,PREPROCESSING,SUCCESS,,2026-09-25T11:27:16.257983,0.287
S037,R11,ICA,SUCCESS,,2026-09-25T11:28:58.976440,102.714
S037,R11,ICLabel,SUCCESS,,2026-09-25T11:29:09.990619,11.008
S037,R11,PSD,SUCCESS,,2026-09-25T11:29:10.623022,0.56
S037,R11,ALICE,SUCCESS,,2026-09-25T11:29:11.493572,0.863
S037,R11,FEATURES,SUCCESS,,2026-09-25T11:29:15.593923,4.093
S037,R11,FUSION,SUCCESS,,2026-09-25T11:29:19.294337,0.082
S037,R11,NEUROAGENT,SUCCESS,,2026-09-25T11:29:19.342587,0.04
S037,R11,RECONSTRUCTION,SUCCESS,,2026-09-25T11:29:19.567647,0.217
S037,R11,QUALITY,SUCCESS,,2026-09-25T11:29:20.112817,0.538
S037,R11,TOTAL,SUCCESS,,2026-09-25T11:29:20.122836,124.236
S037,R12,LOAD,SUCCESS,,2026-09-25T11:29:20.692358,0.304
S037,R12,PREPROCESSING,SUCCESS,,2026-09-25T11:29:21.385801,0.676
S037,R12,ICA,SUCCESS,,2026-09-25T11:30:50.613638,89.22
S037,R12,ICLabel,SUCCESS,,2026-09-25T11:31:01.272662,10.652
S037,R12,PSD,SUCCESS,,2026-09-25T11:31:01.822864,0.477
S037,R12,ALICE,SUCCESS,,2026-09-25T11:31:02.675904,0.84
S037,R12,FEATURES,SUCCESS,,2026-09-25T11:31:06.445967,3.762
S037,R12,FUSION,SUCCESS,,2026-09-25T11:31:10.137543,0.076
S037,R12,NEUROAGENT,SUCCESS,,2026-09-25T11:31:10.186805,0.042
S037,R12,RECONSTRUCTION,SUCCESS,,2026-09-25T11:31:10.395634,0.2
S037,R12,QUALITY,SUCCESS,,2026-09-25T11:31:10.969420,0.565
S037,R12,TOTAL,SUCCESS,,2026-09-25T11:31:10.986506,110.599
S037,R13,LOAD,SUCCESS,,2026-09-25T11:31:11.364350,0.127
S037,R13,PREPROCESSING,SUCCESS,,2026-09-25T11:31:12.032036,0.656
S037,R13,ICA,SUCCESS,,2026-09-25T11:33:05.563135,113.524
S037,R13,ICLabel,SUCCESS,,2026-09-25T11:33:16.193918,10.624
S037,R13,PSD,SUCCESS,,2026-09-25T11:33:16.821962,0.559
S037,R13,ALICE,SUCCESS,,2026-09-25T11:33:17.590786,0.759
S037,R13,FEATURES,SUCCESS,,2026-09-25T11:33:21.262618,3.664
S037,R13,FUSION,SUCCESS,,2026-09-25T11:33:24.827633,0.075
S037,R13,NEUROAGENT,SUCCESS,,2026-09-25T11:33:24.872360,0.038
S037,R13,RECONSTRUCTION,SUCCESS,,2026-09-25T11:33:25.064209,0.185
S037,R13,QUALITY,SUCCESS,,2026-09-25T11:33:25.508804,0.439
S037,R13,TOTAL,SUCCESS,,2026-09-25T11:33:25.514811,134.279
S037,R14,LOAD,SUCCESS,,2026-09-25T11:33:25.800398,0.086
S037,R14,PREPROCESSING,SUCCESS,,2026-09-25T11:33:26.391280,0.583
S037,R14,ICA,SUCCESS,,2026-09-25T11:34:21.312761,54.915
S037,R14,ICLabel,SUCCESS,,2026-09-25T11:34:32.291564,10.975
S037,R14,PSD,SUCCESS,,2026-09-25T11:34:33.019034,0.647
S037,R14,ALICE,SUCCESS,,2026-09-25T11:34:33.907019,0.881
S037,R14,FEATURES,SUCCESS,,2026-09-25T11:34:38.114177,4.2
S037,R14,FUSION,SUCCESS,,2026-09-25T11:34:41.854820,0.082
S037,R14,NEUROAGENT,SUCCESS,,2026-09-25T11:34:41.904721,0.041
S037,R14,RECONSTRUCTION,SUCCESS,,2026-09-25T11:34:42.130672,0.218
S037,R14,QUALITY,SUCCESS,,2026-09-25T11:34:42.725184,0.587
S037,R14,TOTAL,SUCCESS,,2026-09-25T11:34:42.737199,77.022
S038,R01,LOAD,SUCCESS,,2026-09-25T11:34:43.154324,0.097
S038,R01,PREPROCESSING,SUCCESS,,2026-09-25T11:34:43.697490,0.53
S038,R01,ICA,SUCCESS,,2026-09-25T11:35:33.314515,49.609
S038,R01,ICLabel,SUCCESS,,2026-09-25T11:35:46.824839,13.502
S038,R01,PSD,SUCCESS,,2026-09-25T11:35:47.262010,0.38
S038,R01,ALICE,SUCCESS,,2026-09-25T11:35:47.855013,0.584
S038,R01,FEATURES,SUCCESS,,2026-09-25T11:35:50.230766,2.367
S038,R01,FUSION,SUCCESS,,2026-09-25T11:35:52.505682,0.082
S038,R01,NEUROAGENT,SUCCESS,,2026-09-25T11:35:52.560271,0.047
S038,R01,RECONSTRUCTION,SUCCESS,,2026-09-25T11:35:52.703156,0.134
S038,R01,QUALITY,SUCCESS,,2026-09-25T11:35:53.035816,0.326
S038,R01,TOTAL,SUCCESS,,2026-09-25T11:35:53.044817,69.989
S038,R02,LOAD,SUCCESS,,2026-09-25T11:35:53.441239,0.112
S038,R02,PREPROCESSING,SUCCESS,,2026-09-25T11:35:53.924840,0.472
S038,R02,ICA,SUCCESS,,2026-09-25T11:36:53.931770,59.999
S038,R02,ICLabel,SUCCESS,,2026-09-25T11:37:06.227661,12.287
S038,R02,PSD,SUCCESS,,2026-09-25T11:37:06.652857,0.378
S038,R02,ALICE,SUCCESS,,2026-09-25T11:37:07.298095,0.631
S038,R02,FEATURES,SUCCESS,,2026-09-25T11:37:09.653985,2.346
S038,R02,FUSION,SUCCESS,,2026-09-25T11:37:12.016834,0.097
S038,R02,NEUROAGENT,SUCCESS,,2026-09-25T11:37:12.077111,0.051
S038,R02,RECONSTRUCTION,SUCCESS,,2026-09-25T11:37:12.245278,0.16
S038,R02,QUALITY,SUCCESS,,2026-09-25T11:37:12.576809,0.321
S038,R02,TOTAL,SUCCESS,,2026-09-25T11:37:12.589459,79.261
S038,R03,LOAD,SUCCESS,,2026-09-25T11:37:13.112832,0.208
S038,R03,PREPROCESSING,SUCCESS,,2026-09-25T11:37:13.940250,0.813
S038,R03,ICA,SUCCESS,,2026-09-25T11:38:29.131841,75.181
S038,R03,ICLabel,SUCCESS,,2026-09-25T11:38:42.287796,13.149
S038,R03,PSD,SUCCESS,,2026-09-25T11:38:43.119786,0.747
S038,R03,ALICE,SUCCESS,,2026-09-25T11:38:44.224158,1.093
S038,R03,FEATURES,SUCCESS,,2026-09-25T11:38:48.481698,4.247
S038,R03,FUSION,SUCCESS,,2026-09-25T11:38:52.265544,0.081
S038,R03,NEUROAGENT,SUCCESS,,2026-09-25T11:38:52.320223,0.048
S038,R03,RECONSTRUCTION,SUCCESS,,2026-09-25T11:38:52.535288,0.208
S038,R03,QUALITY,SUCCESS,,2026-09-25T11:38:53.110682,0.567
S038,R03,TOTAL,SUCCESS,,2026-09-25T11:38:53.123219,100.218
S038,R04,LOAD,SUCCESS,,2026-09-25T11:38:53.539422,0.118
S038,R04,PREPROCESSING,SUCCESS,,2026-09-25T11:38:54.313117,0.761
S038,R04,ICA,SUCCESS,,2026-09-25T11:40:08.637018,74.317
S038,R04,ICLabel,SUCCESS,,2026-09-25T11:40:21.935038,13.29
S038,R04,PSD,SUCCESS,,2026-09-25T11:40:22.783291,0.769
S038,R04,ALICE,SUCCESS,,2026-09-25T11:40:23.779814,0.987
S038,R04,FEATURES,SUCCESS,,2026-09-25T11:40:27.903519,4.117
S038,R04,FUSION,SUCCESS,,2026-09-25T11:40:31.638547,0.082
S038,R04,NEUROAGENT,SUCCESS,,2026-09-25T11:40:31.688639,0.043
S038,R04,RECONSTRUCTION,SUCCESS,,2026-09-25T11:40:31.924488,0.227
S038,R04,QUALITY,SUCCESS,,2026-09-25T11:40:32.505655,0.574
S038,R04,TOTAL,SUCCESS,,2026-09-25T11:40:32.514203,99.093
S038,R05,LOAD,SUCCESS,,2026-09-25T11:40:32.930461,0.121
S038,R05,PREPROCESSING,SUCCESS,,2026-09-25T11:40:33.873381,0.921
S038,R05,ICA,SUCCESS,,2026-09-25T11:41:59.507580,85.626
S038,R05,ICLabel,SUCCESS,,2026-09-25T11:42:12.638736,13.124
S038,R05,PSD,SUCCESS,,2026-09-25T11:42:13.426196,0.715
S038,R05,ALICE,SUCCESS,,2026-09-25T11:42:14.341579,0.907
S038,R05,FEATURES,SUCCESS,,2026-09-25T11:42:18.556219,4.207
S038,R05,FUSION,SUCCESS,,2026-09-25T11:42:22.273574,0.086
S038,R05,NEUROAGENT,SUCCESS,,2026-09-25T11:42:22.324059,0.042
S038,R05,RECONSTRUCTION,SUCCESS,,2026-09-25T11:42:22.538012,0.205
S038,R05,QUALITY,SUCCESS,,2026-09-25T11:42:23.088867,0.545
S038,R05,TOTAL,SUCCESS,,2026-09-25T11:42:23.101583,110.291
S038,R06,LOAD,SUCCESS,,2026-09-25T11:42:23.548970,0.158
S038,R06,PREPROCESSING,SUCCESS,,2026-09-25T11:42:24.279814,0.709
S038,R06,ICA,SUCCESS,,2026-09-25T11:43:09.747797,45.459
S038,R06,ICLabel,SUCCESS,,2026-09-25T11:43:22.912395,13.154
S038,R06,PSD,SUCCESS,,2026-09-25T11:43:23.729748,0.72
S038,R06,ALICE,SUCCESS,,2026-09-25T11:43:24.684977,0.948
S038,R06,FEATURES,SUCCESS,,2026-09-25T11:43:28.699045,4.005
S038,R06,FUSION,SUCCESS,,2026-09-25T11:43:32.475002,0.089
S038,R06,NEUROAGENT,SUCCESS,,2026-09-25T11:43:32.523210,0.041
S038,R06,RECONSTRUCTION,SUCCESS,,2026-09-25T11:43:32.742650,0.212
S038,R06,QUALITY,SUCCESS,,2026-09-25T11:43:33.430767,0.681
S038,R06,TOTAL,SUCCESS,,2026-09-25T11:43:33.439221,70.048
S038,R07,LOAD,SUCCESS,,2026-09-25T11:43:33.971725,0.159
S038,R07,PREPROCESSING,SUCCESS,,2026-09-25T11:43:34.805879,0.81
S038,R07,ICA,SUCCESS,,2026-09-25T11:44:56.630396,81.813
S038,R07,ICLabel,SUCCESS,,2026-09-25T11:45:09.776435,13.137
S038,R07,PSD,SUCCESS,,2026-09-25T11:45:10.580606,0.698
S038,R07,ALICE,SUCCESS,,2026-09-25T11:45:11.576294,0.989
S038,R07,FEATURES,SUCCESS,,2026-09-25T11:45:16.626996,5.043
S038,R07,FUSION,SUCCESS,,2026-09-25T11:45:20.412993,0.086
S038,R07,NEUROAGENT,SUCCESS,,2026-09-25T11:45:20.464966,0.044
S038,R07,RECONSTRUCTION,SUCCESS,,2026-09-25T11:45:20.693087,0.219
S038,R07,QUALITY,SUCCESS,,2026-09-25T11:45:21.455121,0.754
S038,R07,TOTAL,SUCCESS,,2026-09-25T11:45:21.464265,107.653
S038,R08,LOAD,SUCCESS,,2026-09-25T11:45:21.878046,0.131
S038,R08,PREPROCESSING,SUCCESS,,2026-09-25T11:45:22.700062,0.791
S038,R08,ICA,SUCCESS,,2026-09-25T11:46:45.389856,82.683
S038,R08,ICLabel,SUCCESS,,2026-09-25T11:46:59.096429,13.699
S038,R08,PSD,SUCCESS,,2026-09-25T11:46:59.857874,0.677
S038,R08,ALICE,SUCCESS,,2026-09-25T11:47:01.075162,1.206
S038,R08,FEATURES,SUCCESS,,2026-09-25T11:47:05.924225,4.841
S038,R08,FUSION,SUCCESS,,2026-09-25T11:47:09.782959,0.089
S038,R08,NEUROAGENT,SUCCESS,,2026-09-25T11:47:09.834910,0.044
S038,R08,RECONSTRUCTION,SUCCESS,,2026-09-25T11:47:10.086017,0.24
S038,R08,QUALITY,SUCCESS,,2026-09-25T11:47:10.770958,0.675
S038,R08,TOTAL,SUCCESS,,2026-09-25T11:47:10.780134,109.033
S038,R09,LOAD,SUCCESS,,2026-09-25T11:47:11.206743,0.124
S038,R09,PREPROCESSING,SUCCESS,,2026-09-25T11:47:11.934791,0.715
S038,R09,ICA,SUCCESS,,2026-09-25T11:47:53.604076,41.661
S038,R09,ICLabel,SUCCESS,,2026-09-25T11:47:56.322924,2.716
S038,R09,PSD,SUCCESS,,2026-09-25T11:47:56.582226,0.219
S038,R09,ALICE,SUCCESS,,2026-09-25T11:47:56.786293,0.199
S038,R09,FEATURES,SUCCESS,,2026-09-25T11:47:57.593853,0.806
S038,R09,FUSION,SUCCESS,,2026-09-25T11:47:59.172714,0.044
S038,R09,NEUROAGENT,SUCCESS,,2026-09-25T11:47:59.196985,0.02
S038,R09,RECONSTRUCTION,SUCCESS,,2026-09-25T11:47:59.290651,0.09
S038,R09,QUALITY,SUCCESS,,2026-09-25T11:47:59.471982,0.179
S038,R09,TOTAL,SUCCESS,,2026-09-25T11:47:59.473973,48.393
S038,R10,LOAD,SUCCESS,,2026-09-25T11:47:59.665012,0.062
S038,R10,PREPROCESSING,SUCCESS,,2026-09-25T11:47:59.868705,0.202
S038,R10,ICA,SUCCESS,,2026-09-25T11:48:13.113279,13.241
S038,R10,ICLabel,SUCCESS,,2026-09-25T11:48:16.058303,2.942
S038,R10,PSD,SUCCESS,,2026-09-25T11:48:16.304755,0.21
S038,R10,ALICE,SUCCESS,,2026-09-25T11:48:16.545868,0.239
S038,R10,FEATURES,SUCCESS,,2026-09-25T11:48:17.448963,0.901
S038,R10,FUSION,SUCCESS,,2026-09-25T11:48:19.226453,0.043
S038,R10,NEUROAGENT,SUCCESS,,2026-09-25T11:48:19.251901,0.021
S038,R10,RECONSTRUCTION,SUCCESS,,2026-09-25T11:48:19.338533,0.084
S038,R10,QUALITY,SUCCESS,,2026-09-25T11:48:19.523083,0.182
S038,R10,TOTAL,SUCCESS,,2026-09-25T11:48:19.526148,19.923
S038,R11,LOAD,SUCCESS,,2026-09-25T11:48:19.729308,0.063
S038,R11,PREPROCESSING,SUCCESS,,2026-09-25T11:48:19.924777,0.19
S038,R11,ICA,SUCCESS,,2026-09-25T11:48:39.633123,19.706
S038,R11,ICLabel,SUCCESS,,2026-09-25T11:48:42.350659,2.714
S038,R11,PSD,SUCCESS,,2026-09-25T11:48:42.583151,0.19
S038,R11,ALICE,SUCCESS,,2026-09-25T11:48:42.781397,0.196
S038,R11,FEATURES,SUCCESS,,2026-09-25T11:48:43.513908,0.731
S038,R11,FUSION,SUCCESS,,2026-09-25T11:48:45.189490,0.045
S038,R11,NEUROAGENT,SUCCESS,,2026-09-25T11:48:45.215490,0.022
S038,R11,RECONSTRUCTION,SUCCESS,,2026-09-25T11:48:45.342500,0.121
S038,R11,QUALITY,SUCCESS,,2026-09-25T11:48:45.502057,0.158
S038,R11,TOTAL,SUCCESS,,2026-09-25T11:48:45.504051,25.838
S038,R12,LOAD,SUCCESS,,2026-09-25T11:48:45.686251,0.066
S038,R12,PREPROCESSING,SUCCESS,,2026-09-25T11:48:45.870775,0.182
S038,R12,ICA,SUCCESS,,2026-09-25T11:49:07.050561,21.177
S038,R12,ICLabel,SUCCESS,,2026-09-25T11:49:09.919074,2.866
S038,R12,PSD,SUCCESS,,2026-09-25T11:49:10.151412,0.186
S038,R12,ALICE,SUCCESS,,2026-09-25T11:49:10.348607,0.194
S038,R12,FEATURES,SUCCESS,,2026-09-25T11:49:11.156628,0.806
S038,R12,FUSION,SUCCESS,,2026-09-25T11:49:13.024444,0.038
S038,R12,NEUROAGENT,SUCCESS,,2026-09-25T11:49:13.052444,0.024
S038,R12,RECONSTRUCTION,SUCCESS,,2026-09-25T11:49:13.185093,0.127
S038,R12,QUALITY,SUCCESS,,2026-09-25T11:49:13.356517,0.168
S038,R12,TOTAL,SUCCESS,,2026-09-25T11:49:13.357523,27.737
S038,R13,LOAD,SUCCESS,,2026-09-25T11:49:13.551773,0.061
S038,R13,PREPROCESSING,SUCCESS,,2026-09-25T11:49:13.759729,0.204
S038,R13,ICA,SUCCESS,,2026-09-25T11:49:29.352893,15.591
S038,R13,ICLabel,SUCCESS,,2026-09-25T11:49:32.029146,2.673
S038,R13,PSD,SUCCESS,,2026-09-25T11:49:32.240313,0.174
S038,R13,ALICE,SUCCESS,,2026-09-25T11:49:32.418197,0.176
S038,R13,FEATURES,SUCCESS,,2026-09-25T11:49:33.201068,0.778
S038,R13,FUSION,SUCCESS,,2026-09-25T11:49:34.814358,0.043
S038,R13,NEUROAGENT,SUCCESS,,2026-09-25T11:49:34.844325,0.024
S038,R13,RECONSTRUCTION,SUCCESS,,2026-09-25T11:49:34.938818,0.09
S038,R13,QUALITY,SUCCESS,,2026-09-25T11:49:35.131739,0.19
S038,R13,TOTAL,SUCCESS,,2026-09-25T11:49:35.133717,21.643
S038,R14,LOAD,SUCCESS,,2026-09-25T11:49:35.328544,0.062
S038,R14,PREPROCESSING,SUCCESS,,2026-09-25T11:49:35.525253,0.192
S038,R14,ICA,SUCCESS,,2026-09-25T11:49:53.881273,18.354
S038,R14,ICLabel,SUCCESS,,2026-09-25T11:49:56.610749,2.724
S038,R14,PSD,SUCCESS,,2026-09-25T11:49:56.850760,0.198
S038,R14,ALICE,SUCCESS,,2026-09-25T11:49:57.037800,0.184
S038,R14,FEATURES,SUCCESS,,2026-09-25T11:49:57.873287,0.833
S038,R14,FUSION,SUCCESS,,2026-09-25T11:49:59.523568,0.048
S038,R14,NEUROAGENT,SUCCESS,,2026-09-25T11:49:59.550573,0.024
S038,R14,RECONSTRUCTION,SUCCESS,,2026-09-25T11:49:59.644949,0.091
S038,R14,QUALITY,SUCCESS,,2026-09-25T11:49:59.827748,0.18
S038,R14,TOTAL,SUCCESS,,2026-09-25T11:49:59.829762,24.564
S039,R01,LOAD,SUCCESS,,2026-09-25T11:50:00.012321,0.037
S039,R01,PREPROCESSING,SUCCESS,,2026-09-25T11:50:00.245390,0.225
S039,R01,ICA,SUCCESS,,2026-09-25T11:50:21.463103,21.212
S039,R01,ICLabel,SUCCESS,,2026-09-25T11:50:23.999236,2.533
S039,R01,PSD,SUCCESS,,2026-09-25T11:50:24.196971,0.171
S039,R01,ALICE,SUCCESS,,2026-09-25T11:50:24.358020,0.158
S039,R01,FEATURES,SUCCESS,,2026-09-25T11:50:24.780616,0.42
S039,R01,FUSION,SUCCESS,,2026-09-25T11:50:25.836078,0.05
S039,R01,NEUROAGENT,SUCCESS,,2026-09-25T11:50:25.865077,0.024
S039,R01,RECONSTRUCTION,SUCCESS,,2026-09-25T11:50:25.962259,0.091
S039,R01,QUALITY,SUCCESS,,2026-09-25T11:50:26.128505,0.161
S039,R01,TOTAL,SUCCESS,,2026-09-25T11:50:26.138517,26.163
S039,R02,LOAD,SUCCESS,,2026-09-25T11:50:26.476198,0.107
S039,R02,PREPROCESSING,SUCCESS,,2026-09-25T11:50:26.639400,0.156
S039,R02,ICA,SUCCESS,,2026-09-25T11:50:39.180832,12.539
S039,R02,ICLabel,SUCCESS,,2026-09-25T11:50:41.781518,2.598
S039,R02,PSD,SUCCESS,,2026-09-25T11:50:41.982043,0.172
S039,R02,ALICE,SUCCESS,,2026-09-25T11:50:42.129384,0.145
S039,R02,FEATURES,SUCCESS,,2026-09-25T11:50:42.551471,0.42
S039,R02,FUSION,SUCCESS,,2026-09-25T11:50:43.452850,0.047
S039,R02,NEUROAGENT,SUCCESS,,2026-09-25T11:50:43.483853,0.027
S039,R02,RECONSTRUCTION,SUCCESS,,2026-09-25T11:50:43.570031,0.082
S039,R02,QUALITY,SUCCESS,,2026-09-25T11:50:43.671042,0.097
S039,R02,TOTAL,SUCCESS,,2026-09-25T11:50:43.675040,17.305
S039,R03,LOAD,SUCCESS,,2026-09-25T11:50:43.864056,0.056
S039,R03,PREPROCESSING,SUCCESS,,2026-09-25T11:50:44.077460,0.21
S039,R03,ICA,SUCCESS,,2026-09-25T11:51:04.625193,20.545
S039,R03,ICLabel,SUCCESS,,2026-09-25T11:51:07.448674,2.821
S039,R03,PSD,SUCCESS,,2026-09-25T11:51:07.692530,0.204
S039,R03,ALICE,SUCCESS,,2026-09-25T11:51:07.894550,0.198
S039,R03,FEATURES,SUCCESS,,2026-09-25T11:51:08.669365,0.773
S039,R03,FUSION,SUCCESS,,2026-09-25T11:51:10.483177,0.041
S039,R03,NEUROAGENT,SUCCESS,,2026-09-25T11:51:10.502177,0.015
S039,R03,RECONSTRUCTION,SUCCESS,,2026-09-25T11:51:10.628817,0.122
S039,R03,QUALITY,SUCCESS,,2026-09-25T11:51:10.813975,0.181
S039,R03,TOTAL,SUCCESS,,2026-09-25T11:51:10.815974,27.008
S039,R04,LOAD,SUCCESS,,2026-09-25T11:51:11.012594,0.068
S039,R04,PREPROCESSING,SUCCESS,,2026-09-25T11:51:11.237820,0.219
S039,R04,ICA,SUCCESS,,2026-09-25T11:51:31.458886,20.217
S039,R04,ICLabel,SUCCESS,,2026-09-25T11:51:34.305284,2.844
S039,R04,PSD,SUCCESS,,2026-09-25T11:51:34.542492,0.191
S039,R04,ALICE,SUCCESS,,2026-09-25T11:51:34.743238,0.197
S039,R04,FEATURES,SUCCESS,,2026-09-25T11:51:35.575310,0.829
S039,R04,FUSION,SUCCESS,,2026-09-25T11:51:37.247921,0.028
S039,R04,NEUROAGENT,SUCCESS,,2026-09-25T11:51:37.277922,0.026
S039,R04,RECONSTRUCTION,SUCCESS,,2026-09-25T11:51:37.404475,0.123
S039,R04,QUALITY,SUCCESS,,2026-09-25T11:51:37.576469,0.168
S039,R04,TOTAL,SUCCESS,,2026-09-25T11:51:37.581468,26.638
S039,R05,LOAD,SUCCESS,,2026-09-25T11:51:37.837619,0.088
S039,R05,PREPROCESSING,SUCCESS,,2026-09-25T11:51:38.136210,0.293
S039,R05,ICA,SUCCESS,,2026-09-25T11:51:51.454619,13.315
S039,R05,ICLabel,SUCCESS,,2026-09-25T11:51:54.318322,2.861
S039,R05,PSD,SUCCESS,,2026-09-25T11:51:54.585089,0.224
S039,R05,ALICE,SUCCESS,,2026-09-25T11:51:54.794957,0.207
S039,R05,FEATURES,SUCCESS,,2026-09-25T11:51:55.536375,0.739
S039,R05,FUSION,SUCCESS,,2026-09-25T11:51:57.101694,0.046
S039,R05,NEUROAGENT,SUCCESS,,2026-09-25T11:51:57.117698,0.012
S039,R05,RECONSTRUCTION,SUCCESS,,2026-09-25T11:51:57.233528,0.112
S039,R05,QUALITY,SUCCESS,,2026-09-25T11:51:57.421398,0.183
S039,R05,TOTAL,SUCCESS,,2026-09-25T11:51:57.423480,19.675
S039,R06,LOAD,SUCCESS,,2026-09-25T11:51:57.645369,0.077
S039,R06,PREPROCESSING,SUCCESS,,2026-09-25T11:51:57.855761,0.204
S039,R06,ICA,SUCCESS,,2026-09-25T11:52:12.429066,14.57
S039,R06,ICLabel,SUCCESS,,2026-09-25T11:52:15.201417,2.769
S039,R06,PSD,SUCCESS,,2026-09-25T11:52:15.437201,0.194
S039,R06,ALICE,SUCCESS,,2026-09-25T11:52:15.631223,0.19
S039,R06,FEATURES,SUCCESS,,2026-09-25T11:52:16.392951,0.761
S039,R06,FUSION,SUCCESS,,2026-09-25T11:52:17.964649,0.042
S039,R06,NEUROAGENT,SUCCESS,,2026-09-25T11:52:17.986654,0.017
S039,R06,RECONSTRUCTION,SUCCESS,,2026-09-25T11:52:18.104983,0.114
S039,R06,QUALITY,SUCCESS,,2026-09-25T11:52:18.277001,0.169
S039,R06,TOTAL,SUCCESS,,2026-09-25T11:52:18.278986,20.712
S039,R07,LOAD,SUCCESS,,2026-09-25T11:52:18.476852,0.061
S039,R07,PREPROCESSING,SUCCESS,,2026-09-25T11:52:18.672785,0.192
S039,R07,ICA,SUCCESS,,2026-09-25T11:52:39.241788,20.566
S039,R07,ICLabel,SUCCESS,,2026-09-25T11:52:42.127980,2.884
S039,R07,PSD,SUCCESS,,2026-09-25T11:52:42.388194,0.215
S039,R07,ALICE,SUCCESS,,2026-09-25T11:52:42.579053,0.189
S039,R07,FEATURES,SUCCESS,,2026-09-25T11:52:43.376430,0.795
S039,R07,FUSION,SUCCESS,,2026-09-25T11:52:44.922082,0.043
S039,R07,NEUROAGENT,SUCCESS,,2026-09-25T11:52:44.947425,0.021
S039,R07,RECONSTRUCTION,SUCCESS,,2026-09-25T11:52:45.040412,0.088
S039,R07,QUALITY,SUCCESS,,2026-09-25T11:52:45.216245,0.173
S039,R07,TOTAL,SUCCESS,,2026-09-25T11:52:45.218244,26.803
S039,R08,LOAD,SUCCESS,,2026-09-25T11:52:45.432526,0.07
S039,R08,PREPROCESSING,SUCCESS,,2026-09-25T11:52:45.714292,0.278
S039,R08,ICA,SUCCESS,,2026-09-25T11:53:10.821932,25.102
S039,R08,ICLabel,SUCCESS,,2026-09-25T11:53:16.779406,5.947
S039,R08,PSD,SUCCESS,,2026-09-25T11:53:17.186625,0.356
S039,R08,ALICE,SUCCESS,,2026-09-25T11:53:17.557021,0.362
S039,R08,FEATURES,SUCCESS,,2026-09-25T11:53:18.993464,1.431
S039,R08,FUSION,SUCCESS,,2026-09-25T11:53:21.454136,0.069
S039,R08,NEUROAGENT,SUCCESS,,2026-09-25T11:53:21.496282,0.036
S039,R08,RECONSTRUCTION,SUCCESS,,2026-09-25T11:53:21.662219,0.158
S039,R08,QUALITY,SUCCESS,,2026-09-25T11:53:21.970622,0.301
S039,R08,TOTAL,SUCCESS,,2026-09-25T11:53:21.975662,36.613
S039,R09,LOAD,SUCCESS,,2026-09-25T11:53:22.235509,0.076
S039,R09,PREPROCESSING,SUCCESS,,2026-09-25T11:53:22.645924,0.403
S039,R09,ICA,SUCCESS,,2026-09-25T11:53:50.808824,28.158
S039,R09,ICLabel,SUCCESS,,2026-09-25T11:53:55.842478,5.03
S039,R09,PSD,SUCCESS,,2026-09-25T11:53:56.255279,0.349
S039,R09,ALICE,SUCCESS,,2026-09-25T11:53:56.623173,0.36
S039,R09,FEATURES,SUCCESS,,2026-09-25T11:53:58.311440,1.686
S039,R09,FUSION,SUCCESS,,2026-09-25T11:54:00.715298,0.067
S039,R09,NEUROAGENT,SUCCESS,,2026-09-25T11:54:00.752542,0.031
S039,R09,RECONSTRUCTION,SUCCESS,,2026-09-25T11:54:00.896325,0.138
S039,R09,QUALITY,SUCCESS,,2026-09-25T11:54:01.188898,0.286
S039,R09,TOTAL,SUCCESS,,2026-09-25T11:54:01.192887,39.034
S039,R10,LOAD,SUCCESS,,2026-09-25T11:54:01.469349,0.083
S039,R10,PREPROCESSING,SUCCESS,,2026-09-25T11:54:01.874359,0.396
S039,R10,ICA,SUCCESS,,2026-09-25T11:54:39.424244,37.546
S039,R10,ICLabel,SUCCESS,,2026-09-25T11:54:44.407943,4.976
S039,R10,PSD,SUCCESS,,2026-09-25T11:54:44.813813,0.337
S039,R10,ALICE,SUCCESS,,2026-09-25T11:54:45.164388,0.348
S039,R10,FEATURES,SUCCESS,,2026-09-25T11:54:46.754141,1.586
S039,R10,FUSION,SUCCESS,,2026-09-25T11:54:49.360448,0.078
S039,R10,NEUROAGENT,SUCCESS,,2026-09-25T11:54:49.413906,0.045
S039,R10,RECONSTRUCTION,SUCCESS,,2026-09-25T11:54:49.568932,0.148
S039,R10,QUALITY,SUCCESS,,2026-09-25T11:54:49.853813,0.28
S039,R10,TOTAL,SUCCESS,,2026-09-25T11:54:49.857816,48.471
S039,R11,LOAD,SUCCESS,,2026-09-25T11:54:50.143616,0.076
S039,R11,PREPROCESSING,SUCCESS,,2026-09-25T11:54:50.677618,0.529
S039,R11,ICA,SUCCESS,,2026-09-25T11:55:29.885425,39.204
S039,R11,ICLabel,SUCCESS,,2026-09-25T11:55:34.858082,4.968
S039,R11,PSD,SUCCESS,,2026-09-25T11:55:35.255014,0.331
S039,R11,ALICE,SUCCESS,,2026-09-25T11:55:35.605000,0.344
S039,R11,FEATURES,SUCCESS,,2026-09-25T11:55:37.089313,1.479
S039,R11,FUSION,SUCCESS,,2026-09-25T11:55:39.716092,0.063
S039,R11,NEUROAGENT,SUCCESS,,2026-09-25T11:55:39.768132,0.043
S039,R11,RECONSTRUCTION,SUCCESS,,2026-09-25T11:55:39.903868,0.129
S039,R11,QUALITY,SUCCESS,,2026-09-25T11:55:40.189663,0.279
S039,R11,TOTAL,SUCCESS,,2026-09-25T11:55:40.193667,50.125
S039,R12,LOAD,SUCCESS,,2026-09-25T11:55:40.444162,0.071
S039,R12,PREPROCESSING,SUCCESS,,2026-09-25T11:55:40.770525,0.32
S039,R12,ICA,SUCCESS,,2026-09-25T11:56:15.791839,35.017
S039,R12,ICLabel,SUCCESS,,2026-09-25T11:56:20.617268,4.816
S039,R12,PSD,SUCCESS,,2026-09-25T11:56:21.080106,0.391
S039,R12,ALICE,SUCCESS,,2026-09-25T11:56:21.614883,0.525
S039,R12,FEATURES,SUCCESS,,2026-09-25T11:56:23.101641,1.481
S039,R12,FUSION,SUCCESS,,2026-09-25T11:56:25.549939,0.07
S039,R12,NEUROAGENT,SUCCESS,,2026-09-25T11:56:25.594626,0.036
S039,R12,RECONSTRUCTION,SUCCESS,,2026-09-25T11:56:25.756642,0.156
S039,R12,QUALITY,SUCCESS,,2026-09-25T11:56:26.045785,0.282
S039,R12,TOTAL,SUCCESS,,2026-09-25T11:56:26.051045,45.677
S039,R13,LOAD,SUCCESS,,2026-09-25T11:56:26.281639,0.069
S039,R13,PREPROCESSING,SUCCESS,,2026-09-25T11:56:26.763436,0.476
S039,R13,ICA,SUCCESS,,2026-09-25T11:56:50.794414,24.028
S039,R13,ICLabel,SUCCESS,,2026-09-25T11:56:55.819221,5.02
S039,R13,PSD,SUCCESS,,2026-09-25T11:56:56.240293,0.352
S039,R13,ALICE,SUCCESS,,2026-09-25T11:56:56.412148,0.169
S039,R13,FEATURES,SUCCESS,,2026-09-25T11:56:57.137042,0.723
S039,R13,FUSION,SUCCESS,,2026-09-25T11:56:58.287560,0.047
S039,R13,NEUROAGENT,SUCCESS,,2026-09-25T11:56:58.313809,0.021
S039,R13,RECONSTRUCTION,SUCCESS,,2026-09-25T11:56:58.438378,0.122
S039,R13,QUALITY,SUCCESS,,2026-09-25T11:56:58.571733,0.131
S039,R13,TOTAL,SUCCESS,,2026-09-25T11:56:58.572733,32.361
S039,R14,LOAD,SUCCESS,,2026-09-25T11:56:58.685255,0.03
S039,R14,PREPROCESSING,SUCCESS,,2026-09-25T11:56:58.826905,0.139
S039,R14,ICA,SUCCESS,,2026-09-25T11:57:22.502238,23.673
S039,R14,ICLabel,SUCCESS,,2026-09-25T11:57:27.928158,5.421
S039,R14,PSD,SUCCESS,,2026-09-25T11:57:28.424675,0.435
S039,R14,ALICE,SUCCESS,,2026-09-25T11:57:28.828729,0.397
S039,R14,FEATURES,SUCCESS,,2026-09-25T11:57:30.355809,1.523
S039,R14,FUSION,SUCCESS,,2026-09-25T11:57:32.948422,0.067
S039,R14,NEUROAGENT,SUCCESS,,2026-09-25T11:57:32.988685,0.034
S039,R14,RECONSTRUCTION,SUCCESS,,2026-09-25T11:57:33.141883,0.145
S039,R14,QUALITY,SUCCESS,,2026-09-25T11:57:33.446835,0.301
S039,R14,TOTAL,SUCCESS,,2026-09-25T11:57:33.450818,34.795
S040,R01,LOAD,SUCCESS,,2026-09-25T11:57:33.692640,0.064
S040,R01,PREPROCESSING,SUCCESS,,2026-09-25T11:57:33.971404,0.273
S040,R01,ICA,SUCCESS,,2026-09-25T11:57:55.565217,21.587
S040,R01,ICLabel,SUCCESS,,2026-09-25T11:58:00.301380,4.732
S040,R01,PSD,SUCCESS,,2026-09-25T11:58:00.620290,0.279
S040,R01,ALICE,SUCCESS,,2026-09-25T11:58:00.910142,0.285
S040,R01,FEATURES,SUCCESS,,2026-09-25T11:58:01.808148,0.894
S040,R01,FUSION,SUCCESS,,2026-09-25T11:58:03.196376,0.069
S040,R01,NEUROAGENT,SUCCESS,,2026-09-25T11:58:03.236524,0.035
S040,R01,RECONSTRUCTION,SUCCESS,,2026-09-25T11:58:03.336677,0.094
S040,R01,QUALITY,SUCCESS,,2026-09-25T11:58:03.493811,0.151
S040,R01,TOTAL,SUCCESS,,2026-09-25T11:58:03.497366,29.869
S040,R02,LOAD,SUCCESS,,2026-09-25T11:58:03.706601,0.052
S040,R02,PREPROCESSING,SUCCESS,,2026-09-25T11:58:03.944357,0.23
S040,R02,ICA,SUCCESS,,2026-09-25T11:58:33.146059,29.196
S040,R02,ICLabel,SUCCESS,,2026-09-25T11:58:38.027060,4.873
S040,R02,PSD,SUCCESS,,2026-09-25T11:58:38.319796,0.252
S040,R02,ALICE,SUCCESS,,2026-09-25T11:58:38.588193,0.264
S040,R02,FEATURES,SUCCESS,,2026-09-25T11:58:39.490945,0.898
S040,R02,FUSION,SUCCESS,,2026-09-25T11:58:40.937161,0.066
S040,R02,NEUROAGENT,SUCCESS,,2026-09-25T11:58:40.976331,0.034
S040,R02,RECONSTRUCTION,SUCCESS,,2026-09-25T11:58:41.087482,0.105
S040,R02,QUALITY,SUCCESS,,2026-09-25T11:58:41.242391,0.147
S040,R02,TOTAL,SUCCESS,,2026-09-25T11:58:41.246380,37.593
S040,R03,LOAD,SUCCESS,,2026-09-25T11:58:41.572039,0.068
S040,R03,PREPROCESSING,SUCCESS,,2026-09-25T11:58:41.943433,0.364
S040,R03,ICA,SUCCESS,,2026-09-25T11:59:18.613738,36.666
S040,R03,ICLabel,SUCCESS,,2026-09-25T11:59:24.504907,5.88
S040,R03,PSD,SUCCESS,,2026-09-25T11:59:24.900951,0.331
S040,R03,ALICE,SUCCESS,,2026-09-25T11:59:25.300720,0.396
S040,R03,FEATURES,SUCCESS,,2026-09-25T11:59:28.157309,2.853
S040,R03,FUSION,SUCCESS,,2026-09-25T11:59:30.991639,0.068
S040,R03,NEUROAGENT,SUCCESS,,2026-09-25T11:59:31.033101,0.034
S040,R03,RECONSTRUCTION,SUCCESS,,2026-09-25T11:59:31.194687,0.156
S040,R03,QUALITY,SUCCESS,,2026-09-25T11:59:31.822272,0.622
S040,R03,TOTAL,SUCCESS,,2026-09-25T11:59:31.834393,50.331
S040,R04,LOAD,SUCCESS,,2026-09-25T11:59:32.279897,0.119
S040,R04,PREPROCESSING,SUCCESS,,2026-09-25T11:59:32.887555,0.597
S040,R04,ICA,SUCCESS,,2026-09-25T12:00:14.613572,41.715
S040,R04,ICLabel,SUCCESS,,2026-09-25T12:00:21.241652,6.617
S040,R04,PSD,SUCCESS,,2026-09-25T12:00:21.776591,0.439
S040,R04,ALICE,SUCCESS,,2026-09-25T12:00:22.318278,0.537
S040,R04,FEATURES,SUCCESS,,2026-09-25T12:00:24.254960,1.932
S040,R04,FUSION,SUCCESS,,2026-09-25T12:00:27.122135,0.064
S040,R04,NEUROAGENT,SUCCESS,,2026-09-25T12:00:27.160845,0.033
S040,R04,RECONSTRUCTION,SUCCESS,,2026-09-25T12:00:27.344627,0.178
S040,R04,QUALITY,SUCCESS,,2026-09-25T12:00:27.791422,0.441
S040,R04,TOTAL,SUCCESS,,2026-09-25T12:00:27.794804,55.635
S040,R05,LOAD,SUCCESS,,2026-09-25T12:00:28.045100,0.072
S040,R05,PREPROCESSING,SUCCESS,,2026-09-25T12:00:28.412200,0.362
S040,R05,ICA,SUCCESS,,2026-09-25T12:01:03.531644,35.115
S040,R05,ICLabel,SUCCESS,,2026-09-25T12:01:06.267744,2.732
S040,R05,PSD,SUCCESS,,2026-09-25T12:01:06.569823,0.241
S040,R05,ALICE,SUCCESS,,2026-09-25T12:01:06.932696,0.361
S040,R05,FEATURES,SUCCESS,,2026-09-25T12:01:07.965554,1.029
S040,R05,FUSION,SUCCESS,,2026-09-25T12:01:09.863195,0.049
S040,R05,NEUROAGENT,SUCCESS,,2026-09-25T12:01:09.894200,0.025
S040,R05,RECONSTRUCTION,SUCCESS,,2026-09-25T12:01:10.021461,0.123
S040,R05,QUALITY,SUCCESS,,2026-09-25T12:01:10.350408,0.327
S040,R05,TOTAL,SUCCESS,,2026-09-25T12:01:10.354878,42.382
S040,R06,LOAD,SUCCESS,,2026-09-25T12:01:10.590159,0.06
S040,R06,PREPROCESSING,SUCCESS,,2026-09-25T12:01:10.915640,0.32
S040,R06,ICA,SUCCESS,,2026-09-25T12:01:35.475291,24.556
S040,R06,ICLabel,SUCCESS,,2026-09-25T12:01:38.680692,3.202
S040,R06,PSD,SUCCESS,,2026-09-25T12:01:38.951986,0.216
S040,R06,ALICE,SUCCESS,,2026-09-25T12:01:39.183519,0.23
S040,R06,FEATURES,SUCCESS,,2026-09-25T12:01:40.140167,0.955
S040,R06,FUSION,SUCCESS,,2026-09-25T12:01:41.938822,0.047
S040,R06,NEUROAGENT,SUCCESS,,2026-09-25T12:01:41.965828,0.023
S040,R06,RECONSTRUCTION,SUCCESS,,2026-09-25T12:01:42.089829,0.12
S040,R06,QUALITY,SUCCESS,,2026-09-25T12:01:42.300620,0.209
S040,R06,TOTAL,SUCCESS,,2026-09-25T12:01:42.302832,31.774
S040,R07,LOAD,SUCCESS,,2026-09-25T12:01:42.522967,0.078
S040,R07,PREPROCESSING,SUCCESS,,2026-09-25T12:01:42.793509,0.265
S040,R07,ICA,SUCCESS,,2026-09-25T12:02:05.579196,22.783
S040,R07,ICLabel,SUCCESS,,2026-09-25T12:02:08.419704,2.839
S040,R07,PSD,SUCCESS,,2026-09-25T12:02:08.676822,0.209
S040,R07,ALICE,SUCCESS,,2026-09-25T12:02:08.882300,0.201
S040,R07,FEATURES,SUCCESS,,2026-09-25T12:02:09.684117,0.801
S040,R07,FUSION,SUCCESS,,2026-09-25T12:02:11.510240,0.049
S040,R07,NEUROAGENT,SUCCESS,,2026-09-25T12:02:11.530240,0.016
S040,R07,RECONSTRUCTION,SUCCESS,,2026-09-25T12:02:11.657424,0.123
S040,R07,QUALITY,SUCCESS,,2026-09-25T12:02:11.840353,0.18
S040,R07,TOTAL,SUCCESS,,2026-09-25T12:02:11.843356,29.397
S040,R08,LOAD,SUCCESS,,2026-09-25T12:02:12.047971,0.065
S040,R08,PREPROCESSING,SUCCESS,,2026-09-25T12:02:12.252610,0.201
S040,R08,ICA,SUCCESS,,2026-09-25T12:02:29.406481,17.151
S040,R08,ICLabel,SUCCESS,,2026-09-25T12:02:32.376286,2.968
S040,R08,PSD,SUCCESS,,2026-09-25T12:02:32.667722,0.235
S040,R08,ALICE,SUCCESS,,2026-09-25T12:02:32.876618,0.205
S040,R08,FEATURES,SUCCESS,,2026-09-25T12:02:33.638761,0.76
S040,R08,FUSION,SUCCESS,,2026-09-25T12:02:35.357360,0.042
S040,R08,NEUROAGENT,SUCCESS,,2026-09-25T12:02:35.388357,0.026
S040,R08,RECONSTRUCTION,SUCCESS,,2026-09-25T12:02:35.514860,0.122
S040,R08,QUALITY,SUCCESS,,2026-09-25T12:02:35.696478,0.18
S040,R08,TOTAL,SUCCESS,,2026-09-25T12:02:35.698523,23.716
S040,R09,LOAD,SUCCESS,,2026-09-25T12:02:35.894138,0.062
S040,R09,PREPROCESSING,SUCCESS,,2026-09-25T12:02:36.120036,0.223
S040,R09,ICA,SUCCESS,,2026-09-25T12:02:52.501393,16.378
S040,R09,ICLabel,SUCCESS,,2026-09-25T12:02:55.451687,2.947
S040,R09,PSD,SUCCESS,,2026-09-25T12:02:55.740050,0.232
S040,R09,ALICE,SUCCESS,,2026-09-25T12:02:56.007540,0.265
S040,R09,FEATURES,SUCCESS,,2026-09-25T12:02:56.786267,0.776
S040,R09,FUSION,SUCCESS,,2026-09-25T12:02:58.555189,0.054
S040,R09,NEUROAGENT,SUCCESS,,2026-09-25T12:02:58.588994,0.029
S040,R09,RECONSTRUCTION,SUCCESS,,2026-09-25T12:02:58.703304,0.11
S040,R09,QUALITY,SUCCESS,,2026-09-25T12:02:58.888729,0.183
S040,R09,TOTAL,SUCCESS,,2026-09-25T12:02:58.890724,23.059
S040,R10,LOAD,SUCCESS,,2026-09-25T12:02:59.082943,0.063
S040,R10,PREPROCESSING,SUCCESS,,2026-09-25T12:02:59.321164,0.234
S040,R10,ICA,SUCCESS,,2026-09-25T12:03:18.110614,18.787
S040,R10,ICLabel,SUCCESS,,2026-09-25T12:03:20.967905,2.852
S040,R10,PSD,SUCCESS,,2026-09-25T12:03:21.205347,0.187
S040,R10,ALICE,SUCCESS,,2026-09-25T12:03:21.469028,0.261
S040,R10,FEATURES,SUCCESS,,2026-09-25T12:03:22.277878,0.807
S040,R10,FUSION,SUCCESS,,2026-09-25T12:03:24.070092,0.047
S040,R10,NEUROAGENT,SUCCESS,,2026-09-25T12:03:24.097098,0.022
S040,R10,RECONSTRUCTION,SUCCESS,,2026-09-25T12:03:24.226097,0.127
S040,R10,QUALITY,SUCCESS,,2026-09-25T12:03:24.400730,0.173
S040,R10,TOTAL,SUCCESS,,2026-09-25T12:03:24.402730,25.382
S040,R11,LOAD,SUCCESS,,2026-09-25T12:03:24.588046,0.06
S040,R11,PREPROCESSING,SUCCESS,,2026-09-25T12:03:24.778842,0.188
S040,R11,ICA,SUCCESS,,2026-09-25T12:03:45.573004,20.792
S040,R11,ICLabel,SUCCESS,,2026-09-25T12:03:48.397712,2.822
S040,R11,PSD,SUCCESS,,2026-09-25T12:03:48.666508,0.213
S040,R11,ALICE,SUCCESS,,2026-09-25T12:03:48.864053,0.196
S040,R11,FEATURES,SUCCESS,,2026-09-25T12:03:49.611580,0.745
S040,R11,FUSION,SUCCESS,,2026-09-25T12:03:51.362226,0.048
S040,R11,NEUROAGENT,SUCCESS,,2026-09-25T12:03:51.390229,0.024
S040,R11,RECONSTRUCTION,SUCCESS,,2026-09-25T12:03:51.509244,0.115
S040,R11,QUALITY,SUCCESS,,2026-09-25T12:03:51.681110,0.17
S040,R11,TOTAL,SUCCESS,,2026-09-25T12:03:51.684109,27.157
S040,R12,LOAD,SUCCESS,,2026-09-25T12:03:51.879545,0.063
S040,R12,PREPROCESSING,SUCCESS,,2026-09-25T12:03:52.085065,0.202
S040,R12,ICA,SUCCESS,,2026-09-25T12:04:11.599045,19.511
S040,R12,ICLabel,SUCCESS,,2026-09-25T12:04:14.440085,2.838
S040,R12,PSD,SUCCESS,,2026-09-25T12:04:14.734551,0.237
S040,R12,ALICE,SUCCESS,,2026-09-25T12:04:14.967835,0.231
S040,R12,FEATURES,SUCCESS,,2026-09-25T12:04:15.711807,0.742
S040,R12,FUSION,SUCCESS,,2026-09-25T12:04:17.539835,0.046
S040,R12,NEUROAGENT,SUCCESS,,2026-09-25T12:04:17.568696,0.024
S040,R12,RECONSTRUCTION,SUCCESS,,2026-09-25T12:04:17.691163,0.117
S040,R12,QUALITY,SUCCESS,,2026-09-25T12:04:17.857795,0.165
S040,R12,TOTAL,SUCCESS,,2026-09-25T12:04:17.860779,26.046
S040,R13,LOAD,SUCCESS,,2026-09-25T12:04:18.054568,0.063
S040,R13,PREPROCESSING,SUCCESS,,2026-09-25T12:04:18.266519,0.205
S040,R13,ICA,SUCCESS,,2026-09-25T12:04:35.357568,17.089
S040,R13,ICLabel,SUCCESS,,2026-09-25T12:04:38.158377,2.799
S040,R13,PSD,SUCCESS,,2026-09-25T12:04:38.424416,0.219
S040,R13,ALICE,SUCCESS,,2026-09-25T12:04:38.644385,0.218
S040,R13,FEATURES,SUCCESS,,2026-09-25T12:04:39.416305,0.769
S040,R13,FUSION,SUCCESS,,2026-09-25T12:04:41.236295,0.049
S040,R13,NEUROAGENT,SUCCESS,,2026-09-25T12:04:41.267557,0.027
S040,R13,RECONSTRUCTION,SUCCESS,,2026-09-25T12:04:41.387166,0.118
S040,R13,QUALITY,SUCCESS,,2026-09-25T12:04:41.547734,0.158
S040,R13,TOTAL,SUCCESS,,2026-09-25T12:04:41.549697,23.559
S040,R14,LOAD,SUCCESS,,2026-09-25T12:04:41.738363,0.058
S040,R14,PREPROCESSING,SUCCESS,,2026-09-25T12:04:41.942926,0.201
S040,R14,ICA,SUCCESS,,2026-09-25T12:05:05.254841,23.309
S040,R14,ICLabel,SUCCESS,,2026-09-25T12:05:10.603451,5.342
S040,R14,PSD,SUCCESS,,2026-09-25T12:05:11.051966,0.387
S040,R14,ALICE,SUCCESS,,2026-09-25T12:05:11.465292,0.409
S040,R14,FEATURES,SUCCESS,,2026-09-25T12:05:12.884336,1.416
S040,R14,FUSION,SUCCESS,,2026-09-25T12:05:15.494424,0.064
S040,R14,NEUROAGENT,SUCCESS,,2026-09-25T12:05:15.534445,0.034
S040,R14,RECONSTRUCTION,SUCCESS,,2026-09-25T12:05:15.691499,0.15
S040,R14,QUALITY,SUCCESS,,2026-09-25T12:05:16.045067,0.349
S040,R14,TOTAL,SUCCESS,,2026-09-25T12:05:16.050006,34.369
S041,R01,LOAD,SUCCESS,,2026-09-25T12:05:16.307551,0.055
S041,R01,PREPROCESSING,SUCCESS,,2026-09-25T12:05:16.605218,0.289
S041,R01,ICA,SUCCESS,,2026-09-25T12:05:52.558112,35.947
S041,R01,ICLabel,SUCCESS,,2026-09-25T12:05:58.493099,5.931
S041,R01,PSD,SUCCESS,,2026-09-25T12:05:58.783020,0.245
S041,R01,ALICE,SUCCESS,,2026-09-25T12:05:59.049772,0.262
S041,R01,FEATURES,SUCCESS,,2026-09-25T12:05:59.889509,0.835
S041,R01,FUSION,SUCCESS,,2026-09-25T12:06:01.361829,0.073
S041,R01,NEUROAGENT,SUCCESS,,2026-09-25T12:06:01.396534,0.029
S041,R01,RECONSTRUCTION,SUCCESS,,2026-09-25T12:06:01.513711,0.111
S041,R01,QUALITY,SUCCESS,,2026-09-25T12:06:01.781219,0.259
S041,R01,TOTAL,SUCCESS,,2026-09-25T12:06:01.792078,45.538
S041,R02,LOAD,SUCCESS,,2026-09-25T12:06:02.121541,0.067
S041,R02,PREPROCESSING,SUCCESS,,2026-09-25T12:06:02.484726,0.354
S041,R02,ICA,SUCCESS,,2026-09-25T12:06:33.195848,30.704
S041,R02,ICLabel,SUCCESS,,2026-09-25T12:06:37.356727,4.155
S041,R02,PSD,SUCCESS,,2026-09-25T12:06:37.670458,0.266
S041,R02,ALICE,SUCCESS,,2026-09-25T12:06:37.957668,0.283
S041,R02,FEATURES,SUCCESS,,2026-09-25T12:06:38.465471,0.502
S041,R02,FUSION,SUCCESS,,2026-09-25T12:06:39.466756,0.051
S041,R02,NEUROAGENT,SUCCESS,,2026-09-25T12:06:39.485759,0.014
S041,R02,RECONSTRUCTION,SUCCESS,,2026-09-25T12:06:39.576442,0.089
S041,R02,QUALITY,SUCCESS,,2026-09-25T12:06:39.681488,0.1
S041,R02,TOTAL,SUCCESS,,2026-09-25T12:06:39.683490,37.629
S041,R03,LOAD,SUCCESS,,2026-09-25T12:06:39.814538,0.037
S041,R03,PREPROCESSING,SUCCESS,,2026-09-25T12:06:39.976028,0.158
S041,R03,ICA,SUCCESS,,2026-09-25T12:07:35.200698,55.223
S041,R03,ICLabel,SUCCESS,,2026-09-25T12:07:48.856149,13.646
S041,R03,PSD,SUCCESS,,2026-09-25T12:07:49.590929,0.66
S041,R03,ALICE,SUCCESS,,2026-09-25T12:07:50.513427,0.915
S041,R03,FEATURES,SUCCESS,,2026-09-25T12:07:54.716298,4.195
S041,R03,FUSION,SUCCESS,,2026-09-25T12:07:58.886980,0.09
S041,R03,NEUROAGENT,SUCCESS,,2026-09-25T12:07:58.939228,0.043
S041,R03,RECONSTRUCTION,SUCCESS,,2026-09-25T12:07:59.156997,0.211
S041,R03,QUALITY,SUCCESS,,2026-09-25T12:07:59.737526,0.573
S041,R03,TOTAL,SUCCESS,,2026-09-25T12:07:59.747126,79.97
S041,R04,LOAD,SUCCESS,,2026-09-25T12:08:00.179772,0.119
S041,R04,PREPROCESSING,SUCCESS,,2026-09-25T12:08:00.876168,0.685
S041,R04,ICA,SUCCESS,,2026-09-25T12:10:15.816538,134.932
S041,R04,ICLabel,SUCCESS,,2026-09-25T12:10:28.678009,12.855
S041,R04,PSD,SUCCESS,,2026-09-25T12:10:29.386920,0.633
S041,R04,ALICE,SUCCESS,,2026-09-25T12:10:30.209217,0.814
S041,R04,FEATURES,SUCCESS,,2026-09-25T12:10:34.262830,4.047
S041,R04,FUSION,SUCCESS,,2026-09-25T12:10:38.036768,0.09
S041,R04,NEUROAGENT,SUCCESS,,2026-09-25T12:10:38.091863,0.048
S041,R04,RECONSTRUCTION,SUCCESS,,2026-09-25T12:10:38.357971,0.259
S041,R04,QUALITY,SUCCESS,,2026-09-25T12:10:38.942541,0.577
S041,R04,TOTAL,SUCCESS,,2026-09-25T12:10:38.952610,158.892
S041,R05,LOAD,SUCCESS,,2026-09-25T12:10:39.328722,0.104
S041,R05,PREPROCESSING,SUCCESS,,2026-09-25T12:10:39.957667,0.618
S041,R05,ICA,SUCCESS,,2026-09-25T12:11:43.571211,63.605
S041,R05,ICLabel,SUCCESS,,2026-09-25T12:11:55.985473,12.408
S041,R05,PSD,SUCCESS,,2026-09-25T12:11:56.673511,0.592
S041,R05,ALICE,SUCCESS,,2026-09-25T12:11:57.540959,0.858
S041,R05,FEATURES,SUCCESS,,2026-09-25T12:12:01.531738,3.983
S041,R05,FUSION,SUCCESS,,2026-09-25T12:12:05.344860,0.084
S041,R05,NEUROAGENT,SUCCESS,,2026-09-25T12:12:05.395974,0.043
S041,R05,RECONSTRUCTION,SUCCESS,,2026-09-25T12:12:05.619014,0.214
S041,R05,QUALITY,SUCCESS,,2026-09-25T12:12:06.199067,0.574
S041,R05,TOTAL,SUCCESS,,2026-09-25T12:12:06.211797,86.987
S041,R06,LOAD,SUCCESS,,2026-09-25T12:12:06.669900,0.14
S041,R06,PREPROCESSING,SUCCESS,,2026-09-25T12:12:07.348132,0.666
S041,R06,ICA,SUCCESS,,2026-09-25T12:13:31.323446,83.967
S041,R06,ICLabel,SUCCESS,,2026-09-25T12:13:39.782065,8.455
S041,R06,PSD,SUCCESS,,2026-09-25T12:13:40.606459,0.739
S041,R06,ALICE,SUCCESS,,2026-09-25T12:13:41.524412,0.911
S041,R06,FEATURES,SUCCESS,,2026-09-25T12:13:45.604496,4.072
S041,R06,FUSION,SUCCESS,,2026-09-25T12:13:49.536122,0.08
S041,R06,NEUROAGENT,SUCCESS,,2026-09-25T12:13:49.607111,0.064
S041,R06,RECONSTRUCTION,SUCCESS,,2026-09-25T12:13:49.910361,0.29
S041,R06,QUALITY,SUCCESS,,2026-09-25T12:13:50.486090,0.567
S041,R06,TOTAL,SUCCESS,,2026-09-25T12:13:50.499124,103.972
S041,R07,LOAD,SUCCESS,,2026-09-25T12:13:50.949137,0.124
S041,R07,PREPROCESSING,SUCCESS,,2026-09-25T12:13:51.821781,0.858
S041,R07,ICA,SUCCESS,,2026-09-25T12:15:10.990613,79.16
S041,R07,ICLabel,SUCCESS,,2026-09-25T12:15:24.030274,13.03
S041,R07,PSD,SUCCESS,,2026-09-25T12:15:24.770570,0.651
S041,R07,ALICE,SUCCESS,,2026-09-25T12:15:25.724286,0.945
S041,R07,FEATURES,SUCCESS,,2026-09-25T12:15:30.470456,4.737
S041,R07,FUSION,SUCCESS,,2026-09-25T12:15:34.393801,0.09
S041,R07,NEUROAGENT,SUCCESS,,2026-09-25T12:15:34.445154,0.044
S041,R07,RECONSTRUCTION,SUCCESS,,2026-09-25T12:15:34.699264,0.245
S041,R07,QUALITY,SUCCESS,,2026-09-25T12:15:35.421421,0.711
S041,R07,TOTAL,SUCCESS,,2026-09-25T12:15:35.432004,104.606
S041,R08,LOAD,SUCCESS,,2026-09-25T12:15:35.976359,0.123
S041,R08,PREPROCESSING,SUCCESS,,2026-09-25T12:15:36.881990,0.895
S041,R08,ICA,SUCCESS,,2026-09-25T12:16:40.985363,64.095
S041,R08,ICLabel,SUCCESS,,2026-09-25T12:16:53.980227,12.987
S041,R08,PSD,SUCCESS,,2026-09-25T12:16:54.731610,0.662
S041,R08,ALICE,SUCCESS,,2026-09-25T12:16:55.719788,0.98
S041,R08,FEATURES,SUCCESS,,2026-09-25T12:17:00.107731,4.38
S041,R08,FUSION,SUCCESS,,2026-09-25T12:17:04.306564,0.1
S041,R08,NEUROAGENT,SUCCESS,,2026-09-25T12:17:04.368365,0.054
S041,R08,RECONSTRUCTION,SUCCESS,,2026-09-25T12:17:04.632011,0.254
S041,R08,QUALITY,SUCCESS,,2026-09-25T12:17:05.336215,0.693
S041,R08,TOTAL,SUCCESS,,2026-09-25T12:17:05.345760,89.493
S041,R09,LOAD,SUCCESS,,2026-09-25T12:17:05.761660,0.114
S041,R09,PREPROCESSING,SUCCESS,,2026-09-25T12:17:06.489091,0.714
S041,R09,ICA,SUCCESS,,2026-09-25T12:18:41.625253,95.126
S041,R09,ICLabel,SUCCESS,,2026-09-25T12:18:54.525937,12.891
S041,R09,PSD,SUCCESS,,2026-09-25T12:18:55.390491,0.778
S041,R09,ALICE,SUCCESS,,2026-09-25T12:18:56.217128,0.819
S041,R09,FEATURES,SUCCESS,,2026-09-25T12:19:00.336236,4.112
S041,R09,FUSION,SUCCESS,,2026-09-25T12:19:04.213017,0.089
S041,R09,NEUROAGENT,SUCCESS,,2026-09-25T12:19:04.264785,0.043
S041,R09,RECONSTRUCTION,SUCCESS,,2026-09-25T12:19:04.481617,0.21
S041,R09,QUALITY,SUCCESS,,2026-09-25T12:19:05.035013,0.546
S041,R09,TOTAL,SUCCESS,,2026-09-25T12:19:05.043017,119.395
S041,R10,LOAD,SUCCESS,,2026-09-25T12:19:05.448292,0.124
S041,R10,PREPROCESSING,SUCCESS,,2026-09-25T12:19:06.120065,0.661
S041,R10,ICA,SUCCESS,,2026-09-25T12:20:29.386971,83.261
S041,R10,ICLabel,SUCCESS,,2026-09-25T12:20:42.285771,12.889
S041,R10,PSD,SUCCESS,,2026-09-25T12:20:43.038149,0.671
S041,R10,ALICE,SUCCESS,,2026-09-25T12:20:44.075911,1.027
S041,R10,FEATURES,SUCCESS,,2026-09-25T12:20:48.450048,4.363
S041,R10,FUSION,SUCCESS,,2026-09-25T12:20:52.448000,0.145
S041,R10,NEUROAGENT,SUCCESS,,2026-09-25T12:20:52.533943,0.072
S041,R10,RECONSTRUCTION,SUCCESS,,2026-09-25T12:20:52.808792,0.267
S041,R10,QUALITY,SUCCESS,,2026-09-25T12:20:53.321734,0.505
S041,R10,TOTAL,SUCCESS,,2026-09-25T12:20:53.331273,108.007
S041,R11,LOAD,SUCCESS,,2026-09-25T12:20:53.701297,0.096
S041,R11,PREPROCESSING,SUCCESS,,2026-09-25T12:20:54.340966,0.627
S041,R11,ICA,SUCCESS,,2026-09-25T12:22:10.264963,75.916
S041,R11,ICLabel,SUCCESS,,2026-09-25T12:22:23.692174,13.418
S041,R11,PSD,SUCCESS,,2026-09-25T12:22:24.543994,0.759
S041,R11,ALICE,SUCCESS,,2026-09-25T12:22:25.462321,0.908
S041,R11,FEATURES,SUCCESS,,2026-09-25T12:22:29.578122,4.108
S041,R11,FUSION,SUCCESS,,2026-09-25T12:22:33.945434,0.075
S041,R11,NEUROAGENT,SUCCESS,,2026-09-25T12:22:33.990455,0.04
S041,R11,RECONSTRUCTION,SUCCESS,,2026-09-25T12:22:34.227871,0.229
S041,R11,QUALITY,SUCCESS,,2026-09-25T12:22:34.786192,0.552
S041,R11,TOTAL,SUCCESS,,2026-09-25T12:22:34.796719,101.193
S041,R12,LOAD,SUCCESS,,2026-09-25T12:22:35.188372,0.11
S041,R12,PREPROCESSING,SUCCESS,,2026-09-25T12:22:35.975008,0.772
S041,R12,ICA,SUCCESS,,2026-09-25T12:24:27.045740,111.064
S041,R12,ICLabel,SUCCESS,,2026-09-25T12:24:41.652807,14.596
S041,R12,PSD,SUCCESS,,2026-09-25T12:24:42.295925,0.573
S041,R12,ALICE,SUCCESS,,2026-09-25T12:24:43.075265,0.772
S041,R12,FEATURES,SUCCESS,,2026-09-25T12:24:46.870401,3.788
S041,R12,FUSION,SUCCESS,,2026-09-25T12:24:50.669919,0.082
S041,R12,NEUROAGENT,SUCCESS,,2026-09-25T12:24:50.717304,0.039
S041,R12,RECONSTRUCTION,SUCCESS,,2026-09-25T12:24:50.918779,0.193
S041,R12,QUALITY,SUCCESS,,2026-09-25T12:24:51.412278,0.487
S041,R12,TOTAL,SUCCESS,,2026-09-25T12:24:51.420335,136.342
S041,R13,LOAD,SUCCESS,,2026-09-25T12:24:51.780083,0.1
S041,R13,PREPROCESSING,SUCCESS,,2026-09-25T12:24:52.404503,0.615
S041,R13,ICA,SUCCESS,,2026-09-25T12:26:02.460504,70.05
S041,R13,ICLabel,SUCCESS,,2026-09-25T12:26:14.367705,11.9
S041,R13,PSD,SUCCESS,,2026-09-25T12:26:15.019744,0.575
S041,R13,ALICE,SUCCESS,,2026-09-25T12:26:15.820384,0.794
S041,R13,FEATURES,SUCCESS,,2026-09-25T12:26:19.564777,3.739
S041,R13,FUSION,SUCCESS,,2026-09-25T12:26:23.293792,0.104
S041,R13,NEUROAGENT,SUCCESS,,2026-09-25T12:26:23.352893,0.051
S041,R13,RECONSTRUCTION,SUCCESS,,2026-09-25T12:26:23.579814,0.219
S041,R13,QUALITY,SUCCESS,,2026-09-25T12:26:24.059787,0.473
S041,R13,TOTAL,SUCCESS,,2026-09-25T12:26:24.068521,92.389
S041,R14,LOAD,SUCCESS,,2026-09-25T12:26:24.422153,0.094
S041,R14,PREPROCESSING,SUCCESS,,2026-09-25T12:26:25.036472,0.604
S041,R14,ICA,SUCCESS,,2026-09-25T12:27:46.037757,80.995
S041,R14,ICLabel,SUCCESS,,2026-09-25T12:27:57.895529,11.852
S041,R14,PSD,SUCCESS,,2026-09-25T12:27:58.549073,0.579
S041,R14,ALICE,SUCCESS,,2026-09-25T12:27:59.370067,0.814
S041,R14,FEATURES,SUCCESS,,2026-09-25T12:28:03.204806,3.827
S041,R14,FUSION,SUCCESS,,2026-09-25T12:28:07.143576,0.096
S041,R14,NEUROAGENT,SUCCESS,,2026-09-25T12:28:07.199521,0.047
S041,R14,RECONSTRUCTION,SUCCESS,,2026-09-25T12:28:07.436462,0.23
S041,R14,QUALITY,SUCCESS,,2026-09-25T12:28:07.955098,0.511
S041,R14,TOTAL,SUCCESS,,2026-09-25T12:28:07.964924,103.635
S042,R01,LOAD,SUCCESS,,2026-09-25T12:28:08.300820,0.079
S042,R01,PREPROCESSING,SUCCESS,,2026-09-25T12:28:08.736123,0.424
S042,R01,ICA,SUCCESS,,2026-09-25T12:29:06.894170,58.15
S042,R01,ICLabel,SUCCESS,,2026-09-25T12:29:18.335339,11.435
S042,R01,PSD,SUCCESS,,2026-09-25T12:29:18.838466,0.448
S042,R01,ALICE,SUCCESS,,2026-09-25T12:29:19.387902,0.54
S042,R01,FEATURES,SUCCESS,,2026-09-25T12:29:21.595694,2.201
S042,R01,FUSION,SUCCESS,,2026-09-25T12:29:23.869021,0.093
S042,R01,NEUROAGENT,SUCCESS,,2026-09-25T12:29:23.921040,0.045
S042,R01,RECONSTRUCTION,SUCCESS,,2026-09-25T12:29:24.071289,0.141
S042,R01,QUALITY,SUCCESS,,2026-09-25T12:29:24.316382,0.235
S042,R01,TOTAL,SUCCESS,,2026-09-25T12:29:24.327448,76.107
S042,R02,LOAD,SUCCESS,,2026-09-25T12:29:24.667298,0.075
S042,R02,PREPROCESSING,SUCCESS,,2026-09-25T12:29:25.074105,0.397
S042,R02,ICA,SUCCESS,,2026-09-25T12:30:19.854292,54.774
S042,R02,ICLabel,SUCCESS,,2026-09-25T12:30:31.842157,11.98
S042,R02,PSD,SUCCESS,,2026-09-25T12:30:32.259740,0.367
S042,R02,ALICE,SUCCESS,,2026-09-25T12:30:32.841515,0.576
S042,R02,FEATURES,SUCCESS,,2026-09-25T12:30:34.886728,2.039
S042,R02,FUSION,SUCCESS,,2026-09-25T12:30:37.164846,0.081
S042,R02,NEUROAGENT,SUCCESS,,2026-09-25T12:30:37.213831,0.042
S042,R02,RECONSTRUCTION,SUCCESS,,2026-09-25T12:30:37.350354,0.128
S042,R02,QUALITY,SUCCESS,,2026-09-25T12:30:37.570303,0.214
S042,R02,TOTAL,SUCCESS,,2026-09-25T12:30:37.578307,72.986
S042,R03,LOAD,SUCCESS,,2026-09-25T12:30:37.926748,0.097
S042,R03,PREPROCESSING,SUCCESS,,2026-09-25T12:30:38.535391,0.598
S042,R03,ICA,SUCCESS,,2026-09-25T12:31:42.404091,63.862
S042,R03,ICLabel,SUCCESS,,2026-09-25T12:31:47.752090,5.344
S042,R03,PSD,SUCCESS,,2026-09-25T12:31:48.224550,0.427
S042,R03,ALICE,SUCCESS,,2026-09-25T12:31:48.616059,0.388
S042,R03,FEATURES,SUCCESS,,2026-09-25T12:31:50.199477,1.58
S042,R03,FUSION,SUCCESS,,2026-09-25T12:31:52.603431,0.044
S042,R03,NEUROAGENT,SUCCESS,,2026-09-25T12:31:52.631428,0.024
S042,R03,RECONSTRUCTION,SUCCESS,,2026-09-25T12:31:52.761501,0.126
S042,R03,QUALITY,SUCCESS,,2026-09-25T12:31:52.992511,0.226
S042,R03,TOTAL,SUCCESS,,2026-09-25T12:31:52.995555,75.166
S042,R04,LOAD,SUCCESS,,2026-09-25T12:31:53.177477,0.043
S042,R04,PREPROCESSING,SUCCESS,,2026-09-25T12:31:53.549913,0.368
S042,R04,ICA,SUCCESS,,2026-09-25T12:42:03.021275,609.468
S042,R04,ICLabel,SUCCESS,,2026-09-25T12:42:05.635975,2.613
S042,R04,PSD,SUCCESS,,2026-09-25T12:42:05.895811,0.221
S042,R04,ALICE,SUCCESS,,2026-09-25T12:42:06.085540,0.188
S042,R04,FEATURES,SUCCESS,,2026-09-25T12:42:06.728431,0.641
S042,R04,FUSION,SUCCESS,,2026-09-25T12:42:08.412456,0.097
S042,R04,NEUROAGENT,SUCCESS,,2026-09-25T12:42:08.511789,0.089
S042,R04,RECONSTRUCTION,SUCCESS,,2026-09-25T12:42:08.619188,0.102
S042,R04,QUALITY,SUCCESS,,2026-09-25T12:42:08.881539,0.258
S042,R04,TOTAL,SUCCESS,,2026-09-25T12:42:08.884540,615.75
S042,R05,LOAD,SUCCESS,,2026-09-25T12:42:09.091408,0.063
S042,R05,PREPROCESSING,SUCCESS,,2026-09-25T12:42:09.636753,0.541
S042,R05,ICA,SUCCESS,,2026-09-25T12:43:03.452611,53.813
S042,R05,ICLabel,SUCCESS,,2026-09-25T12:43:09.158162,5.703
S042,R05,PSD,SUCCESS,,2026-09-25T12:43:09.712182,0.498
S042,R05,ALICE,SUCCESS,,2026-09-25T12:43:10.396187,0.679
S042,R05,FEATURES,SUCCESS,,2026-09-25T12:43:12.548300,2.147
S042,R05,FUSION,SUCCESS,,2026-09-25T12:43:15.349621,0.069
S042,R05,NEUROAGENT,SUCCESS,,2026-09-25T12:43:15.389234,0.032
S042,R05,RECONSTRUCTION,SUCCESS,,2026-09-25T12:43:15.528892,0.136
S042,R05,QUALITY,SUCCESS,,2026-09-25T12:43:15.844112,0.312
S042,R05,TOTAL,SUCCESS,,2026-09-25T12:43:15.849617,66.821
S042,R06,LOAD,SUCCESS,,2026-09-25T12:43:16.125417,0.074
S042,R06,PREPROCESSING,SUCCESS,,2026-09-25T12:43:16.541272,0.41
S042,R06,ICA,SUCCESS,,2026-09-25T12:44:08.224826,51.68
S042,R06,ICLabel,SUCCESS,,2026-09-25T12:44:12.219388,3.991
S042,R06,PSD,SUCCESS,,2026-09-25T12:44:12.487396,0.234
S042,R06,ALICE,SUCCESS,,2026-09-25T12:44:12.847066,0.356
S042,R06,FEATURES,SUCCESS,,2026-09-25T12:44:14.688560,1.836
S042,R06,FUSION,SUCCESS,,2026-09-25T12:44:16.776039,0.068
S042,R06,NEUROAGENT,SUCCESS,,2026-09-25T12:44:16.859891,0.068
S042,R06,RECONSTRUCTION,SUCCESS,,2026-09-25T12:44:16.968753,0.101
S042,R06,QUALITY,SUCCESS,,2026-09-25T12:44:17.240191,0.266
S042,R06,TOTAL,SUCCESS,,2026-09-25T12:44:17.243191,61.192
S042,R07,LOAD,SUCCESS,,2026-09-25T12:44:17.528180,0.098
S042,R07,PREPROCESSING,SUCCESS,,2026-09-25T12:44:17.901792,0.368
S042,R07,ICA,SUCCESS,,2026-09-25T12:45:59.004506,101.101
S042,R07,ICLabel,SUCCESS,,2026-09-25T12:46:03.561198,4.553
S042,R07,PSD,SUCCESS,,2026-09-25T12:46:03.783321,0.192
S042,R07,ALICE,SUCCESS,,2026-09-25T12:46:04.225599,0.438
S042,R07,FEATURES,SUCCESS,,2026-09-25T12:46:05.824478,1.594
S042,R07,FUSION,SUCCESS,,2026-09-25T12:46:08.591946,0.078
S042,R07,NEUROAGENT,SUCCESS,,2026-09-25T12:46:08.639022,0.042
S042,R07,RECONSTRUCTION,SUCCESS,,2026-09-25T12:46:08.778546,0.134
S042,R07,QUALITY,SUCCESS,,2026-09-25T12:46:09.330093,0.548
S042,R07,TOTAL,SUCCESS,,2026-09-25T12:46:09.348456,111.917
S042,R08,LOAD,SUCCESS,,2026-09-25T12:46:09.722510,0.099
S042,R08,PREPROCESSING,SUCCESS,,2026-09-25T12:46:10.190669,0.461
S042,R08,ICA,SUCCESS,,2026-09-25T12:47:06.113625,55.919
S042,R08,ICLabel,SUCCESS,,2026-09-25T12:47:10.520340,4.403
S042,R08,PSD,SUCCESS,,2026-09-25T12:47:11.233674,0.646
S042,R08,ALICE,SUCCESS,,2026-09-25T12:47:11.856608,0.61
S042,R08,FEATURES,SUCCESS,,2026-09-25T12:47:14.536943,2.676
S042,R08,FUSION,SUCCESS,,2026-09-25T12:47:19.537634,0.1
S042,R08,NEUROAGENT,SUCCESS,,2026-09-25T12:47:19.597107,0.055
S042,R08,RECONSTRUCTION,SUCCESS,,2026-09-25T12:47:19.938479,0.328
S042,R08,QUALITY,SUCCESS,,2026-09-25T12:47:20.390929,0.433
S042,R08,TOTAL,SUCCESS,,2026-09-25T12:47:20.394932,70.771
S042,R09,LOAD,SUCCESS,,2026-09-25T12:47:20.670872,0.075
S042,R09,PREPROCESSING,SUCCESS,,2026-09-25T12:47:21.061398,0.383
S042,R09,ICA,SUCCESS,,2026-09-25T12:48:05.245727,44.18
S042,R09,ICLabel,SUCCESS,,2026-09-25T12:48:09.754921,4.505
S042,R09,PSD,SUCCESS,,2026-09-25T12:48:10.301719,0.429
S042,R09,ALICE,SUCCESS,,2026-09-25T12:48:10.770331,0.464
S042,R09,FEATURES,SUCCESS,,2026-09-25T12:48:12.711652,1.937
S042,R09,FUSION,SUCCESS,,2026-09-25T12:48:18.566922,0.102
S042,R09,NEUROAGENT,SUCCESS,,2026-09-25T12:48:18.625922,0.051
S042,R09,RECONSTRUCTION,SUCCESS,,2026-09-25T12:48:18.792744,0.162
S042,R09,QUALITY,SUCCESS,,2026-09-25T12:48:19.218020,0.422
S042,R09,TOTAL,SUCCESS,,2026-09-25T12:48:19.223588,58.627
S042,R10,LOAD,SUCCESS,,2026-09-25T12:48:19.640495,0.112
S042,R10,PREPROCESSING,SUCCESS,,2026-09-25T12:48:20.088469,0.44
S042,R10,ICA,SUCCESS,,2026-09-25T12:49:09.593152,49.502
S042,R10,ICLabel,SUCCESS,,2026-09-25T12:49:13.848781,4.25
S042,R10,PSD,SUCCESS,,2026-09-25T12:49:14.123100,0.249
S042,R10,ALICE,SUCCESS,,2026-09-25T12:49:14.520610,0.395
S042,R10,FEATURES,SUCCESS,,2026-09-25T12:49:16.458877,1.933
S042,R10,FUSION,SUCCESS,,2026-09-25T12:49:21.170950,0.145
S042,R10,NEUROAGENT,SUCCESS,,2026-09-25T12:49:21.249932,0.068
S042,R10,RECONSTRUCTION,SUCCESS,,2026-09-25T12:49:21.455719,0.19
S042,R10,QUALITY,SUCCESS,,2026-09-25T12:49:21.938203,0.468
S042,R10,TOTAL,SUCCESS,,2026-09-25T12:49:21.947594,62.417
S042,R11,LOAD,SUCCESS,,2026-09-25T12:49:22.228651,0.073
S042,R11,PREPROCESSING,SUCCESS,,2026-09-25T12:49:22.778386,0.541
S042,R11,ICA,SUCCESS,,2026-09-25T12:50:12.213910,49.43
S042,R11,ICLabel,SUCCESS,,2026-09-25T12:50:16.155418,3.938
S042,R11,PSD,SUCCESS,,2026-09-25T12:50:16.589053,0.391
S042,R11,ALICE,SUCCESS,,2026-09-25T12:50:17.348411,0.681
S042,R11,FEATURES,SUCCESS,,2026-09-25T12:50:18.971119,1.619
S042,R11,FUSION,SUCCESS,,2026-09-25T12:50:22.447122,0.117
S042,R11,NEUROAGENT,SUCCESS,,2026-09-25T12:50:22.548225,0.084
S042,R11,RECONSTRUCTION,SUCCESS,,2026-09-25T12:50:22.874282,0.306
S042,R11,QUALITY,SUCCESS,,2026-09-25T12:50:23.238370,0.356
S042,R11,TOTAL,SUCCESS,,2026-09-25T12:50:23.243197,61.088
S042,R12,LOAD,SUCCESS,,2026-09-25T12:50:23.531744,0.085
S042,R12,PREPROCESSING,SUCCESS,,2026-09-25T12:50:23.929359,0.385
S042,R12,ICA,SUCCESS,,2026-09-25T12:51:20.005127,56.071
S042,R12,ICLabel,SUCCESS,,2026-09-25T12:51:27.988125,7.978
S042,R12,PSD,SUCCESS,,2026-09-25T12:51:29.114123,0.977
S042,R12,ALICE,SUCCESS,,2026-09-25T12:51:30.458485,1.335
S042,R12,FEATURES,SUCCESS,,2026-09-25T12:51:34.513003,4.049
S042,R12,FUSION,SUCCESS,,2026-09-25T12:51:45.754799,0.118
S042,R12,NEUROAGENT,SUCCESS,,2026-09-25T12:51:45.839171,0.066
S042,R12,RECONSTRUCTION,SUCCESS,,2026-09-25T12:51:46.100771,0.255
S042,R12,QUALITY,SUCCESS,,2026-09-25T12:51:46.812041,0.705
S042,R12,TOTAL,SUCCESS,,2026-09-25T12:51:46.844024,83.396
S042,R13,LOAD,SUCCESS,,2026-09-25T12:51:47.485504,0.115
S042,R13,PREPROCESSING,SUCCESS,,2026-09-25T12:51:48.208344,0.711
S042,R13,ICA,SUCCESS,,2026-09-25T12:52:26.000837,37.788
S042,R13,ICLabel,SUCCESS,,2026-09-25T12:52:29.922524,3.918
S042,R13,PSD,SUCCESS,,2026-09-25T12:52:30.116923,0.171
S042,R13,ALICE,SUCCESS,,2026-09-25T12:52:30.423590,0.305
S042,R13,FEATURES,SUCCESS,,2026-09-25T12:52:32.225973,1.8
S042,R13,FUSION,SUCCESS,,2026-09-25T12:52:33.496374,0.02
S042,R13,NEUROAGENT,SUCCESS,,2026-09-25T12:52:33.510474,0.011
S042,R13,RECONSTRUCTION,SUCCESS,,2026-09-25T12:52:33.581140,0.069
S042,R13,QUALITY,SUCCESS,,2026-09-25T12:52:33.763958,0.18
S042,R13,TOTAL,SUCCESS,,2026-09-25T12:52:33.767957,46.398
S042,R14,LOAD,SUCCESS,,2026-09-25T12:52:33.985948,0.058
S042,R14,PREPROCESSING,SUCCESS,,2026-09-25T12:52:34.281936,0.293
S042,R14,ICA,SUCCESS,,2026-09-25T12:53:31.894429,57.607
S042,R14,ICLabel,SUCCESS,,2026-09-25T12:53:37.633777,5.734
S042,R14,PSD,SUCCESS,,2026-09-25T12:53:38.001406,0.336
S042,R14,ALICE,SUCCESS,,2026-09-25T12:53:38.482001,0.472
S042,R14,FEATURES,SUCCESS,,2026-09-25T12:53:40.513705,2.029
S042,R14,FUSION,SUCCESS,,2026-09-25T12:53:44.719193,0.076
S042,R14,NEUROAGENT,SUCCESS,,2026-09-25T12:53:44.782294,0.053
S042,R14,RECONSTRUCTION,SUCCESS,,2026-09-25T12:53:44.945688,0.159
S042,R14,QUALITY,SUCCESS,,2026-09-25T12:53:45.193657,0.246
S042,R14,TOTAL,SUCCESS,,2026-09-25T12:53:45.199554,71.273
S043,R01,LOAD,SUCCESS,,2026-09-25T12:53:45.463542,0.05
S043,R01,PREPROCESSING,SUCCESS,,2026-09-25T12:53:45.700132,0.233
S043,R01,ICA,SUCCESS,,2026-09-25T12:54:06.795452,21.09
S043,R01,ICLabel,SUCCESS,,2026-09-25T12:54:11.385074,4.586
S043,R01,PSD,SUCCESS,,2026-09-25T12:54:11.630542,0.222
S043,R01,ALICE,SUCCESS,,2026-09-25T12:54:11.897785,0.265
S043,R01,FEATURES,SUCCESS,,2026-09-25T12:54:13.114590,1.213
S043,R01,FUSION,SUCCESS,,2026-09-25T12:54:15.165488,0.109
S043,R01,NEUROAGENT,SUCCESS,,2026-09-25T12:54:15.219439,0.046
S043,R01,RECONSTRUCTION,SUCCESS,,2026-09-25T12:54:15.326425,0.101
S043,R01,QUALITY,SUCCESS,,2026-09-25T12:54:15.485440,0.155
S043,R01,TOTAL,SUCCESS,,2026-09-25T12:54:15.490423,30.078
S043,R02,LOAD,SUCCESS,,2026-09-25T12:54:15.781690,0.091
S043,R02,PREPROCESSING,SUCCESS,,2026-09-25T12:54:16.037257,0.251
S043,R02,ICA,SUCCESS,,2026-09-25T12:54:41.385628,25.343
S043,R02,ICLabel,SUCCESS,,2026-09-25T12:54:44.607546,3.219
S043,R02,PSD,SUCCESS,,2026-09-25T12:54:44.824546,0.196
S043,R02,ALICE,SUCCESS,,2026-09-25T12:54:45.118139,0.293
S043,R02,FEATURES,SUCCESS,,2026-09-25T12:54:46.067717,0.945
S043,R02,FUSION,SUCCESS,,2026-09-25T12:54:48.703274,0.06
S043,R02,NEUROAGENT,SUCCESS,,2026-09-25T12:54:48.765279,0.056
S043,R02,RECONSTRUCTION,SUCCESS,,2026-09-25T12:54:48.872173,0.097
S043,R02,QUALITY,SUCCESS,,2026-09-25T12:54:49.064861,0.189
S043,R02,TOTAL,SUCCESS,,2026-09-25T12:54:49.074756,33.385
S043,R03,LOAD,SUCCESS,,2026-09-25T12:54:49.412224,0.072
S043,R03,PREPROCESSING,SUCCESS,,2026-09-25T12:54:49.754643,0.338
S043,R03,ICA,SUCCESS,,2026-09-25T12:55:22.970761,33.214
S043,R03,ICLabel,SUCCESS,,2026-09-25T12:55:28.497793,5.522
S043,R03,PSD,SUCCESS,,2026-09-25T12:55:29.246985,0.635
S043,R03,ALICE,SUCCESS,,2026-09-25T12:55:29.885029,0.624
S043,R03,FEATURES,SUCCESS,,2026-09-25T12:55:31.823060,1.934
S043,R03,FUSION,SUCCESS,,2026-09-25T12:55:37.739854,0.067
S043,R03,NEUROAGENT,SUCCESS,,2026-09-25T12:55:37.792973,0.04
S043,R03,RECONSTRUCTION,SUCCESS,,2026-09-25T12:55:38.050818,0.249
S043,R03,QUALITY,SUCCESS,,2026-09-25T12:55:38.486278,0.426
S043,R03,TOTAL,SUCCESS,,2026-09-25T12:55:38.490344,49.15
S043,R04,LOAD,SUCCESS,,2026-09-25T12:55:38.854538,0.107
S043,R04,PREPROCESSING,SUCCESS,,2026-09-25T12:55:39.268525,0.401
S043,R04,ICA,SUCCESS,,2026-09-25T12:56:28.180044,48.905
S043,R04,ICLabel,SUCCESS,,2026-09-25T12:56:49.304298,21.109
S043,R04,PSD,SUCCESS,,2026-09-25T12:56:50.615813,1.136
S043,R04,ALICE,SUCCESS,,2026-09-25T12:56:52.122740,1.488
S043,R04,FEATURES,SUCCESS,,2026-09-25T12:56:57.934752,5.798
S043,R04,FUSION,SUCCESS,,2026-09-25T12:57:07.342788,0.141
S043,R04,NEUROAGENT,SUCCESS,,2026-09-25T12:57:07.402297,0.043
S043,R04,RECONSTRUCTION,SUCCESS,,2026-09-25T12:57:07.645118,0.24
S043,R04,QUALITY,SUCCESS,,2026-09-25T12:57:08.218029,0.563
S043,R04,TOTAL,SUCCESS,,2026-09-25T12:57:08.228064,89.483
S043,R05,LOAD,SUCCESS,,2026-09-25T12:57:08.649989,0.123
S043,R05,PREPROCESSING,SUCCESS,,2026-09-25T12:57:09.627369,0.97
S043,R05,ICA,SUCCESS,,2026-09-25T12:58:12.603296,62.962
S043,R05,ICLabel,SUCCESS,,2026-09-25T12:58:28.119877,15.504
S043,R05,PSD,SUCCESS,,2026-09-25T12:58:29.126515,0.867
S043,R05,ALICE,SUCCESS,,2026-09-25T12:58:30.509556,1.376
S043,R05,FEATURES,SUCCESS,,2026-09-25T12:58:36.359146,5.844
S043,R05,FUSION,SUCCESS,,2026-09-25T12:58:45.977789,0.066
S043,R05,NEUROAGENT,SUCCESS,,2026-09-25T12:58:46.019591,0.037
S043,R05,RECONSTRUCTION,SUCCESS,,2026-09-25T12:58:46.468897,0.442
S043,R05,QUALITY,SUCCESS,,2026-09-25T12:58:47.582130,1.094
S043,R05,TOTAL,SUCCESS,,2026-09-25T12:58:47.597911,99.071
S043,R06,LOAD,SUCCESS,,2026-09-25T12:58:48.227039,0.195
S043,R06,PREPROCESSING,SUCCESS,,2026-09-25T12:58:49.666915,1.423
S043,R06,ICA,SUCCESS,,2026-09-25T12:59:37.415724,47.739
S043,R06,ICLabel,SUCCESS,,2026-09-25T12:59:44.251561,6.832
S043,R06,PSD,SUCCESS,,2026-09-25T12:59:45.128105,0.731
S043,R06,ALICE,SUCCESS,,2026-09-25T12:59:45.578112,0.444
S043,R06,FEATURES,SUCCESS,,2026-09-25T12:59:47.453948,1.872
S043,R06,FUSION,SUCCESS,,2026-09-25T12:59:51.229536,0.067
S043,R06,NEUROAGENT,SUCCESS,,2026-09-25T12:59:51.266537,0.029
S043,R06,RECONSTRUCTION,SUCCESS,,2026-09-25T12:59:51.426603,0.153
S043,R06,QUALITY,SUCCESS,,2026-09-25T12:59:51.771294,0.339
S043,R06,TOTAL,SUCCESS,,2026-09-25T12:59:51.776308,63.746
S043,R07,LOAD,SUCCESS,,2026-09-25T12:59:52.041890,0.073
S043,R07,PREPROCESSING,SUCCESS,,2026-09-25T12:59:52.406027,0.36
S043,R07,ICA,SUCCESS,,2026-09-25T13:00:21.744128,29.335
S043,R07,ICLabel,SUCCESS,,2026-09-25T13:00:25.728936,3.981
S043,R07,PSD,SUCCESS,,2026-09-25T13:00:25.936119,0.18
S043,R07,ALICE,SUCCESS,,2026-09-25T13:00:26.177418,0.238
S043,R07,FEATURES,SUCCESS,,2026-09-25T13:00:27.886123,1.707
S043,R07,FUSION,SUCCESS,,2026-09-25T13:00:29.126444,0.021
S043,R07,NEUROAGENT,SUCCESS,,2026-09-25T13:00:29.139442,0.01
S043,R07,RECONSTRUCTION,SUCCESS,,2026-09-25T13:00:29.206332,0.065
S043,R07,QUALITY,SUCCESS,,2026-09-25T13:00:29.367992,0.16
S043,R07,TOTAL,SUCCESS,,2026-09-25T13:00:29.369989,37.402
S043,R08,LOAD,SUCCESS,,2026-09-25T13:00:29.627970,0.083
S043,R08,PREPROCESSING,SUCCESS,,2026-09-25T13:00:29.899023,0.268
S043,R08,ICA,SUCCESS,,2026-09-25T13:01:07.761242,37.86
S043,R08,ICLabel,SUCCESS,,2026-09-25T13:01:12.044186,4.279
S043,R08,PSD,SUCCESS,,2026-09-25T13:01:12.245597,0.172
S043,R08,ALICE,SUCCESS,,2026-09-25T13:01:12.531724,0.283
S043,R08,FEATURES,SUCCESS,,2026-09-25T13:01:13.966696,1.433
S043,R08,FUSION,SUCCESS,,2026-09-25T13:01:15.366138,0.043
S043,R08,NEUROAGENT,SUCCESS,,2026-09-25T13:01:15.395149,0.024
S043,R08,RECONSTRUCTION,SUCCESS,,2026-09-25T13:01:15.523169,0.124
S043,R08,QUALITY,SUCCESS,,2026-09-25T13:01:15.804895,0.278
S043,R08,TOTAL,SUCCESS,,2026-09-25T13:01:15.809137,46.265
S043,R09,LOAD,SUCCESS,,2026-09-25T13:01:16.082315,0.091
S043,R09,PREPROCESSING,SUCCESS,,2026-09-25T13:01:16.405141,0.321
S043,R09,ICA,SUCCESS,,2026-09-25T13:01:53.638293,37.229
S043,R09,ICLabel,SUCCESS,,2026-09-25T13:02:05.819406,12.175
S043,R09,PSD,SUCCESS,,2026-09-25T13:02:06.728264,0.757
S043,R09,ALICE,SUCCESS,,2026-09-25T13:02:07.548429,0.811
S043,R09,FEATURES,SUCCESS,,2026-09-25T13:02:11.325090,3.77
S043,R09,FUSION,SUCCESS,,2026-09-25T13:02:18.960786,0.099
S043,R09,NEUROAGENT,SUCCESS,,2026-09-25T13:02:19.018484,0.046
S043,R09,RECONSTRUCTION,SUCCESS,,2026-09-25T13:02:19.185524,0.164
S043,R09,QUALITY,SUCCESS,,2026-09-25T13:02:19.487376,0.3
S043,R09,TOTAL,SUCCESS,,2026-09-25T13:02:19.490362,63.5
S043,R10,LOAD,SUCCESS,,2026-09-25T13:02:19.826127,0.088
S043,R10,PREPROCESSING,SUCCESS,,2026-09-25T13:02:20.171490,0.34
S043,R10,ICA,SUCCESS,,2026-09-25T13:03:16.140191,55.964
S043,R10,ICLabel,SUCCESS,,2026-09-25T13:03:21.927280,5.783
S043,R10,PSD,SUCCESS,,2026-09-25T13:03:22.394089,0.402
S043,R10,ALICE,SUCCESS,,2026-09-25T13:03:22.712764,0.315
S043,R10,FEATURES,SUCCESS,,2026-09-25T13:03:24.893811,2.18
S043,R10,FUSION,SUCCESS,,2026-09-25T13:03:28.823912,0.098
S043,R10,NEUROAGENT,SUCCESS,,2026-09-25T13:03:28.890686,0.056
S043,R10,RECONSTRUCTION,SUCCESS,,2026-09-25T13:03:29.077794,0.178
S043,R10,QUALITY,SUCCESS,,2026-09-25T13:03:29.707999,0.612
S043,R10,TOTAL,SUCCESS,,2026-09-25T13:03:29.718012,69.979
S043,R11,LOAD,SUCCESS,,2026-09-25T13:03:30.130470,0.114
S043,R11,PREPROCESSING,SUCCESS,,2026-09-25T13:03:30.643230,0.505
S043,R11,ICA,SUCCESS,,2026-09-25T13:04:02.364832,31.717
S043,R11,ICLabel,SUCCESS,,2026-09-25T13:04:08.011343,5.643
S043,R11,PSD,SUCCESS,,2026-09-25T13:04:08.633751,0.542
S043,R11,ALICE,SUCCESS,,2026-09-25T13:04:09.115711,0.476
S043,R11,FEATURES,SUCCESS,,2026-09-25T13:04:10.852565,1.732
S043,R11,FUSION,SUCCESS,,2026-09-25T13:04:14.786508,0.091
S043,R11,NEUROAGENT,SUCCESS,,2026-09-25T13:04:14.836437,0.041
S043,R11,RECONSTRUCTION,SUCCESS,,2026-09-25T13:04:14.984688,0.137
S043,R11,QUALITY,SUCCESS,,2026-09-25T13:04:15.472307,0.485
S043,R11,TOTAL,SUCCESS,,2026-09-25T13:04:15.478677,45.463
S043,R12,LOAD,SUCCESS,,2026-09-25T13:04:15.815033,0.101
S043,R12,PREPROCESSING,SUCCESS,,2026-09-25T13:04:16.238705,0.42
S043,R12,ICA,SUCCESS,,2026-09-25T13:04:48.976145,32.733
S043,R12,ICLabel,SUCCESS,,2026-09-25T13:04:54.790616,5.81
S043,R12,PSD,SUCCESS,,2026-09-25T13:04:55.555282,0.64
S043,R12,ALICE,SUCCESS,,2026-09-25T13:04:55.990538,0.429
S043,R12,FEATURES,SUCCESS,,2026-09-25T13:04:58.239184,2.246
S043,R12,FUSION,SUCCESS,,2026-09-25T13:05:02.473439,0.07
S043,R12,NEUROAGENT,SUCCESS,,2026-09-25T13:05:02.515436,0.035
S043,R12,RECONSTRUCTION,SUCCESS,,2026-09-25T13:05:02.666147,0.144
S043,R12,QUALITY,SUCCESS,,2026-09-25T13:05:03.009136,0.334
S043,R12,TOTAL,SUCCESS,,2026-09-25T13:05:03.014136,47.3
S043,R13,LOAD,SUCCESS,,2026-09-25T13:05:03.389793,0.177
S043,R13,PREPROCESSING,SUCCESS,,2026-09-25T13:05:03.724923,0.331
S043,R13,ICA,SUCCESS,,2026-09-25T13:05:30.953780,27.226
S043,R13,ICLabel,SUCCESS,,2026-09-25T13:05:35.522313,4.565
S043,R13,PSD,SUCCESS,,2026-09-25T13:05:35.984738,0.4
S043,R13,ALICE,SUCCESS,,2026-09-25T13:05:36.349717,0.36
S043,R13,FEATURES,SUCCESS,,2026-09-25T13:05:38.788280,2.435
S043,R13,FUSION,SUCCESS,,2026-09-25T13:05:42.783337,0.202
S043,R13,NEUROAGENT,SUCCESS,,2026-09-25T13:05:42.853330,0.058
S043,R13,RECONSTRUCTION,SUCCESS,,2026-09-25T13:05:43.012105,0.153
S043,R13,QUALITY,SUCCESS,,2026-09-25T13:05:43.327680,0.313
S043,R13,TOTAL,SUCCESS,,2026-09-25T13:05:43.331693,40.119
S043,R14,LOAD,SUCCESS,,2026-09-25T13:05:43.612158,0.086
S043,R14,PREPROCESSING,SUCCESS,,2026-09-25T13:05:43.947567,0.33
S043,R14,ICA,SUCCESS,,2026-09-25T13:06:18.049212,34.098
S043,R14,ICLabel,SUCCESS,,2026-09-25T13:06:22.532503,4.478
S043,R14,PSD,SUCCESS,,2026-09-25T13:06:22.934181,0.36
S043,R14,ALICE,SUCCESS,,2026-09-25T13:06:23.339498,0.4
S043,R14,FEATURES,SUCCESS,,2026-09-25T13:06:25.264550,1.92
S043,R14,FUSION,SUCCESS,,2026-09-25T13:06:27.834527,0.067
S043,R14,NEUROAGENT,SUCCESS,,2026-09-25T13:06:27.870614,0.031
S043,R14,RECONSTRUCTION,SUCCESS,,2026-09-25T13:06:27.995770,0.121
S043,R14,QUALITY,SUCCESS,,2026-09-25T13:06:28.322695,0.324
S043,R14,TOTAL,SUCCESS,,2026-09-25T13:06:28.326754,44.801
S044,R01,LOAD,SUCCESS,,2026-09-25T13:06:28.585584,0.063
S044,R01,PREPROCESSING,SUCCESS,,2026-09-25T13:06:28.835174,0.244
S044,R01,ICA,SUCCESS,,2026-09-25T13:07:00.207532,31.368
S044,R01,ICLabel,SUCCESS,,2026-09-25T13:07:06.851793,6.638
S044,R01,PSD,SUCCESS,,2026-09-25T13:07:07.152644,0.23
S044,R01,ALICE,SUCCESS,,2026-09-25T13:07:07.493834,0.336
S044,R01,FEATURES,SUCCESS,,2026-09-25T13:07:08.611044,1.112
S044,R01,FUSION,SUCCESS,,2026-09-25T13:07:11.721113,0.101
S044,R01,NEUROAGENT,SUCCESS,,2026-09-25T13:07:11.787617,0.05
S044,R01,RECONSTRUCTION,SUCCESS,,2026-09-25T13:07:11.927055,0.123
S044,R01,QUALITY,SUCCESS,,2026-09-25T13:07:12.109563,0.178
S044,R01,TOTAL,SUCCESS,,2026-09-25T13:07:12.113101,43.59
S044,R02,LOAD,SUCCESS,,2026-09-25T13:07:12.451803,0.091
S044,R02,PREPROCESSING,SUCCESS,,2026-09-25T13:07:12.917065,0.456
S044,R02,ICA,SUCCESS,,2026-09-25T13:08:15.899415,62.972
S044,R02,ICLabel,SUCCESS,,2026-09-25T13:08:23.212296,7.31
S044,R02,PSD,SUCCESS,,2026-09-25T13:08:23.675383,0.407
S044,R02,ALICE,SUCCESS,,2026-09-25T13:08:24.166035,0.486
S044,R02,FEATURES,SUCCESS,,2026-09-25T13:08:25.203601,1.031
S044,R02,FUSION,SUCCESS,,2026-09-25T13:08:27.777110,0.071
S044,R02,NEUROAGENT,SUCCESS,,2026-09-25T13:08:27.828587,0.034
S044,R02,RECONSTRUCTION,SUCCESS,,2026-09-25T13:08:27.993824,0.155
S044,R02,QUALITY,SUCCESS,,2026-09-25T13:08:28.156546,0.158
S044,R02,TOTAL,SUCCESS,,2026-09-25T13:08:28.160516,75.802
S044,R03,LOAD,SUCCESS,,2026-09-25T13:08:28.454700,0.11
S044,R03,PREPROCESSING,SUCCESS,,2026-09-25T13:08:29.094262,0.636
S044,R03,ICA,SUCCESS,,2026-09-25T13:09:07.110515,38.011
S044,R03,ICLabel,SUCCESS,,2026-09-25T13:09:12.481602,5.366
S044,R03,PSD,SUCCESS,,2026-09-25T13:09:13.136766,0.57
S044,R03,ALICE,SUCCESS,,2026-09-25T13:09:13.572545,0.432
S044,R03,FEATURES,SUCCESS,,2026-09-25T13:09:16.168471,2.592
S044,R03,FUSION,SUCCESS,,2026-09-25T13:09:24.477617,0.107
S044,R03,NEUROAGENT,SUCCESS,,2026-09-25T13:09:24.544338,0.059
S044,R03,RECONSTRUCTION,SUCCESS,,2026-09-25T13:09:24.774542,0.226
S044,R03,QUALITY,SUCCESS,,2026-09-25T13:09:25.449432,0.667
S044,R03,TOTAL,SUCCESS,,2026-09-25T13:09:25.456533,57.112
S044,R04,LOAD,SUCCESS,,2026-09-25T13:09:25.910742,0.167
S044,R04,PREPROCESSING,SUCCESS,,2026-09-25T13:09:26.553121,0.634
S044,R04,ICA,SUCCESS,,2026-09-25T13:10:09.016382,42.454
S044,R04,ICLabel,SUCCESS,,2026-09-25T13:10:17.932254,8.91
S044,R04,PSD,SUCCESS,,2026-09-25T13:10:18.498620,0.435
S044,R04,ALICE,SUCCESS,,2026-09-25T13:10:19.160589,0.651
S044,R04,FEATURES,SUCCESS,,2026-09-25T13:10:21.542518,2.368
S044,R04,FUSION,SUCCESS,,2026-09-25T13:10:29.243729,0.136
S044,R04,NEUROAGENT,SUCCESS,,2026-09-25T13:10:29.294552,0.034
S044,R04,RECONSTRUCTION,SUCCESS,,2026-09-25T13:10:29.491014,0.182
S044,R04,QUALITY,SUCCESS,,2026-09-25T13:10:30.048455,0.542
S044,R04,TOTAL,SUCCESS,,2026-09-25T13:10:30.062763,64.319
S044,R05,LOAD,SUCCESS,,2026-09-25T13:10:30.509076,0.19
S044,R05,PREPROCESSING,SUCCESS,,2026-09-25T13:10:31.142388,0.627
S044,R05,ICA,SUCCESS,,2026-09-25T13:11:51.547322,80.399
S044,R05,ICLabel,SUCCESS,,2026-09-25T13:11:55.771087,4.22
S044,R05,PSD,SUCCESS,,2026-09-25T13:11:56.219543,0.339
S044,R05,ALICE,SUCCESS,,2026-09-25T13:11:56.560851,0.335
S044,R05,FEATURES,SUCCESS,,2026-09-25T13:11:57.622607,1.059
S044,R05,FUSION,SUCCESS,,2026-09-25T13:12:02.847948,0.125
S044,R05,NEUROAGENT,SUCCESS,,2026-09-25T13:12:02.915953,0.059
S044,R05,RECONSTRUCTION,SUCCESS,,2026-09-25T13:12:03.104390,0.183
S044,R05,QUALITY,SUCCESS,,2026-09-25T13:12:03.464121,0.355
S044,R05,TOTAL,SUCCESS,,2026-09-25T13:12:03.468108,93.15
S044,R06,LOAD,SUCCESS,,2026-09-25T13:12:03.757084,0.096
S044,R06,PREPROCESSING,SUCCESS,,2026-09-25T13:12:04.129109,0.362
S044,R06,ICA,SUCCESS,,2026-09-25T13:13:21.382228,77.248
S044,R06,ICLabel,SUCCESS,,2026-09-25T13:13:42.439936,21.043
S044,R06,PSD,SUCCESS,,2026-09-25T13:13:47.065554,3.767
S044,R06,ALICE,SUCCESS,,2026-09-25T13:13:53.534140,6.437
S044,R06,FEATURES,SUCCESS,,2026-09-25T13:14:02.640700,9.083
S044,R06,FUSION,SUCCESS,,2026-09-25T13:14:13.686881,0.215
S044,R06,NEUROAGENT,SUCCESS,,2026-09-25T13:14:13.779632,0.084
S044,R06,RECONSTRUCTION,SUCCESS,,2026-09-25T13:14:14.118376,0.325
S044,R06,QUALITY,SUCCESS,,2026-09-25T13:14:15.277578,1.149
S044,R06,TOTAL,SUCCESS,,2026-09-25T13:14:15.291301,131.628
S044,R07,LOAD,SUCCESS,,2026-09-25T13:14:15.718304,0.161
S044,R07,PREPROCESSING,SUCCESS,,2026-09-25T13:14:16.480305,0.75
S044,R07,ICA,SUCCESS,,2026-09-25T13:15:36.049854,79.561
S044,R07,ICLabel,SUCCESS,,2026-09-25T13:15:44.939306,8.885
S044,R07,PSD,SUCCESS,,2026-09-25T13:15:45.871970,0.77
S044,R07,ALICE,SUCCESS,,2026-09-25T13:15:46.655063,0.773
S044,R07,FEATURES,SUCCESS,,2026-09-25T13:15:49.672501,3.01
S044,R07,FUSION,SUCCESS,,2026-09-25T13:15:57.966348,0.187
S044,R07,NEUROAGENT,SUCCESS,,2026-09-25T13:15:58.051310,0.074
S044,R07,RECONSTRUCTION,SUCCESS,,2026-09-25T13:15:58.615471,0.55
S044,R07,QUALITY,SUCCESS,,2026-09-25T13:15:59.927671,1.295
S044,R07,TOTAL,SUCCESS,,2026-09-25T13:15:59.943657,104.388
S044,R08,LOAD,SUCCESS,,2026-09-25T13:16:00.763541,0.287
S044,R08,PREPROCESSING,SUCCESS,,2026-09-25T13:16:02.926976,2.147
S044,R08,ICA,SUCCESS,,2026-09-25T13:17:09.383331,66.417
S044,R08,ICLabel,SUCCESS,,2026-09-25T13:17:24.923116,15.529
S044,R08,PSD,SUCCESS,,2026-09-25T13:17:25.654722,0.587
S044,R08,ALICE,SUCCESS,,2026-09-25T13:17:26.638210,0.976
S044,R08,FEATURES,SUCCESS,,2026-09-25T13:17:31.233481,4.587
S044,R08,FUSION,SUCCESS,,2026-09-25T13:17:39.366387,0.204
S044,R08,NEUROAGENT,SUCCESS,,2026-09-25T13:17:39.435712,0.061
S044,R08,RECONSTRUCTION,SUCCESS,,2026-09-25T13:17:39.716715,0.275
S044,R08,QUALITY,SUCCESS,,2026-09-25T13:17:40.444454,0.715
S044,R08,TOTAL,SUCCESS,,2026-09-25T13:17:40.457003,99.982
S044,R09,LOAD,SUCCESS,,2026-09-25T13:17:41.013524,0.158
S044,R09,PREPROCESSING,SUCCESS,,2026-09-25T13:17:42.129398,1.101
S044,R09,ICA,SUCCESS,,2026-09-25T13:18:20.202532,38.061
S044,R09,ICLabel,SUCCESS,,2026-09-25T13:18:32.328305,12.114
S044,R09,PSD,SUCCESS,,2026-09-25T13:18:33.418318,0.915
S044,R09,ALICE,SUCCESS,,2026-09-25T13:18:34.159952,0.732
S044,R09,FEATURES,SUCCESS,,2026-09-25T13:18:37.160459,2.995
S044,R09,FUSION,SUCCESS,,2026-09-25T13:18:41.630965,0.102
S044,R09,NEUROAGENT,SUCCESS,,2026-09-25T13:18:41.675259,0.039
S044,R09,RECONSTRUCTION,SUCCESS,,2026-09-25T13:18:41.820130,0.14
S044,R09,QUALITY,SUCCESS,,2026-09-25T13:18:42.145345,0.321
S044,R09,TOTAL,SUCCESS,,2026-09-25T13:18:42.149383,61.295
S044,R10,LOAD,SUCCESS,,2026-09-25T13:18:42.401343,0.096
S044,R10,PREPROCESSING,SUCCESS,,2026-09-25T13:18:42.687071,0.278
S044,R10,ICA,SUCCESS,,2026-09-25T13:19:48.313686,65.624
S044,R10,ICLabel,SUCCESS,,2026-09-25T13:19:56.735824,8.416
S044,R10,PSD,SUCCESS,,2026-09-25T13:19:57.350593,0.482
S044,R10,ALICE,SUCCESS,,2026-09-25T13:19:58.015578,0.659
S044,R10,FEATURES,SUCCESS,,2026-09-25T13:20:00.669152,2.648
S044,R10,FUSION,SUCCESS,,2026-09-25T13:20:09.449934,0.125
S044,R10,NEUROAGENT,SUCCESS,,2026-09-25T13:20:09.498654,0.044
S044,R10,RECONSTRUCTION,SUCCESS,,2026-09-25T13:20:09.737383,0.23
S044,R10,QUALITY,SUCCESS,,2026-09-25T13:20:10.396889,0.651
S044,R10,TOTAL,SUCCESS,,2026-09-25T13:20:10.409514,88.104
S044,R11,LOAD,SUCCESS,,2026-09-25T13:20:10.889887,0.166
S044,R11,PREPROCESSING,SUCCESS,,2026-09-25T13:20:11.429607,0.525
S044,R11,ICA,SUCCESS,,2026-09-25T13:21:04.516134,53.082
S044,R11,ICLabel,SUCCESS,,2026-09-25T13:21:16.939890,12.407
S044,R11,PSD,SUCCESS,,2026-09-25T13:21:17.886168,0.747
S044,R11,ALICE,SUCCESS,,2026-09-25T13:21:18.580238,0.687
S044,R11,FEATURES,SUCCESS,,2026-09-25T13:21:21.757165,3.172
S044,R11,FUSION,SUCCESS,,2026-09-25T13:21:28.512413,0.105
S044,R11,NEUROAGENT,SUCCESS,,2026-09-25T13:21:28.592716,0.069
S044,R11,RECONSTRUCTION,SUCCESS,,2026-09-25T13:21:28.775239,0.169
S044,R11,QUALITY,SUCCESS,,2026-09-25T13:21:29.339023,0.559
S044,R11,TOTAL,SUCCESS,,2026-09-25T13:21:29.345116,78.622
S044,R12,LOAD,SUCCESS,,2026-09-25T13:21:29.742185,0.132
S044,R12,PREPROCESSING,SUCCESS,,2026-09-25T13:21:30.343429,0.592
S044,R12,ICA,SUCCESS,,2026-09-25T13:22:40.303135,69.956
S044,R12,ICLabel,SUCCESS,,2026-09-25T13:22:52.571280,12.261
S044,R12,PSD,SUCCESS,,2026-09-25T13:22:53.717714,0.983
S044,R12,ALICE,SUCCESS,,2026-09-25T13:22:54.632929,0.899
S044,R12,FEATURES,SUCCESS,,2026-09-25T13:22:57.652184,3.013
S044,R12,FUSION,SUCCESS,,2026-09-25T13:23:06.418059,0.206
S044,R12,NEUROAGENT,SUCCESS,,2026-09-25T13:23:06.533039,0.085
S044,R12,RECONSTRUCTION,SUCCESS,,2026-09-25T13:23:06.946210,0.401
S044,R12,QUALITY,SUCCESS,,2026-09-25T13:23:07.924271,0.966
S044,R12,TOTAL,SUCCESS,,2026-09-25T13:23:07.935605,98.325
S044,R13,LOAD,SUCCESS,,2026-09-25T13:23:08.393980,0.164
S044,R13,PREPROCESSING,SUCCESS,,2026-09-25T13:23:09.919473,1.515
S044,R13,ICA,SUCCESS,,2026-09-25T13:23:38.051184,28.123
S044,R13,ICLabel,SUCCESS,,2026-09-25T13:23:41.389852,3.335
S044,R13,PSD,SUCCESS,,2026-09-25T13:23:41.769392,0.305
S044,R13,ALICE,SUCCESS,,2026-09-25T13:23:42.098896,0.324
S044,R13,FEATURES,SUCCESS,,2026-09-25T13:23:43.002696,0.902
S044,R13,FUSION,SUCCESS,,2026-09-25T13:23:46.511154,0.108
S044,R13,NEUROAGENT,SUCCESS,,2026-09-25T13:23:46.569774,0.049
S044,R13,RECONSTRUCTION,SUCCESS,,2026-09-25T13:23:46.731309,0.153
S044,R13,QUALITY,SUCCESS,,2026-09-25T13:23:47.073411,0.338
S044,R13,TOTAL,SUCCESS,,2026-09-25T13:23:47.078167,38.848
S044,R14,LOAD,SUCCESS,,2026-09-25T13:23:47.320282,0.092
S044,R14,PREPROCESSING,SUCCESS,,2026-09-25T13:23:47.607088,0.282
S044,R14,ICA,SUCCESS,,2026-09-25T13:24:10.940329,23.328
S044,R14,ICLabel,SUCCESS,,2026-09-25T13:24:14.453091,3.509
S044,R14,PSD,SUCCESS,,2026-09-25T13:24:14.839567,0.295
S044,R14,ALICE,SUCCESS,,2026-09-25T13:24:15.144717,0.298
S044,R14,FEATURES,SUCCESS,,2026-09-25T13:24:16.209911,1.063
S044,R14,FUSION,SUCCESS,,2026-09-25T13:24:20.977894,0.124
S044,R14,NEUROAGENT,SUCCESS,,2026-09-25T13:24:21.055191,0.066
S044,R14,RECONSTRUCTION,SUCCESS,,2026-09-25T13:24:21.246596,0.183
S044,R14,QUALITY,SUCCESS,,2026-09-25T13:24:21.695767,0.442
S044,R14,TOTAL,SUCCESS,,2026-09-25T13:24:21.699589,34.472
S045,R01,LOAD,SUCCESS,,2026-09-25T13:24:21.991937,0.103
S045,R01,PREPROCESSING,SUCCESS,,2026-09-25T13:24:22.590106,0.592
S045,R01,ICA,SUCCESS,,2026-09-25T13:24:43.994783,21.394
S045,R01,ICLabel,SUCCESS,,2026-09-25T13:24:46.916210,2.918
S045,R01,PSD,SUCCESS,,2026-09-25T13:24:47.188933,0.227
S045,R01,ALICE,SUCCESS,,2026-09-25T13:24:47.380061,0.189
S045,R01,FEATURES,SUCCESS,,2026-09-25T13:24:48.009205,0.626
S045,R01,FUSION,SUCCESS,,2026-09-25T13:24:49.409817,0.059
S045,R01,NEUROAGENT,SUCCESS,,2026-09-25T13:24:49.457665,0.04
S045,R01,RECONSTRUCTION,SUCCESS,,2026-09-25T13:24:49.563245,0.098
S045,R01,QUALITY,SUCCESS,,2026-09-25T13:24:49.710394,0.142
S045,R01,TOTAL,SUCCESS,,2026-09-25T13:24:49.713335,27.824
S045,R02,LOAD,SUCCESS,,2026-09-25T13:24:49.902618,0.05
S045,R02,PREPROCESSING,SUCCESS,,2026-09-25T13:24:50.079324,0.171
S045,R02,ICA,SUCCESS,,2026-09-25T13:25:03.990269,13.907
S045,R02,ICLabel,SUCCESS,,2026-09-25T13:25:06.951780,2.958
S045,R02,PSD,SUCCESS,,2026-09-25T13:25:07.237888,0.239
S045,R02,ALICE,SUCCESS,,2026-09-25T13:25:07.610084,0.367
S045,R02,FEATURES,SUCCESS,,2026-09-25T13:25:08.255849,0.644
S045,R02,FUSION,SUCCESS,,2026-09-25T13:25:09.609146,0.091
S045,R02,NEUROAGENT,SUCCESS,,2026-09-25T13:25:09.643206,0.026
S045,R02,RECONSTRUCTION,SUCCESS,,2026-09-25T13:25:09.749071,0.098
S045,R02,QUALITY,SUCCESS,,2026-09-25T13:25:09.908086,0.154
S045,R02,TOTAL,SUCCESS,,2026-09-25T13:25:09.911087,20.059
S045,R03,LOAD,SUCCESS,,2026-09-25T13:25:10.140989,0.086
S045,R03,PREPROCESSING,SUCCESS,,2026-09-25T13:25:10.405461,0.257
S045,R03,ICA,SUCCESS,,2026-09-25T13:25:36.829721,26.421
S045,R03,ICLabel,SUCCESS,,2026-09-25T13:25:40.221114,3.389
S045,R03,PSD,SUCCESS,,2026-09-25T13:25:40.744995,0.423
S045,R03,ALICE,SUCCESS,,2026-09-25T13:25:41.142613,0.387
S045,R03,FEATURES,SUCCESS,,2026-09-25T13:25:42.979116,1.83
S045,R03,FUSION,SUCCESS,,2026-09-25T13:25:46.852144,0.134
S045,R03,NEUROAGENT,SUCCESS,,2026-09-25T13:25:46.918182,0.052
S045,R03,RECONSTRUCTION,SUCCESS,,2026-09-25T13:25:47.174444,0.246
S045,R03,QUALITY,SUCCESS,,2026-09-25T13:25:50.660216,3.475
S045,R03,TOTAL,SUCCESS,,2026-09-25T13:25:50.679140,40.623
S045,R04,LOAD,SUCCESS,,2026-09-25T13:25:51.349036,0.215
S045,R04,PREPROCESSING,SUCCESS,,2026-09-25T13:25:52.867571,1.503
S045,R04,ICA,SUCCESS,,2026-09-25T13:27:48.380534,115.487
S045,R04,ICLabel,SUCCESS,,2026-09-25T13:27:57.123015,8.725
S045,R04,PSD,SUCCESS,,2026-09-25T13:27:57.977140,0.707
S045,R04,ALICE,SUCCESS,,2026-09-25T13:27:58.622732,0.64
S045,R04,FEATURES,SUCCESS,,2026-09-25T13:28:01.127345,2.498
S045,R04,FUSION,SUCCESS,,2026-09-25T13:28:09.009673,0.108
S045,R04,NEUROAGENT,SUCCESS,,2026-09-25T13:28:09.073335,0.048
S045,R04,RECONSTRUCTION,SUCCESS,,2026-09-25T13:28:09.248010,0.157
S045,R04,QUALITY,SUCCESS,,2026-09-25T13:28:09.689425,0.433
S045,R04,TOTAL,SUCCESS,,2026-09-25T13:28:09.695635,138.563
S045,R05,LOAD,SUCCESS,,2026-09-25T13:28:10.183579,0.17
S045,R05,PREPROCESSING,SUCCESS,,2026-09-25T13:28:10.751706,0.556
S045,R05,ICA,SUCCESS,,2026-09-25T13:28:56.774342,46.017
S045,R05,ICLabel,SUCCESS,,2026-09-25T13:29:05.320798,8.541
S045,R05,PSD,SUCCESS,,2026-09-25T13:29:05.876605,0.466
S045,R05,ALICE,SUCCESS,,2026-09-25T13:29:06.750193,0.868
S045,R05,FEATURES,SUCCESS,,2026-09-25T13:29:09.198085,2.434
S045,R05,FUSION,SUCCESS,,2026-09-25T13:29:15.613041,0.14
S045,R05,NEUROAGENT,SUCCESS,,2026-09-25T13:29:15.667433,0.05
S045,R05,RECONSTRUCTION,SUCCESS,,2026-09-25T13:29:15.953184,0.276
S045,R05,QUALITY,SUCCESS,,2026-09-25T13:29:16.438497,0.479
S045,R05,TOTAL,SUCCESS,,2026-09-25T13:29:16.445307,66.432
S045,R06,LOAD,SUCCESS,,2026-09-25T13:29:16.888512,0.144
S045,R06,PREPROCESSING,SUCCESS,,2026-09-25T13:29:17.630052,0.732
S045,R06,ICA,SUCCESS,,2026-09-25T13:30:04.295278,46.654
S045,R06,ICLabel,SUCCESS,,2026-09-25T13:30:11.754093,7.456
S045,R06,PSD,SUCCESS,,2026-09-25T13:30:12.602642,0.726
S045,R06,ALICE,SUCCESS,,2026-09-25T13:30:13.419651,0.812
S045,R06,FEATURES,SUCCESS,,2026-09-25T13:30:16.042300,2.617
S045,R06,FUSION,SUCCESS,,2026-09-25T13:30:23.249877,0.15
S045,R06,NEUROAGENT,SUCCESS,,2026-09-25T13:30:23.325090,0.061
S045,R06,RECONSTRUCTION,SUCCESS,,2026-09-25T13:30:23.650497,0.311
S045,R06,QUALITY,SUCCESS,,2026-09-25T13:30:24.391664,0.736
S045,R06,TOTAL,SUCCESS,,2026-09-25T13:30:24.401780,67.657
S045,R07,LOAD,SUCCESS,,2026-09-25T13:30:24.808119,0.122
S045,R07,PREPROCESSING,SUCCESS,,2026-09-25T13:30:25.661410,0.839
S045,R07,ICA,SUCCESS,,2026-09-25T13:31:46.775444,81.106
S045,R07,ICLabel,SUCCESS,,2026-09-25T13:31:56.063452,9.281
S045,R07,PSD,SUCCESS,,2026-09-25T13:31:59.322791,2.685
S045,R07,ALICE,SUCCESS,,2026-09-25T13:32:00.654230,1.315
S045,R07,FEATURES,SUCCESS,,2026-09-25T13:32:04.260066,3.594
S045,R07,FUSION,SUCCESS,,2026-09-25T13:32:13.513949,0.166
S045,R07,NEUROAGENT,SUCCESS,,2026-09-25T13:32:13.583522,0.055
S045,R07,RECONSTRUCTION,SUCCESS,,2026-09-25T13:32:13.886573,0.297
S045,R07,QUALITY,SUCCESS,,2026-09-25T13:32:14.562808,0.67
S045,R07,TOTAL,SUCCESS,,2026-09-25T13:32:14.579101,109.894
S045,R08,LOAD,SUCCESS,,2026-09-25T13:32:15.047682,0.164
S045,R08,PREPROCESSING,SUCCESS,,2026-09-25T13:32:15.920528,0.864
S045,R08,ICA,SUCCESS,,2026-09-25T13:33:21.490483,65.563
S045,R08,ICLabel,SUCCESS,,2026-09-25T13:33:32.055827,10.56
S045,R08,PSD,SUCCESS,,2026-09-25T13:33:32.840993,0.629
S045,R08,ALICE,SUCCESS,,2026-09-25T13:33:33.648363,0.801
S045,R08,FEATURES,SUCCESS,,2026-09-25T13:33:37.182474,3.528
S045,R08,FUSION,SUCCESS,,2026-09-25T13:33:44.704287,0.158
S045,R08,NEUROAGENT,SUCCESS,,2026-09-25T13:33:44.770324,0.055
S045,R08,RECONSTRUCTION,SUCCESS,,2026-09-25T13:33:45.043163,0.264
S045,R08,QUALITY,SUCCESS,,2026-09-25T13:33:45.519865,0.469
S045,R08,TOTAL,SUCCESS,,2026-09-25T13:33:45.539151,90.657
S045,R09,LOAD,SUCCESS,,2026-09-25T13:33:45.940969,0.14
S045,R09,PREPROCESSING,SUCCESS,,2026-09-25T13:33:46.716656,0.764
S045,R09,ICA,SUCCESS,,2026-09-25T13:34:09.828254,23.104
S045,R09,ICLabel,SUCCESS,,2026-09-25T13:34:13.274948,3.443
S045,R09,PSD,SUCCESS,,2026-09-25T13:34:13.961271,0.516
S045,R09,ALICE,SUCCESS,,2026-09-25T13:34:14.575388,0.603
S045,R09,FEATURES,SUCCESS,,2026-09-25T13:34:16.407300,1.824
S045,R09,FUSION,SUCCESS,,2026-09-25T13:34:22.089201,0.163
S045,R09,NEUROAGENT,SUCCESS,,2026-09-25T13:34:22.153454,0.046
S045,R09,RECONSTRUCTION,SUCCESS,,2026-09-25T13:34:22.380156,0.216
S045,R09,QUALITY,SUCCESS,,2026-09-25T13:34:23.166565,0.778
S045,R09,TOTAL,SUCCESS,,2026-09-25T13:34:23.179044,37.378
S045,R10,LOAD,SUCCESS,,2026-09-25T13:34:23.508280,0.105
S045,R10,PREPROCESSING,SUCCESS,,2026-09-25T13:34:23.846022,0.332
S045,R10,ICA,SUCCESS,,2026-09-25T13:37:10.594286,166.744
S045,R10,ICLabel,SUCCESS,,2026-09-25T13:37:25.841114,15.24
S045,R10,PSD,SUCCESS,,2026-09-25T13:37:26.716343,0.696
S045,R10,ALICE,SUCCESS,,2026-09-25T13:37:27.522146,0.799
S045,R10,FEATURES,SUCCESS,,2026-09-25T13:37:30.951685,3.424
S045,R10,FUSION,SUCCESS,,2026-09-25T13:37:41.017972,0.324
S045,R10,NEUROAGENT,SUCCESS,,2026-09-25T13:37:41.150070,0.115
S045,R10,RECONSTRUCTION,SUCCESS,,2026-09-25T13:37:41.682176,0.501
S045,R10,QUALITY,SUCCESS,,2026-09-25T13:37:42.505379,0.814
S045,R10,TOTAL,SUCCESS,,2026-09-25T13:37:42.515028,199.111
S045,R11,LOAD,SUCCESS,,2026-09-25T13:37:42.990107,0.161
S045,R11,PREPROCESSING,SUCCESS,,2026-09-25T13:37:43.807023,0.797
S045,R11,ICA,SUCCESS,,2026-09-25T13:39:19.008387,95.192
S045,R11,ICLabel,SUCCESS,,2026-09-25T13:39:40.750152,21.734
S045,R11,PSD,SUCCESS,,2026-09-25T13:39:42.254767,1.305
S045,R11,ALICE,SUCCESS,,2026-09-25T13:39:43.758851,1.466
S045,R11,FEATURES,SUCCESS,,2026-09-25T13:39:49.308709,5.543
S045,R11,FUSION,SUCCESS,,2026-09-25T13:40:11.157682,0.207
S045,R11,NEUROAGENT,SUCCESS,,2026-09-25T13:40:11.247161,0.08
S045,R11,RECONSTRUCTION,SUCCESS,,2026-09-25T13:40:11.654902,0.391
S045,R11,QUALITY,SUCCESS,,2026-09-25T13:40:12.358845,0.696
S045,R11,TOTAL,SUCCESS,,2026-09-25T13:40:12.366435,149.539
S045,R12,LOAD,SUCCESS,,2026-09-25T13:40:12.955984,0.284
S045,R12,PREPROCESSING,SUCCESS,,2026-09-25T13:40:13.681734,0.717
S045,R12,ICA,SUCCESS,,2026-09-25T13:41:50.794042,97.109
S045,R12,ICLabel,SUCCESS,,2026-09-25T13:42:04.933563,14.131
S045,R12,PSD,SUCCESS,,2026-09-25T13:42:08.364873,3.25
S045,R12,ALICE,SUCCESS,,2026-09-25T13:42:10.637329,2.247
S045,R12,FEATURES,SUCCESS,,2026-09-25T13:42:13.552735,2.904
S045,R12,FUSION,SUCCESS,,2026-09-25T13:42:21.910555,0.169
S045,R12,NEUROAGENT,SUCCESS,,2026-09-25T13:42:21.971288,0.055
S045,R12,RECONSTRUCTION,SUCCESS,,2026-09-25T13:42:22.254778,0.273
S045,R12,QUALITY,SUCCESS,,2026-09-25T13:42:23.205130,0.929
S045,R12,TOTAL,SUCCESS,,2026-09-25T13:42:23.218793,130.548
S045,R13,LOAD,SUCCESS,,2026-09-25T13:42:23.783792,0.181
S045,R13,PREPROCESSING,SUCCESS,,2026-09-25T13:42:24.571460,0.771
S045,R13,ICA,SUCCESS,,2026-09-25T13:43:07.462123,42.888
S045,R13,ICLabel,SUCCESS,,2026-09-25T13:43:13.374484,5.908
S045,R13,PSD,SUCCESS,,2026-09-25T13:43:13.849645,0.403
S045,R13,ALICE,SUCCESS,,2026-09-25T13:43:14.627830,0.774
S045,R13,FEATURES,SUCCESS,,2026-09-25T13:43:17.175045,2.54
S045,R13,FUSION,SUCCESS,,2026-09-25T13:43:21.277631,0.162
S045,R13,NEUROAGENT,SUCCESS,,2026-09-25T13:43:21.358323,0.078
S045,R13,RECONSTRUCTION,SUCCESS,,2026-09-25T13:43:21.628916,0.267
S045,R13,QUALITY,SUCCESS,,2026-09-25T13:43:21.959593,0.326
S045,R13,TOTAL,SUCCESS,,2026-09-25T13:43:21.971512,58.368
S045,R14,LOAD,SUCCESS,,2026-09-25T13:43:22.244226,0.077
S045,R14,PREPROCESSING,SUCCESS,,2026-09-25T13:43:22.594651,0.346
S045,R14,ICA,SUCCESS,,2026-09-25T13:44:11.114628,48.515
S045,R14,ICLabel,SUCCESS,,2026-09-25T13:44:22.285376,11.166
S045,R14,PSD,SUCCESS,,2026-09-25T13:44:23.109926,0.676
S045,R14,ALICE,SUCCESS,,2026-09-25T13:44:24.060765,0.946
S045,R14,FEATURES,SUCCESS,,2026-09-25T13:44:27.637771,3.568
S045,R14,FUSION,SUCCESS,,2026-09-25T13:44:36.622153,0.189
S045,R14,NEUROAGENT,SUCCESS,,2026-09-25T13:44:36.661119,0.034
S045,R14,RECONSTRUCTION,SUCCESS,,2026-09-25T13:44:36.841985,0.174
S045,R14,QUALITY,SUCCESS,,2026-09-25T13:44:37.353731,0.502
S045,R14,TOTAL,SUCCESS,,2026-09-25T13:44:37.357875,75.191
S046,R01,LOAD,SUCCESS,,2026-09-25T13:44:37.713957,0.133
S046,R01,PREPROCESSING,SUCCESS,,2026-09-25T13:44:38.107969,0.379
S046,R01,ICA,SUCCESS,,2026-09-25T13:46:25.597001,107.484
S046,R01,ICLabel,SUCCESS,,2026-09-25T13:46:34.991290,9.386
S046,R01,PSD,SUCCESS,,2026-09-25T13:46:35.572633,0.469
S046,R01,ALICE,SUCCESS,,2026-09-25T13:46:36.113643,0.531
S046,R01,FEATURES,SUCCESS,,2026-09-25T13:46:38.033419,1.914
S046,R01,FUSION,SUCCESS,,2026-09-25T13:46:42.575929,0.19
S046,R01,NEUROAGENT,SUCCESS,,2026-09-25T13:46:42.628882,0.047
S046,R01,RECONSTRUCTION,SUCCESS,,2026-09-25T13:46:42.811715,0.171
S046,R01,QUALITY,SUCCESS,,2026-09-25T13:46:43.052854,0.234
S046,R01,TOTAL,SUCCESS,,2026-09-25T13:46:43.061447,125.481
S046,R02,LOAD,SUCCESS,,2026-09-25T13:46:43.517179,0.172
S046,R02,PREPROCESSING,SUCCESS,,2026-09-25T13:46:44.269290,0.735
S046,R02,ICA,SUCCESS,,2026-09-25T13:48:09.656162,85.379
S046,R02,ICLabel,SUCCESS,,2026-09-25T13:48:17.889513,8.227
S046,R02,PSD,SUCCESS,,2026-09-25T13:48:20.384994,2.401
S046,R02,ALICE,SUCCESS,,2026-09-25T13:48:21.625137,1.227
S046,R02,FEATURES,SUCCESS,,2026-09-25T13:48:25.232464,3.595
S046,R02,FUSION,SUCCESS,,2026-09-25T13:48:30.075665,0.236
S046,R02,NEUROAGENT,SUCCESS,,2026-09-25T13:48:30.205663,0.111
S046,R02,RECONSTRUCTION,SUCCESS,,2026-09-25T13:48:30.438752,0.218
S046,R02,QUALITY,SUCCESS,,2026-09-25T13:48:30.796841,0.348
S046,R02,TOTAL,SUCCESS,,2026-09-25T13:48:30.823537,107.477
S046,R03,LOAD,SUCCESS,,2026-09-25T13:48:32.630482,0.916
S046,R03,PREPROCESSING,SUCCESS,,2026-09-25T13:48:33.817904,1.101
S046,R03,ICA,SUCCESS,,2026-09-25T13:50:14.560196,100.735
S046,R03,ICLabel,SUCCESS,,2026-09-25T13:50:27.153888,12.587
S046,R03,PSD,SUCCESS,,2026-09-25T13:50:27.922095,0.619
S046,R03,ALICE,SUCCESS,,2026-09-25T13:50:28.802343,0.875
S046,R03,FEATURES,SUCCESS,,2026-09-25T13:50:32.245560,3.432
S046,R03,FUSION,SUCCESS,,2026-09-25T13:50:48.960659,0.266
S046,R03,NEUROAGENT,SUCCESS,,2026-09-25T13:50:49.109338,0.13
S046,R03,RECONSTRUCTION,SUCCESS,,2026-09-25T13:50:49.611759,0.484
S046,R03,QUALITY,SUCCESS,,2026-09-25T13:50:50.652291,1.028
S046,R03,TOTAL,SUCCESS,,2026-09-25T13:50:50.668640,138.964
S046,R04,LOAD,SUCCESS,,2026-09-25T13:50:51.342704,0.255
S046,R04,PREPROCESSING,SUCCESS,,2026-09-25T13:50:53.400363,2.034
S046,R04,ICA,SUCCESS,,2026-09-25T13:53:30.721306,157.282
S046,R04,ICLabel,SUCCESS,,2026-09-25T13:53:42.794288,12.052
S046,R04,PSD,SUCCESS,,2026-09-25T13:53:43.966781,1.023
S046,R04,ALICE,SUCCESS,,2026-09-25T13:53:44.910604,0.938
S046,R04,FEATURES,SUCCESS,,2026-09-25T13:53:47.730775,2.815
S046,R04,FUSION,SUCCESS,,2026-09-25T13:53:57.650180,0.154
S046,R04,NEUROAGENT,SUCCESS,,2026-09-25T13:53:57.717485,0.056
S046,R04,RECONSTRUCTION,SUCCESS,,2026-09-25T13:53:57.973223,0.25
S046,R04,QUALITY,SUCCESS,,2026-09-25T13:53:58.816150,0.834
S046,R04,TOTAL,SUCCESS,,2026-09-25T13:53:58.834558,187.747
S046,R05,LOAD,SUCCESS,,2026-09-25T13:53:59.386877,0.224
S046,R05,PREPROCESSING,SUCCESS,,2026-09-25T13:54:00.215177,0.811
S046,R05,ICA,SUCCESS,,2026-09-25T13:55:10.299542,70.073
S046,R05,ICLabel,SUCCESS,,2026-09-25T13:55:20.168173,9.863
S046,R05,PSD,SUCCESS,,2026-09-25T13:55:21.266141,0.94
S046,R05,ALICE,SUCCESS,,2026-09-25T13:55:22.234138,0.962
S046,R05,FEATURES,SUCCESS,,2026-09-25T13:55:25.044584,2.806
S046,R05,FUSION,SUCCESS,,2026-09-25T13:55:31.878978,0.112
S046,R05,NEUROAGENT,SUCCESS,,2026-09-25T13:55:31.943652,0.054
S046,R05,RECONSTRUCTION,SUCCESS,,2026-09-25T13:55:32.151430,0.202
S046,R05,QUALITY,SUCCESS,,2026-09-25T13:55:32.651826,0.494
S046,R05,TOTAL,SUCCESS,,2026-09-25T13:55:32.660578,93.498
S046,R06,LOAD,SUCCESS,,2026-09-25T13:55:33.139380,0.158
S046,R06,PREPROCESSING,SUCCESS,,2026-09-25T13:55:33.970749,0.808
S046,R06,ICA,SUCCESS,,2026-09-25T13:56:48.798139,74.817
S046,R06,ICLabel,SUCCESS,,2026-09-25T13:57:03.749795,14.942
S046,R06,PSD,SUCCESS,,2026-09-25T13:57:05.927093,1.934
S046,R06,ALICE,SUCCESS,,2026-09-25T13:57:07.640276,1.695
S046,R06,FEATURES,SUCCESS,,2026-09-25T13:57:11.355093,3.706
S046,R06,FUSION,SUCCESS,,2026-09-25T13:57:20.319143,0.222
S046,R06,NEUROAGENT,SUCCESS,,2026-09-25T13:57:20.415849,0.083
S046,R06,RECONSTRUCTION,SUCCESS,,2026-09-25T13:57:20.964146,0.536
S046,R06,QUALITY,SUCCESS,,2026-09-25T13:57:22.219252,1.239
S046,R06,TOTAL,SUCCESS,,2026-09-25T13:57:22.239859,109.258
S046,R07,LOAD,SUCCESS,,2026-09-25T13:57:22.928246,0.273
S046,R07,PREPROCESSING,SUCCESS,,2026-09-25T13:57:24.025277,1.07
S046,R07,ICA,SUCCESS,,2026-09-25T14:00:10.779284,166.744
S046,R07,ICLabel,SUCCESS,,2026-09-25T14:00:15.023589,4.241
S046,R07,PSD,SUCCESS,,2026-09-25T14:00:15.777967,0.578
S046,R07,ALICE,SUCCESS,,2026-09-25T14:00:16.430490,0.637
S046,R07,FEATURES,SUCCESS,,2026-09-25T14:00:17.992236,1.557
S046,R07,FUSION,SUCCESS,,2026-09-25T14:00:23.748077,0.145
S046,R07,NEUROAGENT,SUCCESS,,2026-09-25T14:00:23.826418,0.065
S046,R07,RECONSTRUCTION,SUCCESS,,2026-09-25T14:00:23.996069,0.158
S046,R07,QUALITY,SUCCESS,,2026-09-25T14:00:24.321842,0.321
S046,R07,TOTAL,SUCCESS,,2026-09-25T14:00:24.325764,181.672
S046,R08,LOAD,SUCCESS,,2026-09-25T14:00:24.626325,0.115
S046,R08,PREPROCESSING,SUCCESS,,2026-09-25T14:00:25.064346,0.429
S046,R08,ICA,SUCCESS,,2026-09-25T14:00:58.821205,33.753
S046,R08,ICLabel,SUCCESS,,2026-09-25T14:01:02.751738,3.927
S046,R08,PSD,SUCCESS,,2026-09-25T14:01:03.171881,0.328
S046,R08,ALICE,SUCCESS,,2026-09-25T14:01:03.589695,0.409
S046,R08,FEATURES,SUCCESS,,2026-09-25T14:01:04.786530,1.193
S046,R08,FUSION,SUCCESS,,2026-09-25T14:01:10.519149,0.121
S046,R08,NEUROAGENT,SUCCESS,,2026-09-25T14:01:10.674727,0.143
S046,R08,RECONSTRUCTION,SUCCESS,,2026-09-25T14:01:11.032033,0.344
S046,R08,QUALITY,SUCCESS,,2026-09-25T14:01:11.488001,0.438
S046,R08,TOTAL,SUCCESS,,2026-09-25T14:01:11.494183,46.984
S046,R09,LOAD,SUCCESS,,2026-09-25T14:01:11.874665,0.105
S046,R09,PREPROCESSING,SUCCESS,,2026-09-25T14:01:12.406170,0.522
S046,R09,ICA,SUCCESS,,2026-09-25T14:02:11.698309,59.279
S046,R09,ICLabel,SUCCESS,,2026-09-25T14:02:15.942094,4.241
S046,R09,PSD,SUCCESS,,2026-09-25T14:02:16.392482,0.335
S046,R09,ALICE,SUCCESS,,2026-09-25T14:02:16.722964,0.326
S046,R09,FEATURES,SUCCESS,,2026-09-25T14:02:17.778916,1.052
S046,R09,FUSION,SUCCESS,,2026-09-25T14:02:21.480782,0.101
S046,R09,NEUROAGENT,SUCCESS,,2026-09-25T14:02:21.537389,0.053
S046,R09,RECONSTRUCTION,SUCCESS,,2026-09-25T14:02:21.725485,0.176
S046,R09,QUALITY,SUCCESS,,2026-09-25T14:02:22.037886,0.308
S046,R09,TOTAL,SUCCESS,,2026-09-25T14:02:22.040897,70.272
S046,R10,LOAD,SUCCESS,,2026-09-25T14:02:22.314466,0.118
S046,R10,PREPROCESSING,SUCCESS,,2026-09-25T14:02:22.703066,0.381
S046,R10,ICA,SUCCESS,,2026-09-25T14:02:57.698754,34.992
S046,R10,ICLabel,SUCCESS,,2026-09-25T14:03:01.040269,3.339
S046,R10,PSD,SUCCESS,,2026-09-25T14:03:01.462473,0.306
S046,R10,ALICE,SUCCESS,,2026-09-25T14:03:01.838764,0.368
S046,R10,FEATURES,SUCCESS,,2026-09-25T14:03:03.001149,1.158
S046,R10,FUSION,SUCCESS,,2026-09-25T14:03:08.058056,0.164
S046,R10,NEUROAGENT,SUCCESS,,2026-09-25T14:03:08.117057,0.044
S046,R10,RECONSTRUCTION,SUCCESS,,2026-09-25T14:03:08.458780,0.336
S046,R10,QUALITY,SUCCESS,,2026-09-25T14:03:09.062010,0.597
S046,R10,TOTAL,SUCCESS,,2026-09-25T14:03:09.071911,46.875
S046,R11,LOAD,SUCCESS,,2026-09-25T14:03:09.457689,0.132
S046,R11,PREPROCESSING,SUCCESS,,2026-09-25T14:03:10.042414,0.571
S046,R11,ICA,SUCCESS,,2026-09-25T14:03:29.713295,19.666
S046,R11,ICLabel,SUCCESS,,2026-09-25T14:03:32.755532,3.039
S046,R11,PSD,SUCCESS,,2026-09-25T14:03:33.257348,0.423
S046,R11,ALICE,SUCCESS,,2026-09-25T14:03:33.575395,0.312
S046,R11,FEATURES,SUCCESS,,2026-09-25T14:03:34.542827,0.964
S046,R11,FUSION,SUCCESS,,2026-09-25T14:03:37.721031,0.098
S046,R11,NEUROAGENT,SUCCESS,,2026-09-25T14:03:37.784648,0.055
S046,R11,RECONSTRUCTION,SUCCESS,,2026-09-25T14:03:37.920670,0.128
S046,R11,QUALITY,SUCCESS,,2026-09-25T14:03:38.227199,0.3
S046,R11,TOTAL,SUCCESS,,2026-09-25T14:03:38.230090,28.904
S046,R12,LOAD,SUCCESS,,2026-09-25T14:03:38.463126,0.086
S046,R12,PREPROCESSING,SUCCESS,,2026-09-25T14:03:38.724173,0.257
S046,R12,ICA,SUCCESS,,2026-09-25T14:04:15.262889,36.536
S046,R12,ICLabel,SUCCESS,,2026-09-25T14:04:19.457361,4.19
S046,R12,PSD,SUCCESS,,2026-09-25T14:04:19.856654,0.292
S046,R12,ALICE,SUCCESS,,2026-09-25T14:04:20.207782,0.346
S046,R12,FEATURES,SUCCESS,,2026-09-25T14:04:21.309585,1.099
S046,R12,FUSION,SUCCESS,,2026-09-25T14:04:24.262348,0.096
S046,R12,NEUROAGENT,SUCCESS,,2026-09-25T14:04:24.322609,0.051
S046,R12,RECONSTRUCTION,SUCCESS,,2026-09-25T14:04:24.445048,0.113
S046,R12,QUALITY,SUCCESS,,2026-09-25T14:04:24.719138,0.271
S046,R12,TOTAL,SUCCESS,,2026-09-25T14:04:24.723143,46.347
S046,R13,LOAD,SUCCESS,,2026-09-25T14:04:24.940446,0.083
S046,R13,PREPROCESSING,SUCCESS,,2026-09-25T14:04:25.200281,0.257
S046,R13,ICA,SUCCESS,,2026-09-25T14:04:49.435813,24.233
S046,R13,ICLabel,SUCCESS,,2026-09-25T14:04:52.661967,3.224
S046,R13,PSD,SUCCESS,,2026-09-25T14:04:53.103120,0.32
S046,R13,ALICE,SUCCESS,,2026-09-25T14:04:53.491816,0.384
S046,R13,FEATURES,SUCCESS,,2026-09-25T14:04:54.728269,1.232
S046,R13,FUSION,SUCCESS,,2026-09-25T14:04:58.901870,0.122
S046,R13,NEUROAGENT,SUCCESS,,2026-09-25T14:04:58.982430,0.067
S046,R13,RECONSTRUCTION,SUCCESS,,2026-09-25T14:04:59.194944,0.2
S046,R13,QUALITY,SUCCESS,,2026-09-25T14:04:59.559055,0.359
S046,R13,TOTAL,SUCCESS,,2026-09-25T14:04:59.565080,34.708
S046,R14,LOAD,SUCCESS,,2026-09-25T14:04:59.891090,0.165
S046,R14,PREPROCESSING,SUCCESS,,2026-09-25T14:05:00.302158,0.405
S046,R14,ICA,SUCCESS,,2026-09-25T14:05:31.985973,31.679
S046,R14,ICLabel,SUCCESS,,2026-09-25T14:05:35.150857,3.161
S046,R14,PSD,SUCCESS,,2026-09-25T14:05:35.535929,0.296
S046,R14,ALICE,SUCCESS,,2026-09-25T14:05:35.909963,0.37
S046,R14,FEATURES,SUCCESS,,2026-09-25T14:05:37.204589,1.289
S046,R14,FUSION,SUCCESS,,2026-09-25T14:05:40.742952,0.1
S046,R14,NEUROAGENT,SUCCESS,,2026-09-25T14:05:40.789676,0.043
S046,R14,RECONSTRUCTION,SUCCESS,,2026-09-25T14:05:40.922700,0.125
S046,R14,QUALITY,SUCCESS,,2026-09-25T14:05:41.195684,0.268
S046,R14,TOTAL,SUCCESS,,2026-09-25T14:05:41.198685,41.473
S047,R01,LOAD,SUCCESS,,2026-09-25T14:05:41.389099,0.054
S047,R01,PREPROCESSING,SUCCESS,,2026-09-25T14:05:41.559571,0.165
S047,R01,ICA,SUCCESS,,2026-09-25T14:06:14.013091,32.45
S047,R01,ICLabel,SUCCESS,,2026-09-25T14:06:17.083217,3.067
S047,R01,PSD,SUCCESS,,2026-09-25T14:06:17.355394,0.223
S047,R01,ALICE,SUCCESS,,2026-09-25T14:06:17.580753,0.221
S047,R01,FEATURES,SUCCESS,,2026-09-25T14:06:18.131724,0.548
S047,R01,FUSION,SUCCESS,,2026-09-25T14:06:19.354718,0.076
S047,R01,NEUROAGENT,SUCCESS,,2026-09-25T14:06:19.389688,0.029
S047,R01,RECONSTRUCTION,SUCCESS,,2026-09-25T14:06:19.489863,0.095
S047,R01,QUALITY,SUCCESS,,2026-09-25T14:06:19.618897,0.125
S047,R01,TOTAL,SUCCESS,,2026-09-25T14:06:19.622884,38.287
S047,R02,LOAD,SUCCESS,,2026-09-25T14:06:19.808904,0.053
S047,R02,PREPROCESSING,SUCCESS,,2026-09-25T14:06:19.967311,0.155
S047,R02,ICA,SUCCESS,,2026-09-25T14:06:33.857346,13.886
S047,R02,ICLabel,SUCCESS,,2026-09-25T14:06:37.148397,3.288
S047,R02,PSD,SUCCESS,,2026-09-25T14:06:37.860186,0.626
S047,R02,ALICE,SUCCESS,,2026-09-25T14:06:38.344908,0.477
S047,R02,FEATURES,SUCCESS,,2026-09-25T14:06:39.170885,0.821
S047,R02,FUSION,SUCCESS,,2026-09-25T14:06:41.068111,0.1
S047,R02,NEUROAGENT,SUCCESS,,2026-09-25T14:06:41.128109,0.051
S047,R02,RECONSTRUCTION,SUCCESS,,2026-09-25T14:06:41.221116,0.087
S047,R02,QUALITY,SUCCESS,,2026-09-25T14:06:41.390739,0.165
S047,R02,TOTAL,SUCCESS,,2026-09-25T14:06:41.395736,21.639
S047,R03,LOAD,SUCCESS,,2026-09-25T14:06:41.653436,0.098
S047,R03,PREPROCESSING,SUCCESS,,2026-09-25T14:06:41.939627,0.278
S047,R03,ICA,SUCCESS,,2026-09-25T14:07:02.263635,20.32
S047,R03,ICLabel,SUCCESS,,2026-09-25T14:07:05.538054,3.27
S047,R03,PSD,SUCCESS,,2026-09-25T14:07:05.936150,0.273
S047,R03,ALICE,SUCCESS,,2026-09-25T14:07:06.262919,0.32
S047,R03,FEATURES,SUCCESS,,2026-09-25T14:07:07.261499,0.997
S047,R03,FUSION,SUCCESS,,2026-09-25T14:07:10.774385,0.099
S047,R03,NEUROAGENT,SUCCESS,,2026-09-25T14:07:10.822324,0.04
S047,R03,RECONSTRUCTION,SUCCESS,,2026-09-25T14:07:11.028585,0.199
S047,R03,QUALITY,SUCCESS,,2026-09-25T14:07:11.340456,0.309
S047,R03,TOTAL,SUCCESS,,2026-09-25T14:07:11.345444,29.79
S047,R04,LOAD,SUCCESS,,2026-09-25T14:07:11.591138,0.09
S047,R04,PREPROCESSING,SUCCESS,,2026-09-25T14:07:11.883959,0.286
S047,R04,ICA,SUCCESS,,2026-09-25T14:07:36.334581,24.448
S047,R04,ICLabel,SUCCESS,,2026-09-25T14:07:40.838846,4.501
S047,R04,PSD,SUCCESS,,2026-09-25T14:07:41.295389,0.32
S047,R04,ALICE,SUCCESS,,2026-09-25T14:07:41.653402,0.354
S047,R04,FEATURES,SUCCESS,,2026-09-25T14:07:42.829758,1.174
S047,R04,FUSION,SUCCESS,,2026-09-25T14:07:46.094883,0.06
S047,R04,NEUROAGENT,SUCCESS,,2026-09-25T14:07:46.134182,0.034
S047,R04,RECONSTRUCTION,SUCCESS,,2026-09-25T14:07:46.278892,0.137
S047,R04,QUALITY,SUCCESS,,2026-09-25T14:07:46.533783,0.251
S047,R04,TOTAL,SUCCESS,,2026-09-25T14:07:46.537779,35.037
S047,R05,LOAD,SUCCESS,,2026-09-25T14:07:46.753666,0.08
S047,R05,PREPROCESSING,SUCCESS,,2026-09-25T14:07:47.107069,0.348
S047,R05,ICA,SUCCESS,,2026-09-25T14:08:09.112690,22.003
S047,R05,ICLabel,SUCCESS,,2026-09-25T14:08:12.059782,2.945
S047,R05,PSD,SUCCESS,,2026-09-25T14:08:12.441245,0.304
S047,R05,ALICE,SUCCESS,,2026-09-25T14:08:12.727952,0.284
S047,R05,FEATURES,SUCCESS,,2026-09-25T14:08:13.660283,0.929
S047,R05,FUSION,SUCCESS,,2026-09-25T14:08:16.468082,0.105
S047,R05,NEUROAGENT,SUCCESS,,2026-09-25T14:08:16.525082,0.049
S047,R05,RECONSTRUCTION,SUCCESS,,2026-09-25T14:08:16.645382,0.112
S047,R05,QUALITY,SUCCESS,,2026-09-25T14:08:16.935968,0.286
S047,R05,TOTAL,SUCCESS,,2026-09-25T14:08:16.938970,30.267
S047,R06,LOAD,SUCCESS,,2026-09-25T14:08:17.160129,0.081
S047,R06,PREPROCESSING,SUCCESS,,2026-09-25T14:08:17.413598,0.248
S047,R06,ICA,SUCCESS,,2026-09-25T14:09:30.859567,73.443
S047,R06,ICLabel,SUCCESS,,2026-09-25T14:09:37.967723,7.102
S047,R06,PSD,SUCCESS,,2026-09-25T14:09:38.707901,0.628
S047,R06,ALICE,SUCCESS,,2026-09-25T14:09:39.542025,0.827
S047,R06,FEATURES,SUCCESS,,2026-09-25T14:09:42.029341,2.476
S047,R06,FUSION,SUCCESS,,2026-09-25T14:09:48.431681,0.106
S047,R06,NEUROAGENT,SUCCESS,,2026-09-25T14:09:48.494714,0.052
S047,R06,RECONSTRUCTION,SUCCESS,,2026-09-25T14:09:48.733565,0.229
S047,R06,QUALITY,SUCCESS,,2026-09-25T14:09:49.433533,0.687
S047,R06,TOTAL,SUCCESS,,2026-09-25T14:09:49.439088,92.36
S047,R07,LOAD,SUCCESS,,2026-09-25T14:09:49.811533,0.133
S047,R07,PREPROCESSING,SUCCESS,,2026-09-25T14:09:50.924173,1.098
S047,R07,ICA,SUCCESS,,2026-09-25T14:11:07.532200,76.593
S047,R07,ICLabel,SUCCESS,,2026-09-25T14:11:16.185086,8.647
S047,R07,PSD,SUCCESS,,2026-09-25T14:11:17.024187,0.691
S047,R07,ALICE,SUCCESS,,2026-09-25T14:11:18.010704,0.981
S047,R07,FEATURES,SUCCESS,,2026-09-25T14:11:26.547395,8.528
S047,R07,FUSION,SUCCESS,,2026-09-25T14:11:43.241319,0.275
S047,R07,NEUROAGENT,SUCCESS,,2026-09-25T14:11:43.476851,0.209
S047,R07,RECONSTRUCTION,SUCCESS,,2026-09-25T14:11:44.188169,0.682
S047,R07,QUALITY,SUCCESS,,2026-09-25T14:11:47.031993,2.82
S047,R07,TOTAL,SUCCESS,,2026-09-25T14:11:47.065077,117.386
S047,R08,LOAD,SUCCESS,,2026-09-25T14:11:48.042604,0.379
S047,R08,PREPROCESSING,SUCCESS,,2026-09-25T14:11:51.400595,3.327
S047,R08,ICA,SUCCESS,,2026-09-25T14:12:57.086012,65.654
S047,R08,ICLabel,SUCCESS,,2026-09-25T14:13:01.754611,4.663
S047,R08,PSD,SUCCESS,,2026-09-25T14:13:02.184945,0.377
S047,R08,ALICE,SUCCESS,,2026-09-25T14:13:02.719804,0.529
S047,R08,FEATURES,SUCCESS,,2026-09-25T14:13:05.056915,2.332
S047,R08,FUSION,SUCCESS,,2026-09-25T14:13:09.619153,0.066
S047,R08,NEUROAGENT,SUCCESS,,2026-09-25T14:13:09.656154,0.033
S047,R08,RECONSTRUCTION,SUCCESS,,2026-09-25T14:13:09.928475,0.255
S047,R08,QUALITY,SUCCESS,,2026-09-25T14:13:10.364712,0.426
S047,R08,TOTAL,SUCCESS,,2026-09-25T14:13:10.366723,82.705
S047,R09,LOAD,SUCCESS,,2026-09-25T14:13:10.902958,0.25
S047,R09,PREPROCESSING,SUCCESS,,2026-09-25T14:13:11.961640,1.039
S047,R09,ICA,SUCCESS,,2026-09-25T14:13:56.126506,44.154
S047,R09,ICLabel,SUCCESS,,2026-09-25T14:14:00.945678,4.814
S047,R09,PSD,SUCCESS,,2026-09-25T14:14:01.574423,0.479
S047,R09,ALICE,SUCCESS,,2026-09-25T14:14:02.467363,0.877
S047,R09,FEATURES,SUCCESS,,2026-09-25T14:14:04.618750,2.147
S047,R09,FUSION,SUCCESS,,2026-09-25T14:14:11.486420,0.129
S047,R09,NEUROAGENT,SUCCESS,,2026-09-25T14:14:11.601976,0.096
S047,R09,RECONSTRUCTION,SUCCESS,,2026-09-25T14:14:11.897478,0.286
S047,R09,QUALITY,SUCCESS,,2026-09-25T14:14:12.928153,1.024
S047,R09,TOTAL,SUCCESS,,2026-09-25T14:14:12.946409,62.294
S047,R10,LOAD,SUCCESS,,2026-09-25T14:14:13.804963,0.429
S047,R10,PREPROCESSING,SUCCESS,,2026-09-25T14:14:14.907032,1.09
S047,R10,ICA,SUCCESS,,2026-09-25T14:15:21.084049,66.17
S047,R10,ICLabel,SUCCESS,,2026-09-25T14:15:29.300263,8.211
S047,R10,PSD,SUCCESS,,2026-09-25T14:15:30.141307,0.708
S047,R10,ALICE,SUCCESS,,2026-09-25T14:15:31.219683,1.066
S047,R10,FEATURES,SUCCESS,,2026-09-25T14:15:34.310926,3.083
S047,R10,FUSION,SUCCESS,,2026-09-25T14:15:41.314987,0.139
S047,R10,NEUROAGENT,SUCCESS,,2026-09-25T14:15:41.388091,0.063
S047,R10,RECONSTRUCTION,SUCCESS,,2026-09-25T14:15:41.616932,0.224
S047,R10,QUALITY,SUCCESS,,2026-09-25T14:15:42.235651,0.608
S047,R10,TOTAL,SUCCESS,,2026-09-25T14:15:42.247083,88.871
S047,R11,LOAD,SUCCESS,,2026-09-25T14:15:42.656688,0.175
S047,R11,PREPROCESSING,SUCCESS,,2026-09-25T14:15:43.396560,0.729
S047,R11,ICA,SUCCESS,,2026-09-25T14:16:42.018354,58.617
S047,R11,ICLabel,SUCCESS,,2026-09-25T14:16:53.482621,11.459
S047,R11,PSD,SUCCESS,,2026-09-25T14:16:54.327092,0.684
S047,R11,ALICE,SUCCESS,,2026-09-25T14:16:55.108626,0.772
S047,R11,FEATURES,SUCCESS,,2026-09-25T14:16:58.345164,3.232
S047,R11,FUSION,SUCCESS,,2026-09-25T14:17:06.913487,0.157
S047,R11,NEUROAGENT,SUCCESS,,2026-09-25T14:17:06.981486,0.05
S047,R11,RECONSTRUCTION,SUCCESS,,2026-09-25T14:17:07.286087,0.295
S047,R11,QUALITY,SUCCESS,,2026-09-25T14:17:08.063623,0.765
S047,R11,TOTAL,SUCCESS,,2026-09-25T14:17:08.070235,85.588
S047,R12,LOAD,SUCCESS,,2026-09-25T14:17:08.542726,0.172
S047,R12,PREPROCESSING,SUCCESS,,2026-09-25T14:17:09.180982,0.619
S047,R12,ICA,SUCCESS,,2026-09-25T14:17:57.256484,48.071
S047,R12,ICLabel,SUCCESS,,2026-09-25T14:18:02.136177,4.876
S047,R12,PSD,SUCCESS,,2026-09-25T14:18:02.381580,0.217
S047,R12,ALICE,SUCCESS,,2026-09-25T14:18:02.829670,0.444
S047,R12,FEATURES,SUCCESS,,2026-09-25T14:18:04.963189,2.131
S047,R12,FUSION,SUCCESS,,2026-09-25T14:18:09.393946,0.074
S047,R12,NEUROAGENT,SUCCESS,,2026-09-25T14:18:09.446306,0.041
S047,R12,RECONSTRUCTION,SUCCESS,,2026-09-25T14:18:09.626834,0.166
S047,R12,QUALITY,SUCCESS,,2026-09-25T14:18:10.035719,0.403
S047,R12,TOTAL,SUCCESS,,2026-09-25T14:18:10.039682,61.669
S047,R13,LOAD,SUCCESS,,2026-09-25T14:18:10.463617,0.132
S047,R13,PREPROCESSING,SUCCESS,,2026-09-25T14:18:10.999420,0.517
S047,R13,ICA,SUCCESS,,2026-09-25T14:18:57.469702,46.463
S047,R13,ICLabel,SUCCESS,,2026-09-25T14:19:04.289134,6.814
S047,R13,PSD,SUCCESS,,2026-09-25T14:19:04.986174,0.561
S047,R13,ALICE,SUCCESS,,2026-09-25T14:19:05.464194,0.472
S047,R13,FEATURES,SUCCESS,,2026-09-25T14:19:07.733840,2.266
S047,R13,FUSION,SUCCESS,,2026-09-25T14:19:14.060074,0.135
S047,R13,NEUROAGENT,SUCCESS,,2026-09-25T14:19:14.135818,0.057
S047,R13,RECONSTRUCTION,SUCCESS,,2026-09-25T14:19:14.344208,0.205
S047,R13,QUALITY,SUCCESS,,2026-09-25T14:19:14.906382,0.558
S047,R13,TOTAL,SUCCESS,,2026-09-25T14:19:14.911273,64.58
S047,R14,LOAD,SUCCESS,,2026-09-25T14:19:15.355552,0.149
S047,R14,PREPROCESSING,SUCCESS,,2026-09-25T14:19:15.963978,0.602
S047,R14,ICA,SUCCESS,,2026-09-25T14:19:55.379346,39.411
S047,R14,ICLabel,SUCCESS,,2026-09-25T14:20:04.076608,8.691
S047,R14,PSD,SUCCESS,,2026-09-25T14:20:05.002038,0.791
S047,R14,ALICE,SUCCESS,,2026-09-25T14:20:05.815386,0.804
S047,R14,FEATURES,SUCCESS,,2026-09-25T14:20:08.495455,2.676
S047,R14,FUSION,SUCCESS,,2026-09-25T14:20:16.203299,0.194
S047,R14,NEUROAGENT,SUCCESS,,2026-09-25T14:20:16.275547,0.065
S047,R14,RECONSTRUCTION,SUCCESS,,2026-09-25T14:20:16.597137,0.315
S047,R14,QUALITY,SUCCESS,,2026-09-25T14:20:17.326569,0.717
S047,R14,TOTAL,SUCCESS,,2026-09-25T14:20:17.340742,62.134
S048,R01,LOAD,SUCCESS,,2026-09-25T14:20:17.794416,0.167
S048,R01,PREPROCESSING,SUCCESS,,2026-09-25T14:20:18.336675,0.528
S048,R01,ICA,SUCCESS,,2026-09-25T14:21:06.887335,48.544
S048,R01,ICLabel,SUCCESS,,2026-09-25T14:21:15.850810,8.957
S048,R01,PSD,SUCCESS,,2026-09-25T14:21:16.484852,0.544
S048,R01,ALICE,SUCCESS,,2026-09-25T14:21:17.370246,0.878
S048,R01,FEATURES,SUCCESS,,2026-09-25T14:21:19.681135,2.304
S048,R01,FUSION,SUCCESS,,2026-09-25T14:21:23.449651,0.144
S048,R01,NEUROAGENT,SUCCESS,,2026-09-25T14:21:23.516941,0.054
S048,R01,RECONSTRUCTION,SUCCESS,,2026-09-25T14:21:23.652828,0.129
S048,R01,QUALITY,SUCCESS,,2026-09-25T14:21:23.983958,0.322
S048,R01,TOTAL,SUCCESS,,2026-09-25T14:21:23.994565,66.366
S048,R02,LOAD,SUCCESS,,2026-09-25T14:21:24.435444,0.128
S048,R02,PREPROCESSING,SUCCESS,,2026-09-25T14:21:25.049656,0.597
S048,R02,ICA,SUCCESS,,2026-09-25T14:22:09.047989,43.99
S048,R02,ICLabel,SUCCESS,,2026-09-25T14:22:16.006477,6.954
S048,R02,PSD,SUCCESS,,2026-09-25T14:22:16.468286,0.379
S048,R02,ALICE,SUCCESS,,2026-09-25T14:22:17.198075,0.723
S048,R02,FEATURES,SUCCESS,,2026-09-25T14:22:18.950672,1.74
S048,R02,FUSION,SUCCESS,,2026-09-25T14:22:22.332426,0.103
S048,R02,NEUROAGENT,SUCCESS,,2026-09-25T14:22:22.423129,0.079
S048,R02,RECONSTRUCTION,SUCCESS,,2026-09-25T14:22:22.564215,0.137
S048,R02,QUALITY,SUCCESS,,2026-09-25T14:22:22.826207,0.248
S048,R02,TOTAL,SUCCESS,,2026-09-25T14:22:22.833766,58.527
S048,R03,LOAD,SUCCESS,,2026-09-25T14:22:23.360123,0.21
S048,R03,PREPROCESSING,SUCCESS,,2026-09-25T14:22:24.102439,0.727
S048,R03,ICA,SUCCESS,,2026-09-25T14:23:18.770084,54.663
S048,R03,ICLabel,SUCCESS,,2026-09-25T14:23:32.059747,13.283
S048,R03,PSD,SUCCESS,,2026-09-25T14:23:33.481634,1.25
S048,R03,ALICE,SUCCESS,,2026-09-25T14:23:34.562230,1.067
S048,R03,FEATURES,SUCCESS,,2026-09-25T14:23:38.542074,3.973
S048,R03,FUSION,SUCCESS,,2026-09-25T14:23:46.624706,0.158
S048,R03,NEUROAGENT,SUCCESS,,2026-09-25T14:23:46.696176,0.057
S048,R03,RECONSTRUCTION,SUCCESS,,2026-09-25T14:23:46.999901,0.296
S048,R03,QUALITY,SUCCESS,,2026-09-25T14:23:47.769081,0.758
S048,R03,TOTAL,SUCCESS,,2026-09-25T14:23:47.776586,84.626
S048,R04,LOAD,SUCCESS,,2026-09-25T14:23:48.282191,0.173
S048,R04,PREPROCESSING,SUCCESS,,2026-09-25T14:23:48.998181,0.698
S048,R04,ICA,SUCCESS,,2026-09-25T14:24:59.706105,70.704
S048,R04,ICLabel,SUCCESS,,2026-09-25T14:25:07.904525,8.192
S048,R04,PSD,SUCCESS,,2026-09-25T14:25:08.816479,0.809
S048,R04,ALICE,SUCCESS,,2026-09-25T14:25:09.802286,0.972
S048,R04,FEATURES,SUCCESS,,2026-09-25T14:25:13.595432,3.788
S048,R04,FUSION,SUCCESS,,2026-09-25T14:25:23.636308,0.209
S048,R04,NEUROAGENT,SUCCESS,,2026-09-25T14:25:23.786353,0.131
S048,R04,RECONSTRUCTION,SUCCESS,,2026-09-25T14:25:24.222213,0.415
S048,R04,QUALITY,SUCCESS,,2026-09-25T14:25:25.338419,1.099
S048,R04,TOTAL,SUCCESS,,2026-09-25T14:25:25.354020,97.245
S048,R05,LOAD,SUCCESS,,2026-09-25T14:25:26.125311,0.288
S048,R05,PREPROCESSING,SUCCESS,,2026-09-25T14:25:27.939485,1.779
S048,R05,ICA,SUCCESS,,2026-09-25T14:26:06.394026,38.439
S048,R05,ICLabel,SUCCESS,,2026-09-25T14:26:14.268978,7.871
S048,R05,PSD,SUCCESS,,2026-09-25T14:26:14.976923,0.608
S048,R05,ALICE,SUCCESS,,2026-09-25T14:26:15.712335,0.726
S048,R05,FEATURES,SUCCESS,,2026-09-25T14:26:17.898096,2.18
S048,R05,FUSION,SUCCESS,,2026-09-25T14:26:21.932086,0.05
S048,R05,NEUROAGENT,SUCCESS,,2026-09-25T14:26:21.970216,0.032
S048,R05,RECONSTRUCTION,SUCCESS,,2026-09-25T14:26:22.106550,0.131
S048,R05,QUALITY,SUCCESS,,2026-09-25T14:26:22.399934,0.29
S048,R05,TOTAL,SUCCESS,,2026-09-25T14:26:22.405932,56.572
S048,R06,LOAD,SUCCESS,,2026-09-25T14:26:22.698118,0.081
S048,R06,PREPROCESSING,SUCCESS,,2026-09-25T14:26:23.072065,0.366
S048,R06,ICA,SUCCESS,,2026-09-25T14:26:56.960034,33.885
S048,R06,ICLabel,SUCCESS,,2026-09-25T14:27:00.748313,3.784
S048,R06,PSD,SUCCESS,,2026-09-25T14:27:00.964959,0.192
S048,R06,ALICE,SUCCESS,,2026-09-25T14:27:01.302927,0.335
S048,R06,FEATURES,SUCCESS,,2026-09-25T14:27:03.130132,1.824
S048,R06,FUSION,SUCCESS,,2026-09-25T14:27:11.492641,0.363
S048,R06,NEUROAGENT,SUCCESS,,2026-09-25T14:27:11.822994,0.267
S048,R06,RECONSTRUCTION,SUCCESS,,2026-09-25T14:27:12.332584,0.489
S048,R06,QUALITY,SUCCESS,,2026-09-25T14:27:13.576617,1.228
S048,R06,TOTAL,SUCCESS,,2026-09-25T14:27:13.598621,50.98
S048,R07,LOAD,SUCCESS,,2026-09-25T14:27:14.307929,0.314
S048,R07,PREPROCESSING,SUCCESS,,2026-09-25T14:27:15.190433,0.867
S048,R07,ICA,SUCCESS,,2026-09-25T14:28:38.954630,83.756
S048,R07,ICLabel,SUCCESS,,2026-09-25T14:28:48.432890,9.475
S048,R07,PSD,SUCCESS,,2026-09-25T14:28:49.293534,0.748
S048,R07,ALICE,SUCCESS,,2026-09-25T14:28:50.029795,0.724
S048,R07,FEATURES,SUCCESS,,2026-09-25T14:28:52.411937,2.378
S048,R07,FUSION,SUCCESS,,2026-09-25T14:29:00.130268,0.175
S048,R07,NEUROAGENT,SUCCESS,,2026-09-25T14:29:00.173461,0.033
S048,R07,RECONSTRUCTION,SUCCESS,,2026-09-25T14:29:00.387371,0.208
S048,R07,QUALITY,SUCCESS,,2026-09-25T14:29:00.905089,0.513
S048,R07,TOTAL,SUCCESS,,2026-09-25T14:29:00.913810,106.922
S048,R08,LOAD,SUCCESS,,2026-09-25T14:29:01.485759,0.139
S048,R08,PREPROCESSING,SUCCESS,,2026-09-25T14:29:02.068334,0.568
S048,R08,ICA,SUCCESS,,2026-09-25T14:29:49.332637,47.252
S048,R08,ICLabel,SUCCESS,,2026-09-25T14:29:57.477471,8.134
S048,R08,PSD,SUCCESS,,2026-09-25T14:29:58.127852,0.548
S048,R08,ALICE,SUCCESS,,2026-09-25T14:29:58.695260,0.562
S048,R08,FEATURES,SUCCESS,,2026-09-25T14:30:01.772491,3.072
S048,R08,FUSION,SUCCESS,,2026-09-25T14:30:10.652150,0.068
S048,R08,NEUROAGENT,SUCCESS,,2026-09-25T14:30:10.766860,0.109
S048,R08,RECONSTRUCTION,SUCCESS,,2026-09-25T14:30:11.013053,0.234
S048,R08,QUALITY,SUCCESS,,2026-09-25T14:30:11.566425,0.549
S048,R08,TOTAL,SUCCESS,,2026-09-25T14:30:11.572467,70.227
S048,R09,LOAD,SUCCESS,,2026-09-25T14:30:11.927879,0.147
S048,R09,PREPROCESSING,SUCCESS,,2026-09-25T14:30:12.586406,0.646
S048,R09,ICA,SUCCESS,,2026-09-25T14:30:47.120450,34.53
S048,R09,ICLabel,SUCCESS,,2026-09-25T14:30:54.227381,7.102
S048,R09,PSD,SUCCESS,,2026-09-25T14:30:54.807001,0.45
S048,R09,ALICE,SUCCESS,,2026-09-25T14:30:55.548319,0.731
S048,R09,FEATURES,SUCCESS,,2026-09-25T14:30:58.644475,3.086
S048,R09,FUSION,SUCCESS,,2026-09-25T14:31:05.716696,0.163
S048,R09,NEUROAGENT,SUCCESS,,2026-09-25T14:31:05.781263,0.053
S048,R09,RECONSTRUCTION,SUCCESS,,2026-09-25T14:31:05.952962,0.167
S048,R09,QUALITY,SUCCESS,,2026-09-25T14:31:06.517617,0.561
S048,R09,TOTAL,SUCCESS,,2026-09-25T14:31:06.521492,54.741
S048,R10,LOAD,SUCCESS,,2026-09-25T14:31:06.919331,0.156
S048,R10,PREPROCESSING,SUCCESS,,2026-09-25T14:31:07.384375,0.453
S048,R10,ICA,SUCCESS,,2026-09-25T14:31:45.195167,37.806
S048,R10,ICLabel,SUCCESS,,2026-09-25T14:31:55.712873,10.508
S048,R10,PSD,SUCCESS,,2026-09-25T14:31:56.676537,0.778
S048,R10,ALICE,SUCCESS,,2026-09-25T14:31:57.441316,0.755
S048,R10,FEATURES,SUCCESS,,2026-09-25T14:32:00.907579,3.458
S048,R10,FUSION,SUCCESS,,2026-09-25T14:32:08.719684,0.18
S048,R10,NEUROAGENT,SUCCESS,,2026-09-25T14:32:08.762767,0.035
S048,R10,RECONSTRUCTION,SUCCESS,,2026-09-25T14:32:08.993483,0.225
S048,R10,QUALITY,SUCCESS,,2026-09-25T14:32:09.501888,0.501
S048,R10,TOTAL,SUCCESS,,2026-09-25T14:32:09.514478,62.752
S048,R11,LOAD,SUCCESS,,2026-09-25T14:32:09.960591,0.184
S048,R11,PREPROCESSING,SUCCESS,,2026-09-25T14:32:10.779181,0.803
S048,R11,ICA,SUCCESS,,2026-09-25T14:32:53.484675,42.689
S048,R11,ICLabel,SUCCESS,,2026-09-25T14:33:01.309899,7.818
S048,R11,PSD,SUCCESS,,2026-09-25T14:33:02.165551,0.708
S048,R11,ALICE,SUCCESS,,2026-09-25T14:33:03.034310,0.858
S048,R11,FEATURES,SUCCESS,,2026-09-25T14:33:05.182592,2.141
S048,R11,FUSION,SUCCESS,,2026-09-25T14:33:11.688785,0.146
S048,R11,NEUROAGENT,SUCCESS,,2026-09-25T14:33:11.768079,0.066
S048,R11,RECONSTRUCTION,SUCCESS,,2026-09-25T14:33:12.018083,0.234
S048,R11,QUALITY,SUCCESS,,2026-09-25T14:33:12.583409,0.558
S048,R11,TOTAL,SUCCESS,,2026-09-25T14:33:12.598549,62.822
S048,R12,LOAD,SUCCESS,,2026-09-25T14:33:12.990906,0.149
S048,R12,PREPROCESSING,SUCCESS,,2026-09-25T14:33:13.696297,0.69
S048,R12,ICA,SUCCESS,,2026-09-25T14:33:49.659415,35.959
S048,R12,ICLabel,SUCCESS,,2026-09-25T14:33:56.523257,6.859
S048,R12,PSD,SUCCESS,,2026-09-25T14:33:57.141061,0.522
S048,R12,ALICE,SUCCESS,,2026-09-25T14:33:57.771196,0.625
S048,R12,FEATURES,SUCCESS,,2026-09-25T14:34:00.908230,3.131
S048,R12,FUSION,SUCCESS,,2026-09-25T14:34:07.724206,0.112
S048,R12,NEUROAGENT,SUCCESS,,2026-09-25T14:34:07.790650,0.06
S048,R12,RECONSTRUCTION,SUCCESS,,2026-09-25T14:34:07.937231,0.141
S048,R12,QUALITY,SUCCESS,,2026-09-25T14:34:08.345438,0.403
S048,R12,TOTAL,SUCCESS,,2026-09-25T14:34:08.357297,55.515
S048,R13,LOAD,SUCCESS,,2026-09-25T14:34:08.746224,0.119
S048,R13,PREPROCESSING,SUCCESS,,2026-09-25T14:34:09.271975,0.514
S048,R13,ICA,SUCCESS,,2026-09-25T14:34:46.667654,37.381
S048,R13,ICLabel,SUCCESS,,2026-09-25T14:34:54.766308,8.095
S048,R13,PSD,SUCCESS,,2026-09-25T14:34:55.401047,0.531
S048,R13,ALICE,SUCCESS,,2026-09-25T14:34:56.267745,0.851
S048,R13,FEATURES,SUCCESS,,2026-09-25T14:34:58.504142,2.232
S048,R13,FUSION,SUCCESS,,2026-09-25T14:35:05.208185,0.136
S048,R13,NEUROAGENT,SUCCESS,,2026-09-25T14:35:05.295213,0.073
S048,R13,RECONSTRUCTION,SUCCESS,,2026-09-25T14:35:05.447629,0.148
S048,R13,QUALITY,SUCCESS,,2026-09-25T14:35:05.982836,0.531
S048,R13,TOTAL,SUCCESS,,2026-09-25T14:35:05.989488,57.362
S048,R14,LOAD,SUCCESS,,2026-09-25T14:35:06.437247,0.155
S048,R14,PREPROCESSING,SUCCESS,,2026-09-25T14:35:06.988830,0.531
S048,R14,ICA,SUCCESS,,2026-09-25T14:35:35.094445,28.102
S048,R14,ICLabel,SUCCESS,,2026-09-25T14:35:45.525519,10.426
S048,R14,PSD,SUCCESS,,2026-09-25T14:35:46.136448,0.506
S048,R14,ALICE,SUCCESS,,2026-09-25T14:35:46.830713,0.689
S048,R14,FEATURES,SUCCESS,,2026-09-25T14:35:50.283562,3.448
S048,R14,FUSION,SUCCESS,,2026-09-25T14:35:57.117262,0.135
S048,R14,NEUROAGENT,SUCCESS,,2026-09-25T14:35:57.156266,0.026
S048,R14,RECONSTRUCTION,SUCCESS,,2026-09-25T14:35:57.296697,0.136
S048,R14,QUALITY,SUCCESS,,2026-09-25T14:35:57.850141,0.542
S048,R14,TOTAL,SUCCESS,,2026-09-25T14:35:57.859884,51.579
S049,R01,LOAD,SUCCESS,,2026-09-25T14:35:58.394585,0.212
S049,R01,PREPROCESSING,SUCCESS,,2026-09-25T14:35:58.932829,0.523
S049,R01,ICA,SUCCESS,,2026-09-25T14:36:33.761501,34.818
S049,R01,ICLabel,SUCCESS,,2026-09-25T14:36:37.053500,3.288
S049,R01,PSD,SUCCESS,,2026-09-25T14:36:37.571450,0.453
S049,R01,ALICE,SUCCESS,,2026-09-25T14:36:38.088963,0.514
S049,R01,FEATURES,SUCCESS,,2026-09-25T14:36:38.931096,0.837
S049,R01,FUSION,SUCCESS,,2026-09-25T14:36:40.814707,0.099
S049,R01,NEUROAGENT,SUCCESS,,2026-09-25T14:36:40.868499,0.045
S049,R01,RECONSTRUCTION,SUCCESS,,2026-09-25T14:36:40.975877,0.098
S049,R01,QUALITY,SUCCESS,,2026-09-25T14:36:41.155268,0.172
S049,R01,TOTAL,SUCCESS,,2026-09-25T14:36:41.159270,42.978
S049,R02,LOAD,SUCCESS,,2026-09-25T14:36:41.395687,0.07
S049,R02,PREPROCESSING,SUCCESS,,2026-09-25T14:36:41.587161,0.186
S049,R02,ICA,SUCCESS,,2026-09-25T14:37:21.190102,39.599
S049,R02,ICLabel,SUCCESS,,2026-09-25T14:37:29.777658,8.584
S049,R02,PSD,SUCCESS,,2026-09-25T14:37:30.109977,0.266
S049,R02,ALICE,SUCCESS,,2026-09-25T14:37:30.869999,0.755
S049,R02,FEATURES,SUCCESS,,2026-09-25T14:37:32.089027,1.215
S049,R02,FUSION,SUCCESS,,2026-09-25T14:37:35.316975,0.11
S049,R02,NEUROAGENT,SUCCESS,,2026-09-25T14:37:35.389904,0.063
S049,R02,RECONSTRUCTION,SUCCESS,,2026-09-25T14:37:35.512475,0.116
S049,R02,QUALITY,SUCCESS,,2026-09-25T14:37:35.814057,0.289
S049,R02,TOTAL,SUCCESS,,2026-09-25T14:37:35.830930,54.505
S049,R03,LOAD,SUCCESS,,2026-09-25T14:37:36.294802,0.159
S049,R03,PREPROCESSING,SUCCESS,,2026-09-25T14:37:36.966564,0.658
S049,R03,ICA,SUCCESS,,2026-09-25T14:38:40.783004,63.811
S049,R03,ICLabel,SUCCESS,,2026-09-25T14:38:48.670509,7.882
S049,R03,PSD,SUCCESS,,2026-09-25T14:38:49.450183,0.656
S049,R03,ALICE,SUCCESS,,2026-09-25T14:38:50.264270,0.796
S049,R03,FEATURES,SUCCESS,,2026-09-25T14:38:53.098228,2.829
S049,R03,FUSION,SUCCESS,,2026-09-25T14:38:59.340358,0.115
S049,R03,NEUROAGENT,SUCCESS,,2026-09-25T14:38:59.441840,0.081
S049,R03,RECONSTRUCTION,SUCCESS,,2026-09-25T14:38:59.663875,0.219
S049,R03,QUALITY,SUCCESS,,2026-09-25T14:39:00.303047,0.63
S049,R03,TOTAL,SUCCESS,,2026-09-25T14:39:00.313080,84.176
S049,R04,LOAD,SUCCESS,,2026-09-25T14:39:00.671443,0.119
S049,R04,PREPROCESSING,SUCCESS,,2026-09-25T14:39:01.051133,0.373
S049,R04,ICA,SUCCESS,,2026-09-25T14:39:54.154914,53.1
S049,R04,ICLabel,SUCCESS,,2026-09-25T14:40:00.759956,6.598
S049,R04,PSD,SUCCESS,,2026-09-25T14:40:01.278867,0.415
S049,R04,ALICE,SUCCESS,,2026-09-25T14:40:02.063069,0.776
S049,R04,FEATURES,SUCCESS,,2026-09-25T14:40:04.418092,2.35
S049,R04,FUSION,SUCCESS,,2026-09-25T14:40:11.352969,0.121
S049,R04,NEUROAGENT,SUCCESS,,2026-09-25T14:40:11.406682,0.044
S049,R04,RECONSTRUCTION,SUCCESS,,2026-09-25T14:40:11.575083,0.152
S049,R04,QUALITY,SUCCESS,,2026-09-25T14:40:11.977162,0.394
S049,R04,TOTAL,SUCCESS,,2026-09-25T14:40:11.981465,71.43
S049,R05,LOAD,SUCCESS,,2026-09-25T14:40:12.433735,0.158
S049,R05,PREPROCESSING,SUCCESS,,2026-09-25T14:40:12.996904,0.543
S049,R05,ICA,SUCCESS,,2026-09-25T14:41:26.390394,73.389
S049,R05,ICLabel,SUCCESS,,2026-09-25T14:41:45.950508,19.545
S049,R05,PSD,SUCCESS,,2026-09-25T14:41:46.550289,0.475
S049,R05,ALICE,SUCCESS,,2026-09-25T14:41:47.268749,0.707
S049,R05,FEATURES,SUCCESS,,2026-09-25T14:41:50.485081,3.212
S049,R05,FUSION,SUCCESS,,2026-09-25T14:41:59.114709,0.157
S049,R05,NEUROAGENT,SUCCESS,,2026-09-25T14:41:59.260049,0.136
S049,R05,RECONSTRUCTION,SUCCESS,,2026-09-25T14:42:00.614909,1.271
S049,R05,QUALITY,SUCCESS,,2026-09-25T14:42:01.701875,1.067
S049,R05,TOTAL,SUCCESS,,2026-09-25T14:42:01.714194,109.439
S049,R06,LOAD,SUCCESS,,2026-09-25T14:42:02.254293,0.192
S049,R06,PREPROCESSING,SUCCESS,,2026-09-25T14:42:03.304908,1.034
S049,R06,ICA,SUCCESS,,2026-09-25T14:46:20.965683,257.655
S049,R06,ICLabel,SUCCESS,,2026-09-25T14:46:30.791149,9.819
S049,R06,PSD,SUCCESS,,2026-09-25T14:46:31.757597,0.821
S049,R06,ALICE,SUCCESS,,2026-09-25T14:46:32.685636,0.923
S049,R06,FEATURES,SUCCESS,,2026-09-25T14:46:36.357094,3.667
S049,R06,FUSION,SUCCESS,,2026-09-25T14:46:48.395739,0.187
S049,R06,NEUROAGENT,SUCCESS,,2026-09-25T14:46:48.476131,0.064
S049,R06,RECONSTRUCTION,SUCCESS,,2026-09-25T14:46:48.763201,0.273
S049,R06,QUALITY,SUCCESS,,2026-09-25T14:46:49.378888,0.605
S049,R06,TOTAL,SUCCESS,,2026-09-25T14:46:49.406303,287.342
S049,R07,LOAD,SUCCESS,,2026-09-25T14:46:49.915662,0.194
S049,R07,PREPROCESSING,SUCCESS,,2026-09-25T14:46:50.713241,0.781
S049,R07,ICA,SUCCESS,,2026-09-25T14:48:06.317259,75.599
S049,R07,ICLabel,SUCCESS,,2026-09-25T14:48:15.277297,8.954
S049,R07,PSD,SUCCESS,,2026-09-25T14:48:17.150610,1.583
S049,R07,ALICE,SUCCESS,,2026-09-25T14:48:18.547474,1.389
S049,R07,FEATURES,SUCCESS,,2026-09-25T14:48:24.687417,6.126
S049,R07,FUSION,SUCCESS,,2026-09-25T14:48:34.617397,0.196
S049,R07,NEUROAGENT,SUCCESS,,2026-09-25T14:48:34.675347,0.05
S049,R07,RECONSTRUCTION,SUCCESS,,2026-09-25T14:48:35.262287,0.577
S049,R07,QUALITY,SUCCESS,,2026-09-25T14:48:36.131381,0.856
S049,R07,TOTAL,SUCCESS,,2026-09-25T14:48:36.147511,106.426
S049,R08,LOAD,SUCCESS,,2026-09-25T14:48:36.658544,0.203
S049,R08,PREPROCESSING,SUCCESS,,2026-09-25T14:48:37.415734,0.742
S049,R08,ICA,SUCCESS,,2026-09-25T14:50:01.673277,84.252
S049,R08,ICLabel,SUCCESS,,2026-09-25T14:50:13.141903,11.463
S049,R08,PSD,SUCCESS,,2026-09-25T14:50:14.056068,0.753
S049,R08,ALICE,SUCCESS,,2026-09-25T14:50:15.029498,0.966
S049,R08,FEATURES,SUCCESS,,2026-09-25T14:50:24.146729,9.111
S049,R08,FUSION,SUCCESS,,2026-09-25T14:50:34.439712,0.211
S049,R08,NEUROAGENT,SUCCESS,,2026-09-25T14:50:34.520544,0.069
S049,R08,RECONSTRUCTION,SUCCESS,,2026-09-25T14:50:34.975791,0.44
S049,R08,QUALITY,SUCCESS,,2026-09-25T14:50:36.104867,1.117
S049,R08,TOTAL,SUCCESS,,2026-09-25T14:50:36.121419,119.665
S049,R09,LOAD,SUCCESS,,2026-09-25T14:50:37.138158,0.51
S049,R09,PREPROCESSING,SUCCESS,,2026-09-25T14:50:41.386837,4.186
S049,R09,ICA,SUCCESS,,2026-09-25T14:53:50.199295,188.788
S049,R09,ICLabel,SUCCESS,,2026-09-25T14:54:04.927402,14.679
S049,R09,PSD,SUCCESS,,2026-09-25T14:54:06.317311,1.151
S049,R09,ALICE,SUCCESS,,2026-09-25T14:54:08.182973,1.85
S049,R09,FEATURES,SUCCESS,,2026-09-25T14:54:14.128549,5.888
S049,R09,FUSION,SUCCESS,,2026-09-25T14:54:24.147489,0.142
S049,R09,NEUROAGENT,SUCCESS,,2026-09-25T14:54:24.233419,0.067
S049,R09,RECONSTRUCTION,SUCCESS,,2026-09-25T14:54:24.476904,0.237
S049,R09,QUALITY,SUCCESS,,2026-09-25T14:54:25.193844,0.709
S049,R09,TOTAL,SUCCESS,,2026-09-25T14:54:25.207491,228.584
S049,R10,LOAD,SUCCESS,,2026-09-25T14:54:25.724105,0.173
S049,R10,PREPROCESSING,SUCCESS,,2026-09-25T14:54:26.471573,0.737
S049,R10,ICA,SUCCESS,,2026-09-25T14:56:18.742622,112.265
S049,R10,ICLabel,SUCCESS,,2026-09-25T14:56:28.751719,10.003
S049,R10,PSD,SUCCESS,,2026-09-25T14:56:30.248132,1.301
S049,R10,ALICE,SUCCESS,,2026-09-25T14:56:31.210358,0.95
S049,R10,FEATURES,SUCCESS,,2026-09-25T14:56:34.499516,3.284
S049,R10,FUSION,SUCCESS,,2026-09-25T14:56:48.132705,0.203
S049,R10,NEUROAGENT,SUCCESS,,2026-09-25T14:56:48.204189,0.06
S049,R10,RECONSTRUCTION,SUCCESS,,2026-09-25T14:56:48.796604,0.583
S049,R10,QUALITY,SUCCESS,,2026-09-25T14:56:49.564901,0.758
S049,R10,TOTAL,SUCCESS,,2026-09-25T14:56:49.580095,144.028
S049,R11,LOAD,SUCCESS,,2026-09-25T14:56:50.066092,0.156
S049,R11,PREPROCESSING,SUCCESS,,2026-09-25T14:56:50.841615,0.769
S049,R11,ICA,SUCCESS,,2026-09-25T14:58:12.441560,81.591
S049,R11,ICLabel,SUCCESS,,2026-09-25T14:58:21.124180,8.679
S049,R11,PSD,SUCCESS,,2026-09-25T14:58:22.064861,0.778
S049,R11,ALICE,SUCCESS,,2026-09-25T14:58:22.925293,0.853
S049,R11,FEATURES,SUCCESS,,2026-09-25T14:58:26.263645,3.329
S049,R11,FUSION,SUCCESS,,2026-09-25T14:58:38.779918,0.257
S049,R11,NEUROAGENT,SUCCESS,,2026-09-25T14:58:38.991859,0.192
S049,R11,RECONSTRUCTION,SUCCESS,,2026-09-25T14:58:39.976967,0.961
S049,R11,QUALITY,SUCCESS,,2026-09-25T14:58:40.914937,0.922
S049,R11,TOTAL,SUCCESS,,2026-09-25T14:58:40.926740,111.016
S049,R12,LOAD,SUCCESS,,2026-09-25T14:58:41.475678,0.159
S049,R12,PREPROCESSING,SUCCESS,,2026-09-25T14:58:42.240310,0.755
S049,R12,ICA,SUCCESS,,2026-09-25T15:00:38.218234,115.973
S049,R12,ICLabel,SUCCESS,,2026-09-25T15:00:53.795899,15.561
S049,R12,PSD,SUCCESS,,2026-09-25T15:00:55.397223,1.368
S049,R12,ALICE,SUCCESS,,2026-09-25T15:00:57.133322,1.719
S049,R12,FEATURES,SUCCESS,,2026-09-25T15:01:03.467223,6.322
S049,R12,FUSION,SUCCESS,,2026-09-25T15:01:20.275834,0.165
S049,R12,NEUROAGENT,SUCCESS,,2026-09-25T15:01:20.363671,0.076
S049,R12,RECONSTRUCTION,SUCCESS,,2026-09-25T15:01:20.730177,0.358
S049,R12,QUALITY,SUCCESS,,2026-09-25T15:01:21.654916,0.914
S049,R12,TOTAL,SUCCESS,,2026-09-25T15:01:21.665283,160.348
S049,R13,LOAD,SUCCESS,,2026-09-25T15:01:22.168201,0.213
S049,R13,PREPROCESSING,SUCCESS,,2026-09-25T15:01:22.941422,0.754
S049,R13,ICA,SUCCESS,,2026-09-25T15:02:23.778781,60.833
S049,R13,ICLabel,SUCCESS,,2026-09-25T15:02:37.886589,14.099
S049,R13,PSD,SUCCESS,,2026-09-25T15:02:38.918413,0.897
S049,R13,ALICE,SUCCESS,,2026-09-25T15:02:40.187034,1.251
S049,R13,FEATURES,SUCCESS,,2026-09-25T15:02:45.708407,5.515
S049,R13,FUSION,SUCCESS,,2026-09-25T15:02:55.701143,0.192
S049,R13,NEUROAGENT,SUCCESS,,2026-09-25T15:02:55.792761,0.082
S049,R13,RECONSTRUCTION,SUCCESS,,2026-09-25T15:02:56.111159,0.31
S049,R13,QUALITY,SUCCESS,,2026-09-25T15:02:57.057154,0.934
S049,R13,TOTAL,SUCCESS,,2026-09-25T15:02:57.068551,95.117
S049,R14,LOAD,SUCCESS,,2026-09-25T15:02:57.698231,0.236
S049,R14,PREPROCESSING,SUCCESS,,2026-09-25T15:02:58.656077,0.947
S049,R14,ICA,SUCCESS,,2026-09-25T15:04:35.722278,97.054
S049,R14,ICLabel,SUCCESS,,2026-09-25T15:04:45.522731,9.796
S049,R14,PSD,SUCCESS,,2026-09-25T15:04:47.011077,1.19
S049,R14,ALICE,SUCCESS,,2026-09-25T15:04:48.196751,1.173
S049,R14,FEATURES,SUCCESS,,2026-09-25T15:04:51.903465,3.689
S049,R14,FUSION,SUCCESS,,2026-09-25T15:05:05.938602,0.414
S049,R14,NEUROAGENT,SUCCESS,,2026-09-25T15:05:06.142900,0.181
S049,R14,RECONSTRUCTION,SUCCESS,,2026-09-25T15:05:06.889412,0.712
S049,R14,QUALITY,SUCCESS,,2026-09-25T15:05:07.998112,1.074
S049,R14,TOTAL,SUCCESS,,2026-09-25T15:05:08.009161,130.55
S076,R01,LOAD,SUCCESS,,2026-09-27T11:20:18.888544,0.131
S076,R01,PREPROCESSING,SUCCESS,,2026-09-27T11:20:20.940202,1.967
S076,R01,ICA,SUCCESS,,2026-09-27T11:22:15.756612,114.801
S076,R01,ICLabel,SUCCESS,,2026-09-27T11:23:08.097187,52.326
S076,R01,PSD,SUCCESS,,2026-09-27T11:23:09.208517,1.003
S076,R01,ALICE,SUCCESS,,2026-09-27T11:23:10.525083,1.299
S076,R01,FEATURES,SUCCESS,,2026-09-27T11:23:16.463671,5.925
S076,R01,FUSION,SUCCESS,,2026-09-27T11:23:22.483076,0.098
S076,R01,NEUROAGENT,SUCCESS,,2026-09-27T11:23:22.544640,0.054
S076,R01,RECONSTRUCTION,SUCCESS,,2026-09-27T11:23:22.718872,0.167
S076,R01,QUALITY,SUCCESS,,2026-09-27T11:23:23.011291,0.286
S076,R01,TOTAL,SUCCESS,,2026-09-27T11:23:23.017324,184.259
S107,R04,LOAD,SUCCESS,,2026-09-28T14:50:44.957523,0.204
S107,R04,PREPROCESSING,SUCCESS,,2026-09-28T14:50:47.397018,2.353
S107,R04,ICA,SUCCESS,,2026-09-28T14:53:30.128369,162.714
S107,R04,ICLabel,SUCCESS,,2026-09-28T14:54:14.176743,43.991
S107,R04,PSD,SUCCESS,,2026-09-28T14:54:14.404686,0.193
S107,R04,ALICE,SUCCESS,,2026-09-28T14:54:14.582752,0.176
S107,R04,FEATURES,SUCCESS,,2026-09-28T14:54:15.278300,0.694
S107,R04,FUSION,SUCCESS,,2026-09-28T14:54:16.750523,0.037
S107,R04,NEUROAGENT,SUCCESS,,2026-09-28T14:54:16.772527,0.019
S107,R04,RECONSTRUCTION,SUCCESS,,2026-09-28T14:54:16.880525,0.107
S107,R04,QUALITY,SUCCESS,,2026-09-28T14:54:17.041583,0.157
S107,R04,TOTAL,SUCCESS,,2026-09-28T14:54:17.044591,212.293
S107,R14,LOAD,SUCCESS,,2026-09-28T18:57:59.898573,0.169
S107,R14,PREPROCESSING,SUCCESS,,2026-09-28T18:58:01.761733,1.782
S107,R14,ICA,SUCCESS,,2026-09-28T18:59:07.886122,66.107
S107,R14,ICLabel,SUCCESS,,2026-09-28T18:59:36.944043,29.051
S107,R14,PSD,SUCCESS,,2026-09-28T18:59:38.283076,1.208
S107,R14,ALICE,SUCCESS,,2026-09-28T18:59:39.449778,1.158
S107,R14,FEATURES,SUCCESS,,2026-09-28T18:59:44.862881,5.403
S107,R14,FUSION,SUCCESS,,2026-09-28T18:59:53.404213,0.189
S107,R14,NEUROAGENT,SUCCESS,,2026-09-28T18:59:53.491362,0.075
S107,R14,RECONSTRUCTION,SUCCESS,,2026-09-28T18:59:53.846012,0.344
S107,R14,QUALITY,SUCCESS,,2026-09-28T18:59:54.738363,0.883
S107,R14,TOTAL,SUCCESS,,2026-09-28T18:59:54.751394,115.022
